15683
I||
JJ|23|;1,5,4
JJ|232|1,4;2,5,3
LL|113|4;1,3,5,2
LL|142|1;4
OO|51|0;1,5
OO|204|1;0,5
JIJ|23,23|;;1,5,4
JIJ|232,232|1,4;;2,5,3
JJO|46,51|1;2,5;1,5
JJO|785,51|2;1,3,5,2;1,5
JJO|2188,204|1,3;4;0,5
JJS|232,57|1,4;2,5,3,2;4
JJS|785,57|2;1,2,5,2;4
JJS|2188,156|1,3;;1,5,4
JJZ|785,2973|2;1,3,5;1,2,4
JJZ|2188,2973|1,3;2,0;1,2,4
JLO|116,204|4;1,3,5;0,5
JLO|785,51|2;1,2,5,2;1,5
JLO|785,153|2;3,5,1,5;
JLO|2188,153|1,3;2;
JLO|2188,204|1,3;;0,5
JLS|785,57|2;1,2,5,3,5;4
JLT|2188,141|1,3;4;4
JLZ|23,201|;1,5,3;1,4
JOJ|46,3310|1;1,5;2,0,5
JOJ|2188,139|1,3;0,5;4
JOL|785,887|2;1,5,0;3,1,5
JSL|2188,142|1,3;4;4
JTL|2188,142|1,3;4;4
JTT|23,141|;1,5,3;4
JZJ|2188,3310|1,3;2;2,0,5
JZL|23,887|;;3,1,5
LIL|113,113|4;;1,3,5,2
LIL|142,142|1;;4
LJO|226,51|1,4;2,5;1,5
LJO|275,51|2;1,5;1,5
LJO|275,153|2;1,5,3;
LJO|3208,153|1,3;2,5,0,5;
LJO|3208,204|1,3;3,5,3;0,5
LJS|142,57|1;2;4
LJT|275,27|2;1,5,4;1,5,4
LJZ|3208,201|1,3;3,5,2,5;1,4
LLO|71,204|;1,3,5;0,5
LLO|275,51|2;4,5;1,5
LLO|3208,204|1,3;2,5,3;0,5
LLS|275,3483|2;1,5,3,1;3,4
LLS|3208,3483|1,3;2,5;3,4
LLZ|113,201|4;1,3,5,2,3;1,4
LLZ|275,147|2;1,5;4
LLZ|3208,201|1,3;2,5,2;1,4
LOJ|3208,3310|1,3;0,5,1;2,0,5
LOL|71,887|;0,5;3,1,5
LOL|275,29|2;1,5;4,5
LSJ|142,3310|1;1;2,0,5
LSL|275,887|2;2,5;3,1,5
LTJ|275,23|2;1,5,4;1,5,4
LTT|142,27|1;2;1,5,4
LZJ|275,23|2;1,5,4;1,5,4
OIO|51,51|0;;1,5
OIO|204,204|1;;0,5
OJJ|51,139|0;1,3,5;4
OJL|102,887|;2,5;3,1,5
OLJ|102,3310|;1,3,5;2,0,5
OLL|204,29|1;2,5;4,5
OTJ|51,139|0;3,1,5;4
OTL|204,29|1;2,0,5;4,5
STJ|198,23|1;2,0,5;1,5,4
TJT|2248,141|1,3;2,5,0,3;4
TLT|305,27|2;1,5,3,5,1,2;1,5,4
TOJ|2248,139|1,3;0,5;4
TOL|305,29|2;1,5;4,5
TSJ|305,23|2;2,5,2;1,5,4
TSJ|2248,232|1,3;4;2,5,3
TTJ|78,23|1;2,0,5;1,5,4
TTJ|305,23|2;1,5,3,1,5,2;1,5,4
TTJ|2248,232|1,3;4;2,5,3
TTL|39,142|;3,1,5;4
TTL|305,113|2;1,5,4;1,3,5,2
TTL|2248,142|1,3;2,0,5,3;4
TTO|305,153|2;1,5,3,1,5;
TTO|2248,153|1,3;2,0,5;
TZL|305,113|2;4;1,3,5,2
TZL|2248,142|1,3;3,5,3;4
ZTL|54,142|;3,1,5;4
IIII|4369,13107,30583|3;3,5;2,5;2,5
IIII|4369,13107,48059|3;3,5;3,5;2,5
IIII|4369,21845,30583|3;2,5;3,5;2,5
IIII|4369,21845,56797|3;2,5;2,5;3,5
IIII|4369,39321,48059|3;2,5,1;3,5;2,5
IIII|4369,39321,56797|3;2,5,1;2,5;3,5
IIII|8738,13107,30583|3,4;3,5;2,5;2,5
IIII|8738,13107,48059|3,4;3,5;3,5;2,5
IIII|8738,26214,30583|3,4;2,5;3,5;2,5
IIII|8738,43690,48059|3,4;2,5,1;3,5;2,5
IIII|8738,43690,61166|3,4;2,5,1;2,5;3,5
IIII|17476,21845,30583|2,0;2,5;3,5;2,5
IIII|17476,21845,56797|2,0;2,5;2,5;3,5
IIII|17476,26214,30583|2,0;3,5;3,5;2,5
IIII|17476,52428,56797|2,0;3,5,4;2,5;3,5
IIII|17476,52428,61166|2,0;3,5,4;3,5;3,5
IIII|34952,39321,48059|2;3,5,0;3,5;2,5
IIII|34952,39321,56797|2;3,5,0;2,5;3,5
IIII|34952,43690,48059|2;3,5;3,5;2,5
IIII|34952,43690,61166|2;3,5;2,5;3,5
IIII|34952,52428,56797|2;2,5;2,5;3,5
IIII|34952,52428,61166|2;2,5;3,5;3,5
IIJJ|4369,13107,955|3;3,5;1,3,5;1,2,5
IIJJ|4369,39321,2525|3;2,5,1;3,5;2,5
IIJJ|8738,13107,955|3,4;3,5;1,3,5;1,2,5
IIJJ|17476,52428,3310|2,0;3,5,4;3,5;2,0,5
IIJJ|34952,39321,2525|2;3,5,0;3,5;2,5
IIJJ|34952,52428,3310|2;2,5;3,5;2,0,5
IIJL|4369,13107,887|3;3,5;1,2,5;3,1,5
IIJL|4369,39321,2491|3;2,5,1;2,5;1,3,5
IIJL|8738,13107,887|3,4;3,5;1,2,5;3,1,5
IIJL|17476,52428,3293|2,0;3,5,4;2,5,0,5;3,5
IIJL|34952,39321,2491|2;3,5,0;2,5;1,3,5
IIJL|34952,52428,3293|2;2,5;2,5,0,5;3,5
IILJ|4369,13107,955|3;3,5;3,5,1,5;1,2,5
IILJ|4369,39321,2525|3;2,5,1;1,3,5;2,5
IILJ|8738,13107,955|3,4;3,5;3,5,1,5;1,2,5
IILJ|17476,52428,3310|2,0;3,5,4;3,5;2,0,5
IILJ|34952,39321,2525|2;3,5,0;1,3,5;2,5
IILJ|34952,52428,3310|2;2,5;3,5;2,0,5
IILL|4369,13107,887|3;3,5;1,2,5;3,1,5
IILL|4369,39321,2491|3;2,5,1;2,5;1,3,5
IILL|8738,13107,887|3,4;3,5;1,2,5;3,1,5
IILL|17476,52428,3293|2,0;3,5,4;2,5;3,5
IILL|34952,39321,2491|2;3,5,0;2,5;1,3,5
IILL|34952,52428,3293|2;2,5;2,5;3,5
IIOO|4369,13107,51|3;3,5;1,5;1,5
IIOO|4369,39321,153|3;2,5,1;;
IIOO|8738,13107,51|3,4;3,5;1,5;1,5
IIOO|17476,52428,204|2,0;3,5,4;0,5;0,5
IIOO|34952,39321,153|2;3,5,0;;
IIOO|34952,52428,204|2;2,5;0,5;0,5
IITJ|4369,13107,955|3;3,5;3,1,5;1,2,5
IITJ|4369,39321,2525|3;2,5,1;1,3,5;2,5
IITJ|8738,13107,955|3,4;3,5;3,1,5;1,2,5
IITJ|17476,52428,3310|2,0;3,5,4;3,5;2,0,5
IITJ|34952,39321,2525|2;3,5,0;1,3,5;2,5
IITJ|34952,52428,3310|2;2,5;3,5;2,0,5
IITL|4369,13107,887|3;3,5;1,2,5;3,1,5
IITL|4369,39321,2491|3;2,5,1;2,5;1,3,5
IITL|8738,13107,887|3,4;3,5;1,2,5;3,1,5
IITL|17476,52428,3293|2,0;3,5,4;2,0,5;3,5
IITL|34952,39321,2491|2;3,5,0;2,5;1,3,5
IITL|34952,52428,3293|2;2,5;2,0,5;3,5
IJIJ|4369,5463,2525|3;3,5;2,5;2,5
IJIJ|4369,6557,955|3;1,5,3;3,5;1,2,5
IJIJ|8738,10926,955|3,4;1,3,5;3,5;1,2,5
IJIJ|17476,18023,3310|2,0;3,5;3,5,3,3,5;2,0,5
IJIJ|34952,35499,3310|2;2,4;2,5;2,0,5
IJIJ|34952,36046,2525|2;3;2,5;2,5
IJIL|4369,5939,2491|3;2,5;2,5;1,3,5
IJIL|4369,7509,887|3;2,5,1;3,5;3,1,5
IJIL|8738,11878,887|3,4;1,2,5;3,5;3,1,5
IJIL|17476,18261,3293|2,0;2,5,0,5;2,5;3,5
IJIL|34952,35737,3293|2;2;2,5;3,5
IJIL|34952,36522,2491|2;2,1;3,5;1,3,5
IJJI|4369,5463,30583|3;3,5;2,5;2,5
IJJI|4369,6557,56797|3;1,5,3;1,5,2,5;3,5
IJJI|8738,10926,61166|3,4;1,3,5;1,2,5;3,5
IJJI|17476,18023,30583|2,0;3,5;2,0,5;2,5
IJJI|34952,35499,48059|2;2,4;2,5;2,5
IJJI|34952,36046,61166|2;3;2,5;3,5
IJJO|4369,275,51|3;1,5;1,5;1,5
IJJO|4369,275,153|3;1,5;1,5,3;
IJJO|4369,281,153|3;1,5,4;1,5,4;
IJJO|4369,5939,51|3;2,5;1,5,4;1,5
IJJO|34952,2185,153|2;;;
IJJO|34952,2185,204|2;;3;0,5
IJJO|34952,2188,204|2;4;4;0,5
IJJO|34952,35737,153|2;2;4;
IJJS|4369,281,57|3;1,5,4;1,5;4
IJJS|34952,2188,156|2;4;;1,5,4
IJJT|4369,275,27|3;1,5;1,5,4;1,5,4
IJJT|4369,6557,27|3;1,5,3;2,5;1,5,4
IJJT|34952,2185,141|2;;4;4
IJJT|34952,35737,141|2;2;3,4,5,4,5;4
IJJT|34952,36046,141|2;3;2,5,0,5;4
IJJZ|34952,2188,2973|2;4;2,0;1,2,4
IJLO|4369,275,51|3;1,5;4,5;1,5
IJLO|4369,281,51|3;1,5,4;2,5;1,5
IJLO|4369,281,153|3;1,5,4;1,5;
IJLO|34952,2185,153|2;;4;
IJLO|34952,2188,153|2;4;2;
IJLO|34952,2188,204|2;4;;0,5
IJLS|4369,275,3483|3;1,5;1,5,3,1;3,4
IJLT|4369,281,27|3;1,5,4;4,5;1,5,4
IJLT|34952,2188,141|2;4;4;4
IJLZ|4369,275,147|3;1,5;1,5;4
IJLZ|4369,6557,2973|3;1,5,3;4,5;1,2,4
IJLZ|34952,2185,201|2;;;1,4
IJLZ|34952,36046,3534|2;3;4;2,4
IJOJ|4369,281,23|3;1,5,4;;1,5,4
IJOJ|34952,2188,139|2;4;0,5;4
IJOL|4369,275,29|3;1,5;1,5;4,5
IJOL|4369,6557,29|3;1,5,3;;4,5
IJOL|34952,2185,142|2;;;4
IJOL|34952,36046,142|2;3;0,5;4
IJSL|4369,275,887|3;1,5;2,5;3,1,5
IJSL|4369,281,29|3;1,5,4;1,5,4;4,5
IJSL|34952,2185,2491|2;;3;1,3,5
IJSL|34952,2188,142|2;4;4;4
IJTJ|4369,275,23|3;1,5;1,5,4;1,5,4
IJTJ|34952,2185,139|2;;4;4
IJTL|4369,281,29|3;1,5,4;1,5,4;4,5
IJTL|34952,2188,142|2;4;4;4
IJTT|4369,6557,27|3;1,5,3;2,5;1,5,4
IJTT|34952,36046,141|2;3;2,0,5;4
IJZJ|4369,275,23|3;1,5;1,5,4;1,5,4
IJZJ|4369,281,2525|3;1,5,4;3,5,1;2,5
IJZJ|34952,2185,139|2;;4;4
IJZJ|34952,2188,3310|2;4;2;2,0,5
IJZL|4369,6557,29|3;1,5,3;2,5;4,5
IJZL|34952,36046,142|2;3;3,5;4
ILIJ|4369,5973,2525|3;4,5,2;2,5;2,5
ILIJ|4369,7577,955|3;1,5,3;3,5;1,2,5
ILIJ|8738,11946,955|3,4;3,5,1,5;3,5;1,2,5
ILIJ|17476,18278,3310|2,0;3,5;2,5;2,0,5
ILIJ|34952,35754,3310|2;2,4;2,5;2,0,5
ILIJ|34952,36556,2525|2;3;3,5;2,5
ILIL|4369,4919,2491|3;2,5;3,5;1,3,5
ILIL|4369,5469,887|3;2,5,1;3,5;3,1,5
ILIL|8738,9838,887|3,4;1,2,5;3,5;3,1,5
ILIL|17476,17751,3293|2,0;2,5;2,5;3,5
ILIL|34952,35227,3293|2;2;2,5;3,5
ILIL|34952,35502,2491|2;2,1;3,5;1,3,5
ILJO|4369,275,51|3;4,5;1,5;1,5
ILJO|4369,275,153|3;4,5;1,5,3;
ILJO|4369,281,153|3;1,5;1,5,4;
ILJO|34952,2185,153|2;4;;
ILJO|34952,2185,204|2;4;3;0,5
ILJO|34952,2188,204|2;;4;0,5
ILJS|4369,281,57|3;1,5;1,5;4
ILJS|4369,4919,2871|3;2,5;1,5,4;3,4
ILJS|34952,2188,156|2;;;1,5,4
ILJS|34952,35227,3483|2;2;4;3,4
ILJT|4369,275,27|3;4,5;1,5,4;1,5,4
ILJT|34952,2185,141|2;4;4;4
ILJZ|34952,2188,2973|2;;2,0;1,2,4
ILLI|4369,4919,30583|3;2,5;1,5,3,5;2,5
ILLI|4369,5469,56797|3;2,5,1;1,5,3,5;3,5
ILLI|8738,9838,61166|3,4;1,2,5;3,1,5;3,5
ILLI|17476,17751,30583|2,0;2,5;3,5;2,5
ILLI|34952,35227,48059|2;2;3,5;2,5
ILLI|34952,35502,61166|2;2,1;3,5;3,5
ILLO|4369,275,51|3;4,5;4,5;1,5
ILLO|4369,281,51|3;1,5;2,5;1,5
ILLO|4369,281,153|3;1,5;1,5;
ILLO|4369,7577,153|3;1,5,3;4,5;
ILLO|34952,2185,153|2;4;4;
ILLO|34952,2188,153|2;;2;
ILLO|34952,2188,204|2;;;0,5
ILLO|34952,36556,204|2;3;4;0,5
ILLS|4369,275,3483|3;4,5;1,5,3,1;3,4
ILLT|4369,281,27|3;1,5;4,5;1,5,4
ILLT|4369,4919,27|3;2,5;1,5,3,5,1,5;1,5,4
ILLT|4369,7577,27|3;1,5,3;3,5,4,5;1,5,4
ILLT|34952,2188,141|2;;4;4
ILLT|34952,35227,141|2;2;3,5,1,5;4
ILLZ|4369,275,147|3;4,5;1,5;4
ILLZ|34952,2185,201|2;4;;1,4
ILOJ|4369,281,23|3;1,5;;1,5,4
ILOJ|4369,4919,23|3;2,5;1,5;1,5,4
ILOJ|34952,2188,139|2;;0,5;4
ILOJ|34952,35227,139|2;2;;4
ILOL|4369,275,29|3;4,5;1,5;4,5
ILOL|34952,2185,142|2;4;;4
ILSJ|4369,4919,23|3;2,5;1,5,2,5;1,5,4
ILSJ|34952,35227,139|2;2;2,5;4
ILSL|4369,275,887|3;4,5;2,5;3,1,5
ILSL|4369,281,29|3;1,5;1,5,4;4,5
ILSL|34952,2185,2491|2;4;3;1,3,5
ILSL|34952,2188,142|2;;4;4
ILTJ|4369,275,23|3;4,5;1,5,4;1,5,4
ILTJ|34952,2185,139|2;4;4;4
ILTL|4369,281,29|3;1,5;1,5,4;4,5
ILTL|34952,2188,142|2;;4;4
ILTT|4369,4919,27|3;2,5;1,5,3,1,5;1,5,4
ILTT|34952,35227,141|2;2;3,1,5;4
ILZJ|4369,275,23|3;4,5;1,5,4;1,5,4
ILZJ|4369,281,2525|3;1,5;3,5,1;2,5
ILZJ|34952,2185,139|2;4;4;4
ILZJ|34952,2188,3310|2;;2;2,0,5
IOIO|4369,4471,153|3;;2,1,5;
IOIO|4369,4573,51|3;1;3,5;1,5
IOIO|8738,8942,51|3,4;1,5;3,5;1,5
IOIO|17476,17527,204|2,0;0,5;3,4,1,5;0,5
IOIO|34952,35003,204|2;0;2,5;0,5
IOIO|34952,35054,153|2;;3,0,5;
IOJJ|4369,4471,23|3;;1,5,4;1,5,4
IOJJ|4369,4573,23|3;1;2,5;1,5,4
IOJJ|4369,4573,2525|3;1;1,5,4;2,5
IOJJ|34952,35003,139|2;0;4;4
IOJJ|34952,35054,139|2;;2,5;4
IOJJ|34952,35054,3310|2;;4;2,0,5
IOJL|4369,4471,887|3;;1,5;3,1,5
IOJL|34952,35003,2491|2;0;;1,3,5
IOLJ|4369,4573,2525|3;1;1,5;2,5
IOLJ|34952,35054,3310|2;;;2,0,5
IOLL|4369,4471,29|3;;1,5,3,5;4,5
IOLL|4369,4471,887|3;;4,5;3,1,5
IOLL|4369,4573,29|3;1;4,5;4,5
IOLL|34952,35003,142|2;0;3,5;4
IOLL|34952,35003,2491|2;0;4;1,3,5
IOLL|34952,35054,142|2;;4;4
IOOI|4369,4471,30583|3;;;2,5
IOOI|4369,4573,56797|3;1;1;3,5
IOOI|8738,8942,61166|3,4;1,5;1,5;3,5
IOOI|17476,17527,30583|2,0;0,5;0,5;2,5
IOOI|34952,35003,48059|2;0;0;2,5
IOOI|34952,35054,61166|2;;;3,5
ISJL|4369,5593,3545|3;1,5,3;1,5,4;3,5,4
ISLJ|4369,4567,23|3;4,5;4,5;1,5,4
ISLJ|4369,5593,23|3;1,5,3;3,5,4;1,5,4
ISLJ|34952,35051,139|2;;4;4
ISLL|4369,4981,29|3;2,5;1,5,3,1,5;4,5
ISLL|34952,35258,142|2;2;3,1,5;4
ISTL|4369,4567,887|3;4,5;1,5,2;3,1,5
ISTL|34952,35051,2491|2;;2;1,3,5
ITIJ|4369,5493,2525|3;2,5,4;2,5;2,5
ITIJ|4369,6617,955|3;1,5,3;3,5;1,2,5
ITIJ|8738,10986,955|3,4;3,1,5;3,5;1,2,5
ITIJ|17476,18038,3310|2,0;3,5;3,3,5,3,5;2,0,5
ITIJ|34952,35514,3310|2;2,4;2,5;2,0,5
ITIJ|34952,36076,2525|2;3;2,5;2,5
ITIL|4369,4979,2491|3;2,5;3,5;1,3,5
ITIL|4369,5589,887|3;2,5,1;3,5;3,1,5
ITIL|8738,9958,887|3,4;1,2,5;3,5;3,1,5
ITIL|17476,17781,3293|2,0;2,0,5;2,5;3,5
ITIL|34952,35257,3293|2;2;2,5;3,5
ITIL|34952,35562,2491|2;2,1;3,5;1,3,5
ITJL|4369,277,29|3;1,5;1,5,4;4,5
ITJL|34952,2186,142|2;;4;4
ITJT|4369,6617,27|3;1,5,3;2,5;1,5,4
ITJT|34952,36076,141|2;3;2,0,5;4
ITLJ|4369,277,23|3;1,5;4,5;1,5,4
ITLJ|34952,2186,139|2;;4;4
ITLT|4369,4979,27|3;2,5;1,5,3,1,5;1,5,4
ITLT|34952,35257,141|2;2;3,1,5;4
ITSL|4369,6617,3545|3;1,5,3;1,5,4;3,5,4
ITTJ|4369,277,2525|3;1,5;1,5,3;2,5
ITTJ|34952,2186,3310|2;;3;2,0,5
ITTJ|34952,35257,3001|2;2;4;1,2,5,4
ITTL|4369,277,887|3;1,5;1,5,2;3,1,5
ITTL|4369,6617,3545|3;1,5,3;1,5,4;3,5,4
ITTL|34952,2186,2491|2;;2;1,3,5
ITTS|4369,6617,57|3;1,5,3;2,5;4
ITTS|34952,36076,156|2;3;2,0,5;1,5,4
ITTZ|4369,4979,147|3;2,5;1,5,3,1,5;4
ITTZ|34952,35257,201|2;2;3,1,5;1,4
ITZJ|34952,35257,3001|2;2;4;1,2,5,4
IZJJ|4369,6613,23|3;1,5,3;2,5;1,5,4
IZJJ|34952,36074,139|2;3;2,0,5;4
IZJL|4369,4477,29|3;4,5;1,5,4;4,5
IZJL|34952,35006,142|2;;4;4
IZJL|34952,35513,142|2;2;3,4,5,4;4
IZLJ|34952,35513,3001|2;2;4;1,2,5,4
IZTJ|4369,4477,2525|3;4,5;1,5,3;2,5
IZTJ|34952,35006,3310|2;;3;2,0,5
JIIJ|23,23,23|;;;1,5,4
JIIJ|232,232,232|1,4;;;2,5,3
JIIJ|547,18023,3310|2,4;2,5;3,5,3,3,5;2,0,5
JIIJ|547,35499,3310|2,4;2,5,1;2,5;2,0,5
JIIJ|1094,5463,2525|3;2,5;2,5;2,5
JIIJ|1094,36046,2525|3;3,4,1,5;2,5;2,5
JIIJ|2188,6557,955|1,3;3,5,0;3,5;1,2,5
JIIJ|2188,10926,955|1,3;3,5;3,5;1,2,5
JIIL|785,18261,3293|2;2,5;2,5;3,5
JIIL|785,35737,3293|2;3,5;2,5;3,5
JIIL|1570,5939,2491|1,2;3,5;2,5;1,3,5
JIIL|1570,36522,2491|1,2;3,5,3,2,5;3,5;1,3,5
JIIL|3140,7509,887|3,4;2,5;3,5;3,1,5
JIIL|3140,11878,887|3,4;3,5;3,5;3,1,5
JIJI|547,18023,30583|2,4;2,5;2,0,5;2,5
JIJI|547,35499,48059|2,4;2,5,1;2,5;2,5
JIJI|1094,5463,30583|3;2,5;2,5;2,5
JIJI|1094,36046,61166|3;3,4,1,5;2,5;3,5
JIJI|2188,6557,56797|1,3;3,5,0;1,5,2,5;3,5
JIJI|2188,10926,61166|1,3;3,5;1,2,5;3,5
JIJO|23,2185,153|;3;;
JIJO|23,2185,204|;3;3;0,5
JIJO|46,46,51|1;;2,5;1,5
JIJO|46,275,51|1;3;1,5;1,5
JIJO|46,275,153|1;3;1,5,3;
JIJO|116,2188,204|4;3;4;0,5
JIJO|232,281,153|1,4;3;1,5,4;
JIJO|785,785,51|2;;1,3,5,2;1,5
JIJO|785,35737,153|2;3,5;4;
JIJO|1570,5939,51|1,2;3,5;1,5,4;1,5
JIJO|2188,2188,204|1,3;;4;0,5
JIJS|116,2188,156|4;3;;1,5,4
JIJS|232,232,57|1,4;;2,5,3,2;4
JIJS|232,281,57|1,4;3;1,5;4
JIJS|785,785,57|2;;1,2,5,2;4
JIJS|2188,2188,156|1,3;;;1,5,4
JIJT|23,2185,141|;3;4;4
JIJT|46,275,27|1;3;1,5,4;1,5,4
JIJT|785,35737,141|2;3,5;3,4,5,4,5;4
JIJT|1094,36046,141|3;3,4,1,5;2,5,0,5;4
JIJT|2188,6557,27|1,3;3,5,0;2,5;1,5,4
JIJZ|116,2188,2973|4;3;2,0;1,2,4
JIJZ|785,785,2973|2;;1,3,5;1,2,4
JIJZ|2188,2188,2973|1,3;;2,0;1,2,4
JILO|23,2185,153|;3;4;
JILO|46,275,51|1;3;4,5;1,5
JILO|116,116,204|4;;1,3,5;0,5
JILO|116,2188,153|4;3;2;
JILO|116,2188,204|4;3;;0,5
JILO|232,281,51|1,4;3;2,5;1,5
JILO|232,281,153|1,4;3;1,5;
JILO|785,785,51|2;;1,2,5,2;1,5
JILO|785,785,153|2;;3,5,1,5;
JILO|2188,2188,153|1,3;;2;
JILO|2188,2188,204|1,3;;;0,5
JILS|46,275,3483|1;3;1,5,3,1;3,4
JILS|785,785,57|2;;1,2,5,3,5;4
JILT|116,2188,141|4;3;4;4
JILT|232,281,27|1,4;3;4,5;1,5,4
JILT|2188,2188,141|1,3;;4;4
JILZ|23,23,201|;;1,5,3;1,4
JILZ|23,2185,201|;3;;1,4
JILZ|46,275,147|1;3;1,5;4
JILZ|1094,36046,3534|3;3,4,1,5;4;2,4
JILZ|2188,6557,2973|1,3;3,5,0;4,5;1,2,4
JIOJ|46,46,3310|1;;1,5;2,0,5
JIOJ|116,2188,139|4;3;0,5;4
JIOJ|232,281,23|1,4;3;;1,5,4
JIOJ|2188,2188,139|1,3;;0,5;4
JIOL|23,2185,142|;3;;4
JIOL|46,275,29|1;3;1,5;4,5
JIOL|785,785,887|2;;1,5,0;3,1,5
JIOL|1094,36046,142|3;3,4,1,5;0,5;4
JIOL|2188,6557,29|1,3;3,5,0;;4,5
JISL|23,2185,2491|;3;3;1,3,5
JISL|46,275,887|1;3;2,5;3,1,5
JISL|116,2188,142|4;3;4;4
JISL|232,281,29|1,4;3;1,5,4;4,5
JISL|2188,2188,142|1,3;;4;4
JITJ|23,2185,139|;3;4;4
JITJ|46,275,23|1;3;1,5,4;1,5,4
JITL|116,2188,142|4;3;4;4
JITL|232,281,29|1,4;3;1,5,4;4,5
JITL|2188,2188,142|1,3;;4;4
JITT|23,23,141|;;1,5,3;4
JITT|1094,36046,141|3;3,4,1,5;2,0,5;4
JITT|2188,6557,27|1,3;3,5,0;2,5;1,5,4
JIZJ|23,2185,139|;3;4;4
JIZJ|46,275,23|1;3;1,5,4;1,5,4
JIZJ|116,2188,3310|4;3;2;2,0,5
JIZJ|232,281,2525|1,4;3;3,5,1;2,5
JIZJ|2188,2188,3310|1,3;;2;2,0,5
JIZL|23,23,887|;;;3,1,5
JIZL|1094,36046,142|3;3,4,1,5;3,5;4
JIZL|2188,6557,29|1,3;3,5,0;2,5;4,5
JJII|547,13107,30583|2,4;2,5;2,5;2,5
JJII|547,13107,48059|2,4;2,5;3,5;2,5
JJII|1094,26214,30583|3;2,5;3,5;2,5
JJIO|23,5911,153|;;2,5;
JJIO|23,17527,204|;3;3,4,1,5;0,5
JJIO|46,51,51|1;2,5;;1,5
JJIO|46,11822,51|1;1;3,5;1,5
JJIO|46,35054,153|1;1,3;3,0,5;
JJIO|116,29812,204|4;2,2;2,5;0,5
JJIO|232,59624,153|1,4;1,4;3,5;
JJIO|785,51,51|2;1,3,5,2;;1,5
JJIO|785,30481,153|2;4;2,5;
JJIO|1570,60962,51|1,2;4;3,5;1,5
JJIO|2188,204,204|1,3;4;;0,5
JJIS|116,6004,156|4;;2,5;1,5,4
JJIS|232,57,57|1,4;2,5,3,2;;4
JJIS|232,12008,57|1,4;1;3,5;4
JJIS|785,57,57|2;1,2,5,2;;4
JJIS|2188,156,156|1,3;;;1,5,4
JJIT|23,1879,141|;4;2,5;4
JJIT|46,3758,27|1;1,4;3,5;1,5,4
JJIT|785,1879,141|2;1,2,5,4;2,5;4
JJIT|1094,1879,141|3;2,5,0,5;2,5;4
JJIT|2188,3758,27|1,3;2;3,5;1,5,4
JJIZ|785,2973,2973|2;1,3,5;;1,2,4
JJIZ|2188,2973,2973|1,3;2,0;;1,2,4
JJJJ|23,5911,23|;;1,5,4;1,5,4
JJJJ|46,51,139|1;2,5;1,3,5;4
JJJJ|46,35054,139|1;1,3;2,5;4
JJJJ|46,35054,3310|1;1,3;4;2,0,5
JJJJ|232,6120,232|1,4;;1,5,4;2,5,3
JJJJ|232,59624,232|1,4;1,4;2,5,3;2,5,3
JJJJ|547,170,955|2,4;1,3,5;2,5;1,2,5
JJJJ|547,170,3310|2,4;1,3,5;1,2,5;2,0,5
JJJJ|547,13107,955|2,4;2,5;1,3,5;1,2,5
JJJJ|785,51,139|2;1,3,5,2;1,3,5;4
JJJJ|2188,170,955|1,3;3;2,5;1,2,5
JJJJ|2188,170,3310|1,3;3;1,2,5;2,0,5
JJJL|547,3687,887|2,4;1,2,5;2,5;3,1,5
JJJL|547,13107,887|2,4;2,5;1,2,5;3,1,5
JJJL|785,2973,3293|2;1,3,5;1,2,5;3,5
JJJL|2188,2973,3293|1,3;2,0;1,2,5;3,5
JJJL|3140,3687,887|3,4;3,5;2,5;3,1,5
JJLJ|23,5911,23|;;1,5,3,5,2;1,5,4
JJLJ|46,1902,3310|1;4;1,3,5;2,0,5
JJLJ|46,35054,3310|1;1,3;;2,0,5
JJLJ|547,13107,955|2,4;2,5;3,5,1,5;1,2,5
JJLL|46,35054,142|1;1,3;4;4
JJLL|547,13107,887|2,4;2,5;1,2,5;3,1,5
JJLL|785,85,887|2;1,2,5;3,5;3,1,5
JJLL|785,85,3293|2;1,2,5;1,3,5;3,5
JJLL|2188,204,29|1,3;4;2,5;4,5
JJLL|3140,85,887|3,4;2,5,0,5;3,5;3,1,5
JJLL|3140,85,3293|3,4;2,5,0,5;1,3,5;3,5
JJOI|23,17527,30583|;3;0,5;2,5
JJOI|46,35054,61166|1;1,3;;3,5
JJOO|547,13107,51|2,4;2,5;1,5;1,5
JJOZ|232,57,201|1,4;2,5,3,2;1,5;1,4
JJOZ|785,57,201|2;1,2,5,2;1,5;1,4
JJSO|2188,156,204|1,3;;4;0,5
JJTJ|46,51,139|1;2,5;3,1,5;4
JJTJ|547,13107,955|2,4;2,5;3,1,5;1,2,5
JJTJ|785,51,139|2;1,3,5,2;3,1,5;4
JJTL|23,39,142|;1,5;3,1,5;4
JJTL|547,13107,887|2,4;2,5;1,2,5;3,1,5
JJTL|2188,204,29|1,3;4;2,0,5;4,5
JJZT|232,57,141|1,4;2,5,3,2;1,5,3;4
JJZT|785,57,141|2;1,2,5,2;1,5,3;4
JLIO|23,28951,153|;3,3,5;2,5;
JLIO|46,57902,51|1;1,2,2,5;3,5;1,5
JLIO|116,204,204|4;1,3,5;;0,5
JLIO|116,18292,204|4;;2,5;0,5
JLIO|232,36584,153|1,4;1;3,5;
JLIO|785,51,51|2;1,2,5,2;;1,5
JLIO|785,153,153|2;3,5,1,5;;
JLIO|2188,153,153|1,3;2;;
JLIO|2188,204,204|1,3;;;0,5
JLIS|46,51374,3483|1;3,1;2,5;3,4
JLIS|116,29044,156|4;4;2,5;1,5,4
JLIS|232,58088,57|1,4;3,3;3,5;4
JLIS|785,57,57|2;1,2,5,3,5;;4
JLIT|2188,141,141|1,3;4;;4
JLIZ|23,201,201|;1,5,3;;1,4
JLIZ|23,18199,201|;;2,5;1,4
JLIZ|46,36398,147|1;1;3,5;4
JLIZ|1094,30022,3534|3;4;2,5;2,4
JLJJ|23,135,23|;1,5;;1,5,4
JLJJ|232,120,232|1,4;4;4;2,5,3
JLJJ|547,3755,955|2,4;3,5,1,5;2,5;1,2,5
JLJJ|785,51,139|2;1,2,5,2;1,3,5;4
JLJJ|2188,2990,3310|1,3;3;1,2,5;2,0,5
JLJL|232,36584,184|1,4;1;2,5;3,5,2
JLJL|547,102,887|2,4;1,2,5;2,5;3,1,5
JLJL|785,153,3293|2;3,5,1,5;1,2,5;3,5
JLJL|2188,141,29|1,3;4;;4,5
JLJL|2188,153,3293|1,3;2;1,2,5;3,5
JLJL|3140,102,887|3,4;3,5;2,5;3,1,5
JLLJ|232,36584,232|1,4;1;4;2,5,3
JLLJ|547,102,3310|2,4;1,2,5;1,3,5;2,0,5
JLLJ|785,153,955|2;3,5,1,5;3,5;1,2,5
JLLJ|2188,153,955|1,3;2;3,5;1,2,5
JLLJ|3140,102,3310|3,4;3,5;1,3,5;2,0,5
JLLL|116,204,29|4;1,3,5;2,5;4,5
JLLL|785,1885,3293|2;1,2,5;1,3,5;3,5
JLLL|2188,204,29|1,3;;2,5;4,5
JLLL|3140,3415,887|3,4;2,5;3,5;3,1,5
JLOS|23,201,57|;1,5,3;0,5;4
JLOZ|785,57,201|2;1,2,5,3,5;1,5;1,4
JLSI|23,25687,30583|;4,2;1,2,4;2,5
JLSI|46,51374,61166|1;3,1;3,4;3,5
JLST|23,201,27|;1,5,3;2;1,5,4
JLST|2188,141,27|1,3;4;2;1,5,4
JLSZ|785,153,201|2;3,5,1,5;4;1,4
JLSZ|2188,153,201|1,3;2;4;1,4
JLTJ|785,51,139|2;1,2,5,2;3,1,5;4
JLTL|116,204,29|4;1,3,5;2,0,5;4,5
JLTL|2188,204,29|1,3;;2,0,5;4,5
JLZS|785,153,57|2;3,5,1,5;4;4
JLZS|2188,153,57|1,3;2;4;4
JLZT|785,57,141|2;1,2,5,3,5;1,5,3;4
JOIJ|46,3310,3310|1;1,5;;2,0,5
JOIJ|785,887,139|2;1,5,0;3,5;4
JOIJ|2188,139,139|1,3;0,5;;4
JOIL|23,1655,142|;;2,5;4
JOIL|46,3310,29|1;1,5;3,5;4,5
JOIL|232,52456,3545|1,4;1;2,5;3,5,4
JOIL|785,887,887|2;1,5,0;;3,1,5
JOIL|1094,1910,142|3;0,5;2,5;4
JOIL|2188,3820,29|1,3;;3,5;4,5
JOJI|785,887,30583|2;1,5,0;4;2,5
JOJO|232,52456,204|1,4;1;2,5,0,5,3;0,5
JOJO|547,46,51|2,4;1,5;2,5;1,5
JOJO|2188,139,204|1,3;0,5;3,4,5;0,5
JOJT|2188,139,27|1,3;0,5;;1,5,4
JOJZ|232,52456,201|1,4;1;2,5,0,5,3,2;1,4
JOLI|23,1655,30583|;;4;2,5
JOLI|46,3310,61166|1;1,5;1,4;3,5
JOOJ|232,13288,232|1,4;0;1,5;2,5,3
JOOJ|232,52456,232|1,4;1;0,5;2,5,3
JOOJ|547,46,3310|2,4;1,5;1,5;2,0,5
JOOJ|2188,139,955|1,3;0,5;0;1,2,5
JOOL|785,989,3293|2;1,5;1,5;3,5
JOOL|3140,3191,887|3,4;0,5;0,5;3,1,5
JOSJ|23,3287,23|;1;3;1,5,4
JOZJ|232,52456,232|1,4;1;3,5;2,5,3
JSIL|23,4919,2491|;3;3,5;1,3,5
JSIL|46,9838,887|1;2;3,5;3,1,5
JSIL|2188,142,142|1,3;4;;4
JSJS|23,4919,2871|;3;1,5,4;3,4
JSJS|2188,142,57|1,3;4;2;4
JSLI|23,4919,30583|;3;1,5,3,5;2,5
JSLI|46,9838,61166|1;2;3,1,5;3,5
JSLT|23,4919,27|;3;1,5,3,5,1,5;1,5,4
JSOJ|23,4919,23|;3;1,5;1,5,4
JSOL|23,3191,887|;4;0,5;3,1,5
JSSJ|23,77,23|;1,5,3;2;1,5,4
JSSJ|23,4919,23|;3;1,5,2,5;1,5,4
JSSJ|2188,142,3310|1,3;4;1;2,0,5
JSTT|23,4919,27|;3;1,5,3,1,5;1,5,4
JSTT|2188,142,27|1,3;4;2;1,5,4
JTIJ|23,1847,139|;4;2,5;4
JTIJ|46,3694,23|1;4;3,5;1,5,4
JTIL|2188,142,142|1,3;4;;4
JTIT|23,141,141|;1,5,3;;4
JTIT|785,1909,141|2;1,2,5,4;2,5;4
JTIT|1094,1399,141|3;2,0,5;3,5;4
JTIT|2188,2798,27|1,3;2;3,5;1,5,4
JTJJ|46,36014,139|1;3,1;2,0,5;4
JTJJ|547,2795,955|2,4;3,1,5;2,5;1,2,5
JTJJ|2188,2750,3310|1,3;3;1,2,5;2,0,5
JTJL|23,141,29|;1,5,3;;4,5
JTJL|232,312,184|1,4;2;1,5,4;3,5,2
JTJL|547,1767,887|2,4;1,2,5;2,5;3,1,5
JTJL|2188,2493,3293|1,3;2,0;1,2,5;3,5
JTJS|2188,142,57|1,3;4;2;4
JTLJ|232,312,23|1,4;2;1,5,3,5,2;1,5,4
JTLO|23,71,204|;1,5;1,3,5;0,5
JTOL|23,71,887|;1,5;0,5;3,1,5
JTSJ|2188,142,3310|1,3;4;1;2,0,5
JTST|23,141,27|;1,5,3;2;1,5,4
JTTI|1094,1399,30583|3;2,0,5;4;2,5
JTTI|2188,2798,61166|1,3;2;4;3,5
JTTT|785,53,141|2;1,2,5,2;3,1,5;4
JTTT|2188,142,27|1,3;4;2;1,5,4
JTZS|232,312,156|1,4;2;1,5,3;1,5,4
JZIJ|23,887,139|;;3,5;4
JZIJ|46,1774,23|1;4;3,5;1,5,4
JZIJ|785,1907,139|2;1,5,2,5,0;2,5;4
JZIJ|1570,3814,23|1,2;3,4;3,5;1,5,4
JZIJ|2188,3310,3310|1,3;2;;2,0,5
JZIL|23,887,887|;;;3,1,5
JZIL|1094,1655,142|3;3,5;2,5;4
JZIL|2188,3310,29|1,3;2;3,5;4,5
JZJI|23,887,30583|;;4;2,5
JZJI|46,1774,61166|1;4;4;3,5
JZLI|1094,1655,30583|3;3,5;4;2,5
JZLI|2188,3310,61166|1,3;2;1,4;3,5
JZOJ|232,568,232|1,4;3;1,5;2,5,3
JZTT|785,893,141|2;1,5,2,5,2;3,1,5;4
LIIJ|802,18278,3310|2,4;2,5;2,5;2,0,5
LIIJ|802,35754,3310|2,4;3,5;2,5;2,0,5
LIIJ|1604,5973,2525|3;3,5;2,5;2,5
LIIJ|1604,36556,2525|3;3,5,3,2,5;3,5;2,5
LIIJ|3208,7577,955|1,3;2,5;3,5;1,2,5
LIIJ|3208,11946,955|1,3;3,5;3,5;1,2,5
LIIL|113,113,113|4;;;1,3,5,2
LIIL|142,142,142|1;;;4
LIIL|275,17751,3293|2;2,5;2,5;3,5
LIIL|275,35227,3293|2;2,5,1;2,5;3,5
LIIL|550,4919,2491|1,2;3,5;3,5;1,3,5
LIIL|550,35502,2491|1,2;2,1,5;3,5;1,3,5
LIIL|1100,5469,887|3,4;2,5;3,5;3,1,5
LIIL|1100,9838,887|3,4;3,5;3,5;3,1,5
LIJO|71,2188,204|;3;4;0,5
LIJO|113,2185,153|4;3;;
LIJO|113,2185,204|4;3;3;0,5
LIJO|142,281,153|1;3;1,5,4;
LIJO|226,226,51|1,4;;2,5;1,5
LIJO|226,275,51|1,4;3;1,5;1,5
LIJO|226,275,153|1,4;3;1,5,3;
LIJO|275,275,51|2;;1,5;1,5
LIJO|275,275,153|2;;1,5,3;
LIJO|3208,3208,153|1,3;;2,5,0,5;
LIJO|3208,3208,204|1,3;;3,5,3;0,5
LIJS|71,2188,156|;3;;1,5,4
LIJS|142,142,57|1;;2;4
LIJS|142,281,57|1;3;1,5;4
LIJS|275,35227,3483|2;2,5,1;4;3,4
LIJS|550,4919,2871|1,2;3,5;1,5,4;3,4
LIJT|113,2185,141|4;3;4;4
LIJT|226,275,27|1,4;3;1,5,4;1,5,4
LIJT|275,275,27|2;;1,5,4;1,5,4
LIJZ|71,2188,2973|;3;2,0;1,2,4
LIJZ|3208,3208,201|1,3;;3,5,2,5;1,4
LILI|275,17751,30583|2;2,5;3,5;2,5
LILI|275,35227,48059|2;2,5,1;3,5;2,5
LILI|550,4919,30583|1,2;3,5;1,5,3,5;2,5
LILI|550,35502,61166|1,2;2,1,5;3,5;3,5
LILI|1100,5469,56797|3,4;2,5;1,5,3,5;3,5
LILI|1100,9838,61166|3,4;3,5;3,1,5;3,5
LILO|71,71,204|;;1,3,5;0,5
LILO|71,2188,153|;3;2;
LILO|71,2188,204|;3;;0,5
LILO|113,2185,153|4;3;4;
LILO|142,281,51|1;3;2,5;1,5
LILO|142,281,153|1;3;1,5;
LILO|226,275,51|1,4;3;4,5;1,5
LILO|275,275,51|2;;4,5;1,5
LILO|1604,36556,204|3;3,5,3,2,5;4;0,5
LILO|3208,3208,204|1,3;;2,5,3;0,5
LILO|3208,7577,153|1,3;2,5;4,5;
LILS|226,275,3483|1,4;3;1,5,3,1;3,4
LILS|275,275,3483|2;;1,5,3,1;3,4
LILS|3208,3208,3483|1,3;;2,5;3,4
LILT|71,2188,141|;3;4;4
LILT|142,281,27|1;3;4,5;1,5,4
LILT|275,35227,141|2;2,5,1;3,5,1,5;4
LILT|550,4919,27|1,2;3,5;1,5,3,5,1,5;1,5,4
LILT|3208,7577,27|1,3;2,5;3,5,4,5;1,5,4
LILZ|113,113,201|4;;1,3,5,2,3;1,4
LILZ|113,2185,201|4;3;;1,4
LILZ|226,275,147|1,4;3;1,5;4
LILZ|275,275,147|2;;1,5;4
LILZ|3208,3208,201|1,3;;2,5,2;1,4
LIOJ|71,2188,139|;3;0,5;4
LIOJ|142,281,23|1;3;;1,5,4
LIOJ|275,35227,139|2;2,5,1;;4
LIOJ|550,4919,23|1,2;3,5;1,5;1,5,4
LIOJ|3208,3208,3310|1,3;;0,5,1;2,0,5
LIOL|71,71,887|;;0,5;3,1,5
LIOL|113,2185,142|4;3;;4
LIOL|226,275,29|1,4;3;1,5;4,5
LIOL|275,275,29|2;;1,5;4,5
LISJ|142,142,3310|1;;1;2,0,5
LISJ|275,35227,139|2;2,5,1;2,5;4
LISJ|550,4919,23|1,2;3,5;1,5,2,5;1,5,4
LISL|71,2188,142|;3;4;4
LISL|113,2185,2491|4;3;3;1,3,5
LISL|142,281,29|1;3;1,5,4;4,5
LISL|226,275,887|1,4;3;2,5;3,1,5
LISL|275,275,887|2;;2,5;3,1,5
LITJ|113,2185,139|4;3;4;4
LITJ|226,275,23|1,4;3;1,5,4;1,5,4
LITJ|275,275,23|2;;1,5,4;1,5,4
LITL|71,2188,142|;3;4;4
LITL|142,281,29|1;3;1,5,4;4,5
LITT|142,142,27|1;;2;1,5,4
LITT|275,35227,141|2;2,5,1;3,1,5;4
LITT|550,4919,27|1,2;3,5;1,5,3,1,5;1,5,4
LIZJ|71,2188,3310|;3;2;2,0,5
LIZJ|113,2185,139|4;3;4;4
LIZJ|142,281,2525|1;3;3,5,1;2,5
LIZJ|226,275,23|1,4;3;1,5,4;1,5,4
LIZJ|275,275,23|2;;1,5,4;1,5,4
LJIO|71,29767,204|;3,3,5;2,5;0,5
LJIO|113,6001,153|4;;2,5;
LJIO|142,59534,153|1;3,4,2,5;3,5;
LJIO|226,51,51|1,4;2,5;;1,5
LJIO|226,12002,51|1,4;1;3,5;1,5
LJIO|275,51,51|2;1,5;;1,5
LJIO|275,153,153|2;1,5,3;;
LJIO|3208,153,153|1,3;2,5,0,5;;
LJIO|3208,204,204|1,3;3,5,3;;0,5
LJIS|71,5959,156|;;2,5;1,5,4
LJIS|142,57,57|1;2;;4
LJIS|142,11918,57|1;3,2;3,5;4
LJIS|275,29971,3483|2;4;2,5;3,4
LJIS|550,59942,2871|1,2;1,4;3,5;3,4
LJIT|275,27,27|2;1,5,4;;1,5,4
LJIZ|71,12631,2973|;2,0;3,5;1,2,4
LJIZ|113,29809,201|4;2,2;2,5;1,4
LJIZ|226,59618,147|1,4;1,4;3,5;4
LJIZ|3208,201,201|1,3;3,5,2,5;;1,4
LJJJ|226,51,139|1,4;2,5;1,3,5;4
LJJJ|275,51,139|2;1,5;1,3,5;4
LJJJ|802,2990,3310|2,4;1,3,5;1,2,5;2,0,5
LJJJ|3208,3755,955|1,3;3,5;2,5;1,2,5
LJJL|113,6001,113|4;;1,5,4;1,3,5,2
LJJL|275,153,3293|2;1,5,3;1,2,5;3,5
LJJL|802,102,887|2,4;1,2,5;2,5;3,1,5
LJJL|1100,102,887|3,4;3,5;2,5;3,1,5
LJJL|3208,153,3293|1,3;2,5,0,5;1,2,5;3,5
LJLJ|113,6001,209|4;;1,5,3,5;2,5,3
LJLJ|275,27,139|2;1,5,4;1,5;4
LJLJ|275,153,955|2;1,5,3;3,5;1,2,5
LJLJ|802,102,3310|2,4;1,2,5;1,3,5;2,0,5
LJLJ|1100,102,3310|3,4;3,5;1,3,5;2,0,5
LJLJ|3208,153,955|1,3;2,5,0,5;3,5;1,2,5
LJLL|113,225,113|4;4;4;1,3,5,2
LJLL|142,30,142|1;;1,5;4
LJLL|275,3415,887|2;1,5,2;3,5;3,1,5
LJLL|1100,1885,3293|3,4;2,5,0,5;1,3,5;3,5
LJLL|3208,204,29|1,3;3,5,3;2,5;4,5
LJOS|3208,201,57|1,3;3,5,2,5;0,5;4
LJOZ|142,57,201|1;2;1,5;1,4
LJST|3208,201,27|1,3;3,5,2,5;2;1,5,4
LJSZ|275,153,201|2;1,5,3;4;1,4
LJSZ|3208,153,201|1,3;2,5,0,5;4;1,4
LJTJ|226,51,139|1,4;2,5;3,1,5;4
LJTJ|275,51,139|2;1,5;3,1,5;4
LJTL|3208,204,29|1,3;3,5,3;2,0,5;4,5
LJZI|71,12631,30583|;2,0;1,5,2,4;2,5
LJZI|142,25262,61166|1;4,3;3,4;3,5
LJZS|275,153,57|2;1,5,3;4;4
LJZS|3208,153,57|1,3;2,5,0,5;4;4
LJZT|142,57,141|1;2;1,5,3;4
LJZT|275,27,141|2;1,5,4;1,3;4
LLII|275,13107,30583|2;3,5;2,5;2,5
LLII|275,13107,48059|2;3,5;3,5;2,5
LLII|550,26214,30583|1,2;3,5;3,5;2,5
LLII|1100,52428,56797|3,4;1,3,5;2,5;3,5
LLII|1100,52428,61166|3,4;1,3,5;3,5;3,5
LLIO|71,204,204|;1,3,5;;0,5
LLIO|71,4471,153|;2;2,1,5;
LLIO|71,18247,204|;;2,5;0,5
LLIO|113,29041,153|4;4;2,5;
LLIO|142,8942,51|1;2,1;3,5;1,5
LLIO|142,36494,153|1;3,2;3,5;
LLIO|226,58082,51|1,4;3,3;3,5;1,5
LLIO|275,51,51|2;4,5;;1,5
LLIO|1604,30532,204|3;4;2,5;0,5
LLIO|3208,204,204|1,3;2,5,3;;0,5
LLIO|3208,61064,153|1,3;1,4;3,5;
LLIS|275,3483,3483|2;1,5,3,1;;3,4
LLIS|3208,3483,3483|1,3;2,5;;3,4
LLIT|71,1879,141|;4;2,5;4
LLIT|142,3758,27|1;3,3;3,5;1,5,4
LLIT|275,1879,141|2;1,5,3;2,5;4
LLIT|550,3758,27|1,2;3,5,1,5;3,5;1,5,4
LLIT|3208,3758,27|1,3;2,5,1;3,5;1,5,4
LLIZ|113,201,201|4;1,3,5,2,3;;1,4
LLIZ|113,18289,201|4;;2,5;1,4
LLIZ|226,36578,147|1,4;1;3,5;4
LLIZ|275,147,147|2;1,5;;4
LLIZ|3208,201,201|1,3;2,5,2;;1,4
LLJJ|71,4471,23|;2;1,5,4;1,5,4
LLJJ|275,51,139|2;4,5;1,3,5;4
LLJJ|275,13107,955|2;3,5;1,3,5;1,2,5
LLJJ|802,170,955|2,4;3,5,1,5;2,5;1,2,5
LLJJ|802,170,3310|2,4;3,5,1,5;1,2,5;2,0,5
LLJJ|1100,52428,3310|3,4;1,3,5;3,5;2,0,5
LLJJ|3208,170,955|1,3;3,5;2,5;1,2,5
LLJJ|3208,170,3310|1,3;3,5;1,2,5;2,0,5
LLJL|71,3687,887|;1,4;2,5;3,1,5
LLJL|71,4471,887|;2;1,5;3,1,5
LLJL|142,36494,142|1;3,2;2,5,3;4
LLJL|275,13107,887|2;3,5;1,2,5;3,1,5
LLJL|1100,52428,3293|3,4;1,3,5;2,5,0,5;3,5
LLLJ|275,3483,955|2;1,5,3,1;3,5;1,2,5
LLLJ|275,13107,955|2;3,5;3,5,1,5;1,2,5
LLLJ|802,1902,3310|2,4;1,2,5;1,3,5;2,0,5
LLLJ|1100,1902,3310|3,4;3,5;1,3,5;2,0,5
LLLJ|1100,52428,3310|3,4;1,3,5;3,5;2,0,5
LLLJ|3208,3483,955|1,3;2,5;3,5;1,2,5
LLLL|71,204,29|;1,3,5;2,5;4,5
LLLL|71,4471,29|;2;1,5,3,5;4,5
LLLL|71,4471,887|;2;4,5;3,1,5
LLLL|113,29041,113|4;4;1,3,5,2;1,3,5,2
LLLL|113,36465,113|4;1;4;1,3,5,2
LLLL|142,36494,142|1;3,2;4;4
LLLL|275,85,887|2;1,5,2;3,5;3,1,5
LLLL|275,85,3293|2;1,5,2;1,3,5;3,5
LLLL|275,13107,887|2;3,5;1,2,5;3,1,5
LLLL|1100,85,887|3,4;2,5;3,5;3,1,5
LLLL|1100,85,3293|3,4;2,5;1,3,5;3,5
LLLL|1100,52428,3293|3,4;1,3,5;2,5;3,5
LLLL|3208,204,29|1,3;2,5,3;2,5;4,5
LLOI|71,4471,30583|;2;;2,5
LLOI|142,8942,61166|1;2,1;1,5;3,5
LLOO|275,13107,51|2;3,5;1,5;1,5
LLOO|1100,52428,204|3,4;1,3,5;0,5;0,5
LLOS|113,201,57|4;1,3,5,2,3;0,5;4
LLOS|3208,201,57|1,3;2,5,2;0,5;4
LLST|113,201,27|4;1,3,5,2,3;2;1,5,4
LLST|3208,201,27|1,3;2,5,2;2;1,5,4
LLTJ|142,78,23|1;;2,0,5;1,5,4
LLTJ|275,51,139|2;4,5;3,1,5;4
LLTJ|275,13107,955|2;3,5;3,1,5;1,2,5
LLTJ|1100,52428,3310|3,4;1,3,5;3,5;2,0,5
LLTL|71,204,29|;1,3,5;2,0,5;4,5
LLTL|275,13107,887|2;3,5;1,2,5;3,1,5
LLTL|1100,52428,3293|3,4;1,3,5;2,0,5;3,5
LLTL|3208,204,29|1,3;2,5,3;2,0,5;4,5
LLZO|275,147,51|2;1,5;4,4;1,5
LOIJ|71,887,139|;0,5;3,5;4
LOIJ|113,13169,3001|4;0;3,5;1,2,5,4
LOIJ|142,1774,23|1;;3,5;1,5,4
LOIJ|275,1907,139|2;;2,5;4
LOIJ|550,3814,23|1,2;1,5;3,5;1,5,4
LOIJ|3208,3310,3310|1,3;0,5,1;;2,0,5
LOIL|71,887,887|;0,5;;3,1,5
LOIL|275,29,29|2;1,5;;4,5
LOIL|3208,3310,29|1,3;0,5,1;3,5;4,5
LOJI|71,887,30583|;0,5;4;2,5
LOJI|142,1774,61166|1;;4;3,5
LOLI|3208,3310,61166|1,3;0,5,1;1,4;3,5
LOLO|113,13169,51|4;0;3,5,1,5,2;1,5
LOLO|275,29,51|2;1,5;3,5;1,5
LOLO|1100,71,204|3,4;0,5;1,3,5;0,5
LOLS|113,13169,57|4;0;3,5,1,5,2,3;4
LOLT|275,29,141|2;1,5;1,5;4
LOOJ|802,1006,3310|2,4;1,5;1,5;2,0,5
LOOJ|3208,3259,955|1,3;0,5;0,5;1,2,5
LOOL|113,13169,113|4;0;1,5;1,3,5,2
LOOL|113,52337,113|4;1;0,5;1,3,5,2
LOOL|275,29,3293|2;1,5;1;3,5
LOOL|1100,71,887|3,4;0,5;0,5;3,1,5
LOSL|113,13169,113|4;0;1,2,5;1,3,5,2
LOZL|142,958,142|1;0;1,5,2;4
LSIJ|142,3310,3310|1;1;;2,0,5
LSIJ|275,887,139|2;2,5;3,5;4
LSIJ|550,1774,23|1,2;3,1,5;3,5;1,5,4
LSIL|71,1655,142|;;2,5;4
LSIL|142,3310,29|1;1;3,5;4,5
LSIL|275,887,887|2;2,5;;3,1,5
LSIL|1604,1910,142|3;1,2,4;2,5;4
LSIL|3208,3820,29|1,3;2,5,1;3,5;4,5
LSJI|275,887,30583|2;2,5;4;2,5
LSJI|550,1774,61166|1,2;3,1,5;4;3,5
LSLI|71,1655,30583|;;4;2,5
LSLI|142,3310,61166|1;1;1,4;3,5
LSOL|113,1217,113|4;1,2;0,5;1,3,5,2
LSTT|3208,3307,27|1,3;2,5,3;2,0,5;1,5,4
LTIJ|275,23,23|2;1,5,4;;1,5,4
LTIL|71,1895,142|;4;2,5;4
LTIL|142,3790,29|1;4,1;3,5;4,5
LTIT|142,27,27|1;2;;1,5,4
LTIT|275,1399,141|2;1,5,3;3,5;4
LTIT|550,2798,27|1,2;3,1,5;3,5;1,5,4
LTIT|3208,3818,27|1,3;3,5,4;3,5;1,5,4
LTJL|113,2241,142|4;1,3;2,5,3;4
LTJO|142,46,51|1;;2,5;1,5
LTLJ|113,2241,209|4;1,3;4;2,5,3
LTLJ|142,27,139|1;2;1,5;4
LTLJ|275,2523,955|2;1,5,3,1;3,5;1,2,5
LTLJ|1100,1662,3310|3,4;3,5;1,3,5;2,0,5
LTLL|71,4951,29|;2,0;1,5,3,1,5;4,5
LTLL|275,1495,887|2;1,5,2;3,5;3,1,5
LTLL|1100,1405,3293|3,4;2,0,5;1,3,5;3,5
LTLZ|275,23,201|2;1,5,4;1,5,3;1,4
LTOJ|142,46,3310|1;;1,5;2,0,5
LTSZ|113,2241,147|4;1,3;2;4
LTTI|275,1399,30583|2;1,5,3;4;2,5
LTTI|550,2798,61166|1,2;3,1,5;4;3,5
LTTT|275,23,141|2;1,5,4;1,5,3;4
LTTT|3208,202,27|1,3;3,5,3;2,0,5;1,5,4
LTZL|275,23,887|2;1,5,4;;3,1,5
LTZT|142,27,141|1;2;1,3;4
LZIJ|71,18023,3310|;2;3,5,3,3,5;2,0,5
LZIJ|142,36046,2525|1;4,3,1;2,5;2,5
LZIJ|275,23,23|2;1,5,4;;1,5,4
LZJI|71,18023,30583|;2;2,0,5;2,5
LZJI|142,36046,61166|1;4,3,1;2,5;3,5
LZJT|142,36046,141|1;4,3,1;2,5,0,5;4
LZLO|275,14099,51|2;;3,1,5,2;1,5
LZLZ|142,36046,3534|1;4,3,1;4;2,4
LZLZ|275,23,201|2;1,5,4;1,5,3;1,4
LZLZ|275,14099,147|2;;3,1,5,2,3;4
LZOJ|142,1006,3310|1;;1,5;2,0,5
LZOL|142,36046,142|1;4,3,1;0,5;4
LZTT|142,36046,141|1;4,3,1;2,0,5;4
LZTT|275,23,141|2;1,5,4;1,5,3;4
LZZL|142,43,142|1;2;1,5,3;4
LZZL|142,36046,142|1;4,3,1;3,5;4
LZZL|275,23,887|2;1,5,4;;3,1,5
LZZL|275,14099,887|2;;1,5,2,2;3,1,5
OIIO|51,51,51|0;;;1,5
OIIO|51,17527,204|0;2;3,4,1,5;0,5
OIIO|51,35003,204|0;3;2,5;0,5
OIIO|102,4471,153|;3;2,1,5;
OIIO|102,35054,153|;3,3,5,2,5;3,0,5;
OIIO|204,204,204|1;;;0,5
OIIO|204,4573,51|1;2;3,5;1,5
OIIO|204,8942,51|1;3;3,5;1,5
OIJJ|51,51,139|0;;1,3,5;4
OIJJ|51,35003,139|0;3;4;4
OIJJ|102,4471,23|;3;1,5,4;1,5,4
OIJJ|102,35054,139|;3,3,5,2,5;2,5;4
OIJJ|102,35054,3310|;3,3,5,2,5;4;2,0,5
OIJJ|204,4573,23|1;2;2,5;1,5,4
OIJJ|204,4573,2525|1;2;1,5,4;2,5
OIJL|51,35003,2491|0;3;;1,3,5
OIJL|102,102,887|;;2,5;3,1,5
OIJL|102,4471,887|;3;1,5;3,1,5
OILJ|102,102,3310|;;1,3,5;2,0,5
OILJ|102,35054,3310|;3,3,5,2,5;;2,0,5
OILJ|204,4573,2525|1;2;1,5;2,5
OILL|51,35003,142|0;3;3,5;4
OILL|51,35003,2491|0;3;4;1,3,5
OILL|102,4471,29|;3;1,5,3,5;4,5
OILL|102,4471,887|;3;4,5;3,1,5
OILL|102,35054,142|;3,3,5,2,5;4;4
OILL|204,204,29|1;;2,5;4,5
OILL|204,4573,29|1;2;4,5;4,5
OIOI|51,17527,30583|0;2;0,5;2,5
OIOI|51,35003,48059|0;3;0;2,5
OIOI|102,4471,30583|;3;;2,5
OIOI|102,35054,61166|;3,3,5,2,5;;3,5
OIOI|204,4573,56797|1;2;1;3,5
OIOI|204,8942,61166|1;3;1,5;3,5
OITJ|51,51,139|0;;3,1,5;4
OITL|204,204,29|1;;2,0,5;4,5
OJIJ|51,139,139|0;1,3,5;;4
OJIJ|51,1907,139|0;4;2,5;4
OJIJ|102,887,139|;2,5;3,5;4
OJIJ|102,3814,23|;4;3,5;1,5,4
OJIJ|102,29798,3310|;2,5,2;2,5;2,0,5
OJIJ|204,1774,23|1;2,5;3,5;1,5,4
OJIJ|204,59596,2525|1;1,4;3,5;2,5
OJIL|51,5939,2491|0;;2,5;1,3,5
OJIL|102,887,887|;2,5;;3,1,5
OJIL|102,11878,887|;1;3,5;3,1,5
OJJI|102,887,30583|;2,5;4;2,5
OJJI|204,1774,61166|1;2,5;4;3,5
OJJO|51,139,204|0;1,3,5;3,4,5;0,5
OJJO|51,5939,51|0;;1,5,4;1,5
OJJO|204,46,51|1;3,5;2,5;1,5
OJJO|204,6092,204|1;;1,5,4;0,5
OJJO|204,59596,204|1;1,4;2,5,3;0,5
OJJT|51,139,27|0;1,3,5;;1,5,4
OJOJ|51,139,955|0;1,3,5;0;1,2,5
OJOJ|204,46,3310|1;3,5;1,5;2,0,5
OJOL|51,3191,887|0;1,2,5;0,5;3,1,5
OJOL|204,989,3293|1;2,5,0;1,5;3,5
OLIJ|102,3310,3310|;1,3,5;;2,0,5
OLIJ|102,18278,3310|;;2,5;2,0,5
OLIJ|204,36556,2525|1;1;3,5;2,5
OLIL|51,1655,142|0;3,5;2,5;4
OLIL|51,28979,2491|0;4;2,5;1,3,5
OLIL|102,1910,142|;4;2,5;4
OLIL|102,3310,29|;1,3,5;3,5;4,5
OLIL|102,57958,887|;3,3;3,5;3,1,5
OLIL|204,29,29|1;2,5;;4,5
OLIL|204,3820,29|1;1,4;3,5;4,5
OLLI|51,1655,30583|0;3,5;4;2,5
OLLI|102,3310,61166|;1,3,5;1,4;3,5
OLLO|51,71,204|0;1,2,5;1,3,5;0,5
OLLO|51,28979,51|0;4;1,3,5,2;1,5
OLLO|51,36403,51|0;1;4;1,5
OLLO|204,29,51|1;2,5;3,5;1,5
OLLO|204,36556,204|1;1;4;0,5
OLLT|204,29,141|1;2,5;1,5;4
OLOJ|51,3259,955|0;3,5,1;0,5;1,2,5
OLOJ|204,1006,3310|1;3,5;1,5;2,0,5
OLOL|51,71,887|0;1,2,5;0,5;3,1,5
OLOL|204,29,3293|1;2,5;1;3,5
OOII|51,13107,30583|0;0;2,5;2,5
OOII|51,13107,48059|0;0;3,5;2,5
OOII|102,26214,30583|;;3,5;2,5
OOII|204,52428,56797|1;1;2,5;3,5
OOII|204,52428,61166|1;1;3,5;3,5
OOJJ|51,13107,955|0;0;1,3,5;1,2,5
OOJJ|204,52428,3310|1;1;3,5;2,0,5
OOJL|51,13107,887|0;0;1,2,5;3,1,5
OOJL|204,52428,3293|1;1;2,5,0,5;3,5
OOLJ|51,13107,955|0;0;3,5,1,5;1,2,5
OOLJ|204,52428,3310|1;1;3,5;2,0,5
OOLL|51,13107,887|0;0;1,2,5;3,1,5
OOLL|204,52428,3293|1;1;2,5;3,5
OOOO|51,13107,51|0;0;1,5;1,5
OOOO|204,52428,204|1;1;0,5;0,5
OOTJ|51,13107,955|0;0;3,1,5;1,2,5
OOTJ|204,52428,3310|1;1;3,5;2,0,5
OOTL|51,13107,887|0;0;1,2,5;3,1,5
OOTL|204,52428,3293|1;1;2,0,5;3,5
OSLL|204,30,142|1;2;1,5;4
OTIJ|51,139,139|0;3,1,5;;4
OTIL|204,29,29|1;2,0,5;;4,5
OTJO|51,139,204|0;3,1,5;3,4,5;0,5
OTJO|204,46,51|1;3,5;2,5;1,5
OTJT|51,139,27|0;3,1,5;;1,5,4
OTLO|51,71,204|0;1,2,5;1,3,5;0,5
OTLO|204,29,51|1;2,0,5;3,5;1,5
OTLT|204,29,141|1;2,0,5;1,5;4
OTOJ|51,139,955|0;3,1,5;0;1,2,5
OTOJ|204,46,3310|1;3,5;1,5;2,0,5
OTOL|51,71,887|0;1,2,5;0,5;3,1,5
OTOL|204,29,3293|1;2,0,5;1;3,5
OZJJ|51,135,23|0;1,5,3;;1,5,4
SIJL|1224,5593,3545|1,3;2,5;1,5,4;3,5,4
SILJ|99,35051,139|;3;4;4
SILJ|198,4567,23|1;3;4,5;1,5,4
SILJ|1224,5593,23|1,3;2,5;3,5,4;1,5,4
SILL|306,35258,142|2;3,5;3,1,5;4
SILL|612,4981,29|3;3,5;1,5,3,1,5;4,5
SITJ|198,198,23|1;;2,0,5;1,5,4
SITL|99,35051,2491|;3;2;1,3,5
SITL|198,4567,887|1;3;1,5,2;3,1,5
SJIL|1224,60616,3545|1,3;4;3,5;3,5,4
SJJO|99,3811,51|;4;2,5;1,5
SJJO|99,12659,51|;2;1,3,5,3;1,5
SJSJ|1224,77,23|1,3;2,5,0,5,3;2;1,5,4
SLIJ|99,1907,139|;4;2,5;4
SLIJ|198,3814,23|1;1,4;3,5;1,5,4
SLIJ|1224,1774,23|1,3;2,5,1;3,5;1,5,4
SLIL|306,1910,142|2;1,5,3,5;2,5;4
SLIL|612,3820,29|3;3,1,5;3,5;4,5
SLJI|1224,1774,61166|1,3;2,5,1;4;3,5
SLTT|99,3307,27|;1,3,5;2,0,5;1,5,4
SOLL|306,30,142|2;1,5;1,5;4
SOTL|198,54,142|1;0,5;3,1,5;4
SSJL|198,102,887|1;;2,5;3,1,5
SSLJ|198,102,3310|1;;1,3,5;2,0,5
STIJ|198,23,23|1;2,0,5;;1,5,4
STIL|99,4979,2491|;2;3,5;1,3,5
STIL|198,9958,887|1;2;3,5;3,1,5
STLT|99,4979,27|;2;1,5,3,1,5;1,5,4
STLZ|198,23,201|1;2,0,5;1,5,3;1,4
STTJ|1224,78,23|1,3;2,0,5,3;2,0,5;1,5,4
STTT|198,23,141|1;2,0,5;1,5,3;4
STTZ|99,4979,147|;2;1,5,3,1,5;4
STTZ|99,36067,147|;1,3;2,0,5;4
STZL|198,23,887|1;2,0,5;;3,1,5
SZTJ|1224,78,23|1,3;3,5,3;2,0,5;1,5,4
SZTL|198,39,142|1;3,5;3,1,5;4
TIIJ|562,18038,3310|2,4;2,5;3,3,5,3,5;2,0,5
TIIJ|562,35514,3310|2,4;3,5;2,5;2,0,5
TIIJ|1124,5493,2525|3;3,5;2,5;2,5
TIIJ|1124,36076,2525|3;3,5,3,3,5;2,5;2,5
TIIJ|2248,6617,955|1,3;2,5;3,5;1,2,5
TIIJ|2248,10986,955|1,3;3,5;3,5;1,2,5
TIIL|305,17781,3293|2;2,5;2,5;3,5
TIIL|305,35257,3293|2;3,5;2,5;3,5
TIIL|610,4979,2491|1,2;3,5;3,5;1,3,5
TIIL|610,35562,2491|1,2;3,5,3,2,5;3,5;1,3,5
TIIL|1220,5589,887|3,4;2,5;3,5;3,1,5
TIIL|1220,9958,887|3,4;3,5;3,5;3,1,5
TIJL|39,2186,142|;3;4;4
TIJL|78,277,29|1;3;1,5,4;4,5
TIJL|114,2186,142|4;3;4;4
TIJL|228,277,29|1,4;3;1,5,4;4,5
TIJT|1124,36076,141|3;3,5,3,3,5;2,0,5;4
TIJT|2248,2248,141|1,3;;2,5,0,3;4
TIJT|2248,6617,27|1,3;2,5;2,5;1,5,4
TILJ|39,2186,139|;3;4;4
TILJ|78,277,23|1;3;4,5;1,5,4
TILJ|114,2186,139|4;3;4;4
TILJ|228,277,23|1,4;3;4,5;1,5,4
TILT|305,305,27|2;;1,5,3,5,1,2;1,5,4
TILT|305,35257,141|2;3,5;3,1,5;4
TILT|610,4979,27|1,2;3,5;1,5,3,1,5;1,5,4
TIOJ|2248,2248,139|1,3;;0,5;4
TIOL|305,305,29|2;;1,5;4,5
TISJ|305,305,23|2;;2,5,2;1,5,4
TISJ|2248,2248,232|1,3;;4;2,5,3
TISL|2248,6617,3545|1,3;2,5;1,5,4;3,5,4
TITJ|39,2186,3310|;3;3;2,0,5
TITJ|78,78,23|1;;2,0,5;1,5,4
TITJ|78,277,2525|1;3;1,5,3;2,5
TITJ|114,2186,3310|4;3;3;2,0,5
TITJ|228,277,2525|1,4;3;1,5,3;2,5
TITJ|305,305,23|2;;1,5,3,1,5,2;1,5,4
TITJ|305,35257,3001|2;3,5;4;1,2,5,4
TITJ|2248,2248,232|1,3;;4;2,5,3
TITL|39,39,142|;;3,1,5;4
TITL|39,2186,2491|;3;2;1,3,5
TITL|78,277,887|1;3;1,5,2;3,1,5
TITL|114,2186,2491|4;3;2;1,3,5
TITL|228,277,887|1,4;3;1,5,2;3,1,5
TITL|305,305,113|2;;1,5,4;1,3,5,2
TITL|2248,2248,142|1,3;;2,0,5,3;4
TITL|2248,6617,3545|1,3;2,5;1,5,4;3,5,4
TITO|305,305,153|2;;1,5,3,1,5;
TITO|2248,2248,153|1,3;;2,0,5;
TITS|1124,36076,156|3;3,5,3,3,5;2,0,5;1,5,4
TITS|2248,6617,57|1,3;2,5;2,5;4
TITZ|305,35257,201|2;3,5;3,1,5;1,4
TITZ|610,4979,147|1,2;3,5;1,5,3,1,5;4
TIZJ|305,35257,3001|2;3,5;4;1,2,5,4
TIZL|305,305,113|2;;4;1,3,5,2
TIZL|2248,2248,142|1,3;;3,5,3;4
TJIL|39,1895,142|;4;2,5;4
TJIL|78,3790,29|1;4;3,5;4,5
TJIT|305,1399,141|2;1,5,2,5,4;3,5;4
TJIT|1124,1909,141|3;2,0,5;2,5;4
TJIT|2248,141,141|1,3;2,5,0,3;;4
TJIT|2248,3818,27|1,3;2,5;3,5;1,5,4
TJJJ|562,2750,3310|2,4;1,3,5;1,2,5;2,0,5
TJJJ|2248,2795,955|1,3;3,5;2,5;1,2,5
TJJL|305,177,113|2;1,5,4;4;1,3,5,2
TJJL|305,2493,3293|2;1,5,3,5;1,2,5;3,5
TJJL|1220,1767,887|3,4;3,5;2,5;3,1,5
TJJL|2248,141,29|1,3;2,5,0,3;;4,5
TJJO|114,226,51|4;4;2,5;1,5
TJLJ|2248,456,232|1,3;;4,5;2,5,3
TJLS|39,12599,2871|;2;1,2,5,3;3,4
TJLZ|78,5966,3534|1;;1,5,3,5;2,4
TJST|2248,141,27|1,3;2,5,0,3;2;1,5,4
TJTI|39,12599,30583|;2;1,2,5,4;2,5
TJTI|305,1399,30583|2;1,5,2,5,4;4;2,5
TJTL|39,12599,887|;2;1,2,5,2;3,1,5
TJTS|39,12599,57|;2;3,1,5;4
TJTT|78,53,141|1;2,0,5;3,1,5;4
TJTT|228,53,141|1,4;2,5;3,1,5;4
TJZL|39,12599,887|;2;1,5,3,5,2;3,1,5
TJZS|2248,456,57|1,3;;2,4;4
TLIJ|39,1847,139|;4;2,5;4
TLIJ|78,3694,23|1;1,4;3,5;1,5,4
TLIT|305,27,27|2;1,5,3,5,1,2;;1,5,4
TLIT|305,1909,141|2;1,5,3,5;2,5;4
TLIT|610,3818,27|1,2;3,1,5;3,5;1,5,4
TLIT|2248,2798,27|1,3;2,5,1;3,5;1,5,4
TLJL|305,2097,113|2;1,5;4;1,3,5,2
TLJS|39,36391,2871|;1;2,5;3,4
TLJZ|78,51406,3534|1;1,3;3,5,2;2,4
TLLJ|305,27,139|2;1,5,3,5,1,2;1,5;4
TLLJ|562,1662,3310|2,4;1,2,5;1,3,5;2,0,5
TLLJ|2248,216,232|1,3;4;4;2,5,3
TLLJ|2248,2523,955|1,3;2,5;3,5;1,2,5
TLLL|305,1405,3293|2;1,5,2,5;1,3,5;3,5
TLLL|1220,1495,887|3,4;2,5;3,5;3,1,5
TLLO|228,116,204|1,4;4;1,3,5;0,5
TLSJ|78,51406,3310|1;1,3;2,5,3;2,0,5
TLSZ|305,2097,201|2;1,5;4,2;1,4
TLTI|78,51406,61166|1;1,3;3,5,4;3,5
TLTI|2248,2798,61166|1,3;2,5,1;4;3,5
TLTJ|78,51406,3310|1;1,3;3,5,3;2,0,5
TLTT|39,202,27|;3,1,5;2,0,5;1,5,4
TLTT|114,202,27|4;1,3,5;2,0,5;1,5,4
TLTZ|78,51406,201|1;1,3;2,0,5;1,4
TLZT|305,27,141|2;1,5,3,5,1,2;1,3;4
TOIJ|2248,139,139|1,3;0,5;;4
TOIL|305,29,29|2;1,5;;4,5
TOJO|562,46,51|2,4;1,5;2,5;1,5
TOJO|2248,139,204|1,3;0,5;3,4,5;0,5
TOJT|2248,139,27|1,3;0,5;;1,5,4
TOLO|305,29,51|2;1,5;3,5;1,5
TOLO|1220,71,204|3,4;0,5;1,3,5;0,5
TOLT|305,29,141|2;1,5;1,5;4
TOOJ|562,46,3310|2,4;1,5;1,5;2,0,5
TOOJ|2248,139,955|1,3;0,5;0;1,2,5
TOOL|305,29,3293|2;1,5;1;3,5
TOOL|1220,71,887|3,4;0,5;0,5;3,1,5
TOTJ|39,3303,23|;1,5;2,0,5;1,5,4
TOTL|78,894,142|1;0,5;3,1,5;4
TSIJ|305,23,23|2;2,5,2;;1,5,4
TSIJ|2248,232,232|1,3;4;;2,5,3
TSJS|2248,232,57|1,3;4;2,5,3,2;4
TSLJ|78,1662,3310|1;;1,3,5;2,0,5
TSLZ|305,23,201|2;2,5,2;1,5,3;1,4
TSTJ|39,78,23|;3,1,5;2,0,5;1,5,4
TSTT|305,23,141|2;2,5,2;1,5,3;4
TSZL|305,23,887|2;2,5,2;;3,1,5
TTIJ|39,18023,3310|;3;3,5,3,3,5;2,0,5
TTIJ|78,23,23|1;2,0,5;;1,5,4
TTIJ|78,36046,2525|1;1,3;2,5;2,5
TTIJ|305,23,23|2;1,5,3,1,5,2;;1,5,4
TTIJ|305,29489,3001|2;4;2,5;1,2,5,4
TTIJ|2248,232,232|1,3;4;;2,5,3
TTIL|39,142,142|;3,1,5;;4
TTIL|39,4919,2491|;2;3,5;1,3,5
TTIL|78,9838,887|1;2;3,5;3,1,5
TTIL|305,113,113|2;1,5,4;;1,3,5,2
TTIL|2248,142,142|1,3;2,0,5,3;;4
TTIO|305,153,153|2;1,5,3,1,5;;
TTIO|2248,153,153|1,3;2,0,5;;
TTIS|1124,6004,156|3;2,0,5;2,5;1,5,4
TTIS|2248,12008,57|1,3;2;3,5;4
TTIZ|305,18289,201|2;1,5,3;2,5;1,4
TTIZ|610,36578,147|1,2;3,1,5;3,5;4
TTJI|39,18023,30583|;3;2,0,5;2,5
TTJI|78,36046,61166|1;1,3;2,5;3,5
TTJJ|562,170,955|2,4;3,1,5;2,5;1,2,5
TTJJ|562,170,3310|2,4;3,1,5;1,2,5;2,0,5
TTJJ|2248,170,955|1,3;3,5;2,5;1,2,5
TTJJ|2248,170,3310|1,3;3,5;1,2,5;2,0,5
TTJL|39,3687,887|;4;2,5;3,1,5
TTJL|305,153,3293|2;1,5,3,1,5;1,2,5;3,5
TTJL|562,102,887|2,4;1,2,5;2,5;3,1,5
TTJL|1220,102,887|3,4;3,5;2,5;3,1,5
TTJL|2248,153,3293|1,3;2,0,5;1,2,5;3,5
TTJS|39,142,57|;3,1,5;2;4
TTJS|39,4919,2871|;2;1,5,4;3,4
TTJS|2248,142,57|1,3;2,0,5,3;2;4
TTJS|2248,232,57|1,3;4;2,5,3,2;4
TTJT|78,36046,141|1;1,3;2,5,0,5;4
TTLI|39,4919,30583|;2;1,5,3,5;2,5
TTLI|78,9838,61166|1;2;3,1,5;3,5
TTLJ|78,1902,3310|1;4;1,3,5;2,0,5
TTLJ|305,153,955|2;1,5,3,1,5;3,5;1,2,5
TTLJ|562,102,3310|2,4;1,2,5;1,3,5;2,0,5
TTLJ|1220,102,3310|3,4;3,5;1,3,5;2,0,5
TTLJ|2248,153,955|1,3;2,0,5;3,5;1,2,5
TTLL|305,85,887|2;1,5,2,5;3,5;3,1,5
TTLL|305,85,3293|2;1,5,2,5;1,3,5;3,5
TTLL|1220,85,887|3,4;2,0,5;3,5;3,1,5
TTLL|1220,85,3293|3,4;2,0,5;1,3,5;3,5
TTLT|39,4919,27|;2;1,5,3,5,1,5;1,5,4
TTLZ|78,23,201|1;2,0,5;1,5,3;1,4
TTLZ|78,36046,3534|1;1,3;4;2,4
TTLZ|305,23,201|2;1,5,3,1,5,2;1,5,3;1,4
TTLZ|305,113,201|2;1,5,4;1,3,5,2,3;1,4
TTOJ|39,4919,23|;2;1,5;1,5,4
TTOL|78,36046,142|1;1,3;0,5;4
TTSJ|39,142,3310|;3,1,5;1;2,0,5
TTSJ|39,4919,23|;2;1,5,2,5;1,5,4
TTSJ|2248,142,3310|1,3;2,0,5,3;1;2,0,5
TTSZ|305,153,201|2;1,5,3,1,5;4;1,4
TTSZ|2248,153,201|1,3;2,0,5;4;1,4
TTTS|228,308,156|1,4;2;1,5,3,1,5;1,5,4
TTTT|39,142,27|;3,1,5;2;1,5,4
TTTT|39,4919,27|;2;1,5,3,1,5;1,5,4
TTTT|78,23,141|1;2,0,5;1,5,3;4
TTTT|78,36046,141|1;1,3;2,0,5;4
TTTT|305,23,141|2;1,5,3,1,5,2;1,5,3;4
TTTT|2248,142,27|1,3;2,0,5,3;2;1,5,4
TTTZ|114,2242,147|4;1,3;2,0,5;4
TTZL|78,23,887|1;2,0,5;;3,1,5
TTZL|78,36046,142|1;1,3;3,5;4
TTZL|305,23,887|2;1,5,3,1,5,2;;3,1,5
TTZS|305,153,57|2;1,5,3,1,5;4;4
TTZS|2248,153,57|1,3;2,0,5;4;4
TZIJ|305,14129,3001|2;;2,5;1,2,5,4
TZIL|305,113,113|2;4;;1,3,5,2
TZIL|2248,142,142|1,3;3,5,3;;4
TZJL|39,1767,887|;4;2,5;3,1,5
TZJS|2248,142,57|1,3;3,5,3;2;4
TZLZ|305,113,201|2;4;1,3,5,2,3;1,4
TZSJ|2248,142,3310|1,3;3,5,3;1;2,0,5
TZTL|78,39,142|1;3,5;3,1,5;4
TZTT|2248,142,27|1,3;3,5,3;2;1,5,4
ZIJJ|1122,36074,139|3;3,5,3,3,5;2,0,5;4
ZIJJ|2244,6613,23|1,3;2,5;2,5;1,5,4
ZIJL|54,35006,142|;3;4;4
ZIJL|108,4477,29|1;3;1,5,4;4,5
ZIJL|561,35513,142|2;3,5;3,4,5,4;4
ZILJ|561,35513,3001|2;3,5;4;1,2,5,4
ZITJ|54,35006,3310|;3;3;2,0,5
ZITJ|108,4477,2525|1;3;1,5,3;2,5
ZITL|54,54,142|;;3,1,5;4
ZJIJ|1122,1907,139|3;2,0,5;2,5;4
ZJIJ|2244,3814,23|1,3;2,5;3,5;1,5,4
ZJIL|54,1910,142|;4;2,5;4
ZJIL|108,3820,29|1;4;3,5;4,5
ZJIL|561,1655,142|2;1,2,5,4;2,5;4
ZJLI|561,1655,30583|2;1,2,5,4;4;2,5
ZJTT|108,893,141|1;2,5;3,1,5;4
ZLIJ|561,29489,3001|2;4;2,5;1,2,5,4
ZLLO|108,1916,204|1;4;1,3,5;0,5
ZLLO|108,51436,204|1;1,3;2,5,2;0,5
ZLZL|561,43,142|2;3,5,1,5,2;1,5,3;4
ZOJJ|2244,135,23|1,3;0,5;;1,5,4
ZOTJ|54,198,23|;1,5;2,0,5;1,5,4
ZSTJ|54,78,23|;3,1,5;2,0,5;1,5,4
ZSTL|561,39,142|2;1,2,5,2;3,1,5;4
ZTIJ|54,18038,3310|;3;3,3,5,3,5;2,0,5
ZTIJ|108,36076,2525|1;1,3;2,5;2,5
ZTIL|54,142,142|;3,1,5;;4
ZTJS|54,142,57|;3,1,5;2;4
ZTJT|108,36076,141|1;1,3;2,0,5;4
ZTSJ|54,142,3310|;3,1,5;1;2,0,5
ZTTL|561,39,142|2;3,1,5,2;3,1,5;4
ZTTS|108,4988,156|1;2;1,5,3,1,5;1,5,4
ZTTS|108,36076,156|1;1,3;2,0,5;1,5,4
ZTTT|54,142,27|;3,1,5;2;1,5,4
ZZJL|54,102,887|;4;2,5;3,1,5
ZZLJ|54,102,3310|;4;1,3,5;2,0,5
IIIII|4369,4369,13107,30583|3;;3,5;2,5;2,5
IIIII|4369,4369,13107,48059|3;;3,5;3,5;2,5
IIIII|4369,4369,21845,30583|3;;2,5;3,5;2,5
IIIII|4369,4369,21845,56797|3;;2,5;2,5;3,5
IIIII|4369,4369,39321,48059|3;;2,5,1;3,5;2,5
IIIII|4369,4369,39321,56797|3;;2,5,1;2,5;3,5
IIIII|4369,13107,13107,30583|3;3,5;;2,5;2,5
IIIII|4369,13107,13107,48059|3;3,5;;3,5;2,5
IIIII|4369,13107,30583,30583|3;3,5;2,5;;2,5
IIIII|4369,13107,48059,48059|3;3,5;3,5;;2,5
IIIII|4369,21845,21845,30583|3;2,5;;3,5;2,5
IIIII|4369,21845,21845,56797|3;2,5;;2,5;3,5
IIIII|4369,21845,30583,30583|3;2,5;3,5;;2,5
IIIII|4369,21845,56797,56797|3;2,5;2,5;;3,5
IIIII|4369,39321,39321,48059|3;2,5,1;;3,5;2,5
IIIII|4369,39321,39321,56797|3;2,5,1;;2,5;3,5
IIIII|4369,39321,48059,48059|3;2,5,1;3,5;;2,5
IIIII|4369,39321,56797,56797|3;2,5,1;2,5;;3,5
IIIII|8738,8738,13107,30583|3,4;;3,5;2,5;2,5
IIIII|8738,8738,13107,48059|3,4;;3,5;3,5;2,5
IIIII|8738,8738,26214,30583|3,4;;2,5;3,5;2,5
IIIII|8738,8738,43690,48059|3,4;;2,5,1;3,5;2,5
IIIII|8738,8738,43690,61166|3,4;;2,5,1;2,5;3,5
IIIII|8738,13107,13107,30583|3,4;3,5;;2,5;2,5
IIIII|8738,13107,13107,48059|3,4;3,5;;3,5;2,5
IIIII|8738,13107,30583,30583|3,4;3,5;2,5;;2,5
IIIII|8738,13107,48059,48059|3,4;3,5;3,5;;2,5
IIIII|8738,26214,26214,30583|3,4;2,5;;3,5;2,5
IIIII|8738,26214,30583,30583|3,4;2,5;3,5;;2,5
IIIII|8738,43690,43690,48059|3,4;2,5,1;;3,5;2,5
IIIII|8738,43690,43690,61166|3,4;2,5,1;;2,5;3,5
IIIII|8738,43690,48059,48059|3,4;2,5,1;3,5;;2,5
IIIII|8738,43690,61166,61166|3,4;2,5,1;2,5;;3,5
IIIII|17476,17476,21845,30583|2,0;;2,5;3,5;2,5
IIIII|17476,17476,21845,56797|2,0;;2,5;2,5;3,5
IIIII|17476,17476,26214,30583|2,0;;3,5;3,5;2,5
IIIII|17476,17476,52428,56797|2,0;;3,5,4;2,5;3,5
IIIII|17476,17476,52428,61166|2,0;;3,5,4;3,5;3,5
IIIII|17476,21845,21845,30583|2,0;2,5;;3,5;2,5
IIIII|17476,21845,21845,56797|2,0;2,5;;2,5;3,5
IIIII|17476,21845,30583,30583|2,0;2,5;3,5;;2,5
IIIII|17476,21845,56797,56797|2,0;2,5;2,5;;3,5
IIIII|17476,26214,26214,30583|2,0;3,5;;3,5;2,5
IIIII|17476,26214,30583,30583|2,0;3,5;3,5;;2,5
IIIII|17476,52428,52428,56797|2,0;3,5,4;;2,5;3,5
IIIII|17476,52428,52428,61166|2,0;3,5,4;;3,5;3,5
IIIII|17476,52428,56797,56797|2,0;3,5,4;2,5;;3,5
IIIII|17476,52428,61166,61166|2,0;3,5,4;3,5;;3,5
IIIII|34952,34952,39321,48059|2;;3,5,0;3,5;2,5
IIIII|34952,34952,39321,56797|2;;3,5,0;2,5;3,5
IIIII|34952,34952,43690,48059|2;;3,5;3,5;2,5
IIIII|34952,34952,43690,61166|2;;3,5;2,5;3,5
IIIII|34952,34952,52428,56797|2;;2,5;2,5;3,5
IIIII|34952,34952,52428,61166|2;;2,5;3,5;3,5
IIIII|34952,39321,39321,48059|2;3,5,0;;3,5;2,5
IIIII|34952,39321,39321,56797|2;3,5,0;;2,5;3,5
IIIII|34952,39321,48059,48059|2;3,5,0;3,5;;2,5
IIIII|34952,39321,56797,56797|2;3,5,0;2,5;;3,5
IIIII|34952,43690,43690,48059|2;3,5;;3,5;2,5
IIIII|34952,43690,43690,61166|2;3,5;;2,5;3,5
IIIII|34952,43690,48059,48059|2;3,5;3,5;;2,5
IIIII|34952,43690,61166,61166|2;3,5;2,5;;3,5
IIIII|34952,52428,52428,56797|2;2,5;;2,5;3,5
IIIII|34952,52428,52428,61166|2;2,5;;3,5;3,5
IIIII|34952,52428,56797,56797|2;2,5;2,5;;3,5
IIIII|34952,52428,61166,61166|2;2,5;3,5;;3,5
IIIJJ|4369,4369,13107,955|3;;3,5;1,3,5;1,2,5
IIIJJ|4369,4369,39321,2525|3;;2,5,1;3,5;2,5
IIIJJ|4369,13107,13107,955|3;3,5;;1,3,5;1,2,5
IIIJJ|4369,39321,39321,2525|3;2,5,1;;3,5;2,5
IIIJJ|8738,8738,13107,955|3,4;;3,5;1,3,5;1,2,5
IIIJJ|8738,13107,13107,955|3,4;3,5;;1,3,5;1,2,5
IIIJJ|17476,17476,52428,3310|2,0;;3,5,4;3,5;2,0,5
IIIJJ|17476,52428,52428,3310|2,0;3,5,4;;3,5;2,0,5
IIIJJ|34952,34952,39321,2525|2;;3,5,0;3,5;2,5
IIIJJ|34952,34952,52428,3310|2;;2,5;3,5;2,0,5
IIIJJ|34952,39321,39321,2525|2;3,5,0;;3,5;2,5
IIIJJ|34952,52428,52428,3310|2;2,5;;3,5;2,0,5
IIIJL|4369,4369,13107,887|3;;3,5;1,2,5;3,1,5
IIIJL|4369,4369,39321,2491|3;;2,5,1;2,5;1,3,5
IIIJL|4369,13107,13107,887|3;3,5;;1,2,5;3,1,5
IIIJL|4369,39321,39321,2491|3;2,5,1;;2,5;1,3,5
IIIJL|8738,8738,13107,887|3,4;;3,5;1,2,5;3,1,5
IIIJL|8738,13107,13107,887|3,4;3,5;;1,2,5;3,1,5
IIIJL|17476,17476,52428,3293|2,0;;3,5,4;2,5,0,5;3,5
IIIJL|17476,52428,52428,3293|2,0;3,5,4;;2,5,0,5;3,5
IIIJL|34952,34952,39321,2491|2;;3,5,0;2,5;1,3,5
IIIJL|34952,34952,52428,3293|2;;2,5;2,5,0,5;3,5
IIIJL|34952,39321,39321,2491|2;3,5,0;;2,5;1,3,5
IIIJL|34952,52428,52428,3293|2;2,5;;2,5,0,5;3,5
IIILJ|4369,4369,13107,955|3;;3,5;3,5,1,5;1,2,5
IIILJ|4369,4369,39321,2525|3;;2,5,1;1,3,5;2,5
IIILJ|4369,13107,13107,955|3;3,5;;3,5,1,5;1,2,5
IIILJ|4369,39321,39321,2525|3;2,5,1;;1,3,5;2,5
IIILJ|8738,8738,13107,955|3,4;;3,5;3,5,1,5;1,2,5
IIILJ|8738,13107,13107,955|3,4;3,5;;3,5,1,5;1,2,5
IIILJ|17476,17476,52428,3310|2,0;;3,5,4;3,5;2,0,5
IIILJ|17476,52428,52428,3310|2,0;3,5,4;;3,5;2,0,5
IIILJ|34952,34952,39321,2525|2;;3,5,0;1,3,5;2,5
IIILJ|34952,34952,52428,3310|2;;2,5;3,5;2,0,5
IIILJ|34952,39321,39321,2525|2;3,5,0;;1,3,5;2,5
IIILJ|34952,52428,52428,3310|2;2,5;;3,5;2,0,5
IIILL|4369,4369,13107,887|3;;3,5;1,2,5;3,1,5
IIILL|4369,4369,39321,2491|3;;2,5,1;2,5;1,3,5
IIILL|4369,13107,13107,887|3;3,5;;1,2,5;3,1,5
IIILL|4369,39321,39321,2491|3;2,5,1;;2,5;1,3,5
IIILL|8738,8738,13107,887|3,4;;3,5;1,2,5;3,1,5
IIILL|8738,13107,13107,887|3,4;3,5;;1,2,5;3,1,5
IIILL|17476,17476,52428,3293|2,0;;3,5,4;2,5;3,5
IIILL|17476,52428,52428,3293|2,0;3,5,4;;2,5;3,5
IIILL|34952,34952,39321,2491|2;;3,5,0;2,5;1,3,5
IIILL|34952,34952,52428,3293|2;;2,5;2,5;3,5
IIILL|34952,39321,39321,2491|2;3,5,0;;2,5;1,3,5
IIILL|34952,52428,52428,3293|2;2,5;;2,5;3,5
IIIOO|4369,4369,13107,51|3;;3,5;1,5;1,5
IIIOO|4369,4369,39321,153|3;;2,5,1;;
IIIOO|4369,13107,13107,51|3;3,5;;1,5;1,5
IIIOO|4369,39321,39321,153|3;2,5,1;;;
IIIOO|8738,8738,13107,51|3,4;;3,5;1,5;1,5
IIIOO|8738,13107,13107,51|3,4;3,5;;1,5;1,5
IIIOO|17476,17476,52428,204|2,0;;3,5,4;0,5;0,5
IIIOO|17476,52428,52428,204|2,0;3,5,4;;0,5;0,5
IIIOO|34952,34952,39321,153|2;;3,5,0;;
IIIOO|34952,34952,52428,204|2;;2,5;0,5;0,5
IIIOO|34952,39321,39321,153|2;3,5,0;;;
IIIOO|34952,52428,52428,204|2;2,5;;0,5;0,5
IIITJ|4369,4369,13107,955|3;;3,5;3,1,5;1,2,5
IIITJ|4369,4369,39321,2525|3;;2,5,1;1,3,5;2,5
IIITJ|4369,13107,13107,955|3;3,5;;3,1,5;1,2,5
IIITJ|4369,39321,39321,2525|3;2,5,1;;1,3,5;2,5
IIITJ|8738,8738,13107,955|3,4;;3,5;3,1,5;1,2,5
IIITJ|8738,13107,13107,955|3,4;3,5;;3,1,5;1,2,5
IIITJ|17476,17476,52428,3310|2,0;;3,5,4;3,5;2,0,5
IIITJ|17476,52428,52428,3310|2,0;3,5,4;;3,5;2,0,5
IIITJ|34952,34952,39321,2525|2;;3,5,0;1,3,5;2,5
IIITJ|34952,34952,52428,3310|2;;2,5;3,5;2,0,5
IIITJ|34952,39321,39321,2525|2;3,5,0;;1,3,5;2,5
IIITJ|34952,52428,52428,3310|2;2,5;;3,5;2,0,5
IIITL|4369,4369,13107,887|3;;3,5;1,2,5;3,1,5
IIITL|4369,4369,39321,2491|3;;2,5,1;2,5;1,3,5
IIITL|4369,13107,13107,887|3;3,5;;1,2,5;3,1,5
IIITL|4369,39321,39321,2491|3;2,5,1;;2,5;1,3,5
IIITL|8738,8738,13107,887|3,4;;3,5;1,2,5;3,1,5
IIITL|8738,13107,13107,887|3,4;3,5;;1,2,5;3,1,5
IIITL|17476,17476,52428,3293|2,0;;3,5,4;2,0,5;3,5
IIITL|17476,52428,52428,3293|2,0;3,5,4;;2,0,5;3,5
IIITL|34952,34952,39321,2491|2;;3,5,0;2,5;1,3,5
IIITL|34952,34952,52428,3293|2;;2,5;2,0,5;3,5
IIITL|34952,39321,39321,2491|2;3,5,0;;2,5;1,3,5
IIITL|34952,52428,52428,3293|2;2,5;;2,0,5;3,5
IIJIJ|4369,4369,5463,2525|3;;3,5;2,5;2,5
IIJIJ|4369,4369,6557,955|3;;1,5,3;3,5;1,2,5
IIJIJ|4369,13107,887,139|3;3,5;1,2,5;3,5;4
IIJIJ|4369,13107,955,955|3;3,5;1,3,5;;1,2,5
IIJIJ|4369,39321,2525,2525|3;2,5,1;3,5;;2,5
IIJIJ|8738,8738,10926,955|3,4;;1,3,5;3,5;1,2,5
IIJIJ|8738,13107,887,139|3,4;3,5;1,2,5;3,5;4
IIJIJ|8738,13107,955,955|3,4;3,5;1,3,5;;1,2,5
IIJIJ|17476,17476,18023,3310|2,0;;3,5;3,5,3,3,5;2,0,5
IIJIJ|17476,52428,3310,3310|2,0;3,5,4;3,5;;2,0,5
IIJIJ|34952,34952,35499,3310|2;;2,4;2,5;2,0,5
IIJIJ|34952,34952,36046,2525|2;;3;2,5;2,5
IIJIJ|34952,39321,2525,2525|2;3,5,0;3,5;;2,5
IIJIJ|34952,52428,3310,3310|2;2,5;3,5;;2,0,5
IIJIL|4369,4369,5939,2491|3;;2,5;2,5;1,3,5
IIJIL|4369,4369,7509,887|3;;2,5,1;3,5;3,1,5
IIJIL|4369,13107,887,887|3;3,5;1,2,5;;3,1,5
IIJIL|4369,39321,2491,2491|3;2,5,1;2,5;;1,3,5
IIJIL|8738,8738,11878,887|3,4;;1,2,5;3,5;3,1,5
IIJIL|8738,13107,887,887|3,4;3,5;1,2,5;;3,1,5
IIJIL|17476,17476,18261,3293|2,0;;2,5,0,5;2,5;3,5
IIJIL|17476,52428,3293,3293|2,0;3,5,4;2,5,0,5;;3,5
IIJIL|17476,52428,3310,29|2,0;3,5,4;3,5;3,5;4,5
IIJIL|34952,34952,35737,3293|2;;2;2,5;3,5
IIJIL|34952,34952,36522,2491|2;;2,1;3,5;1,3,5
IIJIL|34952,39321,2491,2491|2;3,5,0;2,5;;1,3,5
IIJIL|34952,52428,3293,3293|2;2,5;2,5,0,5;;3,5
IIJIL|34952,52428,3310,29|2;2,5;3,5;3,5;4,5
IIJJI|4369,4369,5463,30583|3;;3,5;2,5;2,5
IIJJI|4369,4369,6557,56797|3;;1,5,3;1,5,2,5;3,5
IIJJI|4369,13107,887,30583|3;3,5;1,2,5;4;2,5
IIJJI|8738,8738,10926,61166|3,4;;1,3,5;1,2,5;3,5
IIJJI|8738,13107,887,30583|3,4;3,5;1,2,5;4;2,5
IIJJI|17476,17476,18023,30583|2,0;;3,5;2,0,5;2,5
IIJJI|34952,34952,35499,48059|2;;2,4;2,5;2,5
IIJJI|34952,34952,36046,61166|2;;3;2,5;3,5
IIJJO|4369,4369,275,51|3;;1,5;1,5;1,5
IIJJO|4369,4369,275,153|3;;1,5;1,5,3;
IIJJO|4369,4369,281,153|3;;1,5,4;1,5,4;
IIJJO|4369,4369,5939,51|3;;2,5;1,5,4;1,5
IIJJO|34952,34952,2185,153|2;;;;
IIJJO|34952,34952,2185,204|2;;;3;0,5
IIJJO|34952,34952,2188,204|2;;4;4;0,5
IIJJO|34952,34952,35737,153|2;;2;4;
IIJJS|4369,4369,281,57|3;;1,5,4;1,5;4
IIJJS|34952,34952,2188,156|2;;4;;1,5,4
IIJJT|4369,4369,275,27|3;;1,5;1,5,4;1,5,4
IIJJT|4369,4369,6557,27|3;;1,5,3;2,5;1,5,4
IIJJT|34952,34952,2185,141|2;;;4;4
IIJJT|34952,34952,35737,141|2;;2;3,4,5,4,5;4
IIJJT|34952,34952,36046,141|2;;3;2,5,0,5;4
IIJJZ|34952,34952,2188,2973|2;;4;2,0;1,2,4
IIJLI|17476,52428,3310,61166|2,0;3,5,4;3,5;1,4;3,5
IIJLI|34952,52428,3310,61166|2;2,5;3,5;1,4;3,5
IIJLO|4369,4369,275,51|3;;1,5;4,5;1,5
IIJLO|4369,4369,281,51|3;;1,5,4;2,5;1,5
IIJLO|4369,4369,281,153|3;;1,5,4;1,5;
IIJLO|4369,39321,843161,153|3;2,5,1;1,2,5;3,5,4,5,4;
IIJLO|34952,34952,2185,153|2;;;4;
IIJLO|34952,34952,2188,153|2;;4;2;
IIJLO|34952,34952,2188,204|2;;4;;0,5
IIJLO|34952,39321,843161,153|2;3,5,0;1,2,5;3,5,4,5,4;
IIJLS|4369,4369,275,3483|3;;1,5;1,5,3,1;3,4
IIJLT|4369,4369,281,27|3;;1,5,4;4,5;1,5,4
IIJLT|34952,34952,2188,141|2;;4;4;4
IIJLZ|4369,4369,275,147|3;;1,5;1,5;4
IIJLZ|4369,4369,6557,2973|3;;1,5,3;4,5;1,2,4
IIJLZ|34952,34952,2185,201|2;;;;1,4
IIJLZ|34952,34952,36046,3534|2;;3;4;2,4
IIJOJ|4369,4369,281,23|3;;1,5,4;;1,5,4
IIJOJ|34952,34952,2188,139|2;;4;0,5;4
IIJOL|4369,4369,275,29|3;;1,5;1,5;4,5
IIJOL|4369,4369,6557,29|3;;1,5,3;;4,5
IIJOL|34952,34952,2185,142|2;;;;4
IIJOL|34952,34952,36046,142|2;;3;0,5;4
IIJSL|4369,4369,275,887|3;;1,5;2,5;3,1,5
IIJSL|4369,4369,281,29|3;;1,5,4;1,5,4;4,5
IIJSL|4369,39321,2525,3293|3;2,5,1;3,5;4;3,5
IIJSL|17476,52428,3293,29|2,0;3,5,4;2,5,0,5;3;4,5
IIJSL|34952,34952,2185,2491|2;;;3;1,3,5
IIJSL|34952,34952,2188,142|2;;4;4;4
IIJSL|34952,39321,2525,3293|2;3,5,0;3,5;4;3,5
IIJSL|34952,52428,3293,29|2;2,5;2,5,0,5;3;4,5
IIJTJ|4369,4369,275,23|3;;1,5;1,5,4;1,5,4
IIJTJ|34952,34952,2185,139|2;;;4;4
IIJTL|4369,4369,281,29|3;;1,5,4;1,5,4;4,5
IIJTL|34952,34952,2188,142|2;;4;4;4
IIJTT|4369,4369,6557,27|3;;1,5,3;2,5;1,5,4
IIJTT|34952,34952,36046,141|2;;3;2,0,5;4
IIJZJ|4369,4369,275,23|3;;1,5;1,5,4;1,5,4
IIJZJ|4369,4369,281,2525|3;;1,5,4;3,5,1;2,5
IIJZJ|4369,13107,955,139|3;3,5;1,3,5;1,5,2;4
IIJZJ|4369,39321,2491,955|3;2,5,1;2,5;4;1,2,5
IIJZJ|8738,13107,955,139|3,4;3,5;1,3,5;1,5,2;4
IIJZJ|34952,34952,2185,139|2;;;4;4
IIJZJ|34952,34952,2188,3310|2;;4;2;2,0,5
IIJZJ|34952,39321,2491,955|2;3,5,0;2,5;4;1,2,5
IIJZL|4369,4369,6557,29|3;;1,5,3;2,5;4,5
IIJZL|34952,34952,36046,142|2;;3;3,5;4
IILIJ|4369,4369,5973,2525|3;;4,5,2;2,5;2,5
IILIJ|4369,4369,7577,955|3;;1,5,3;3,5;1,2,5
IILIJ|4369,13107,887,139|3;3,5;1,2,5;3,5;4
IILIJ|4369,13107,955,955|3;3,5;3,5,1,5;;1,2,5
IILIJ|4369,39321,2525,2525|3;2,5,1;1,3,5;;2,5
IILIJ|8738,8738,11946,955|3,4;;3,5,1,5;3,5;1,2,5
IILIJ|8738,13107,887,139|3,4;3,5;1,2,5;3,5;4
IILIJ|8738,13107,955,955|3,4;3,5;3,5,1,5;;1,2,5
IILIJ|17476,17476,18278,3310|2,0;;3,5;2,5;2,0,5
IILIJ|17476,52428,3310,3310|2,0;3,5,4;3,5;;2,0,5
IILIJ|34952,34952,35754,3310|2;;2,4;2,5;2,0,5
IILIJ|34952,34952,36556,2525|2;;3;3,5;2,5
IILIJ|34952,39321,2525,2525|2;3,5,0;1,3,5;;2,5
IILIJ|34952,52428,3310,3310|2;2,5;3,5;;2,0,5
IILIL|4369,4369,4919,2491|3;;2,5;3,5;1,3,5
IILIL|4369,4369,5469,887|3;;2,5,1;3,5;3,1,5
IILIL|4369,13107,887,887|3;3,5;1,2,5;;3,1,5
IILIL|4369,39321,2491,2491|3;2,5,1;2,5;;1,3,5
IILIL|8738,8738,9838,887|3,4;;1,2,5;3,5;3,1,5
IILIL|8738,13107,887,887|3,4;3,5;1,2,5;;3,1,5
IILIL|17476,17476,17751,3293|2,0;;2,5;2,5;3,5
IILIL|17476,52428,3293,3293|2,0;3,5,4;2,5;;3,5
IILIL|17476,52428,3310,29|2,0;3,5,4;3,5;3,5;4,5
IILIL|34952,34952,35227,3293|2;;2;2,5;3,5
IILIL|34952,34952,35502,2491|2;;2,1;3,5;1,3,5
IILIL|34952,39321,2491,2491|2;3,5,0;2,5;;1,3,5
IILIL|34952,52428,3293,3293|2;2,5;2,5;;3,5
IILIL|34952,52428,3310,29|2;2,5;3,5;3,5;4,5
IILJI|4369,13107,887,30583|3;3,5;1,2,5;4;2,5
IILJI|8738,13107,887,30583|3,4;3,5;1,2,5;4;2,5
IILJO|4369,4369,275,51|3;;4,5;1,5;1,5
IILJO|4369,4369,275,153|3;;4,5;1,5,3;
IILJO|4369,4369,281,153|3;;1,5;1,5,4;
IILJO|4369,39321,244633,153|3;2,5,1;3,5;1,2,5,4,5,4;
IILJO|34952,34952,2185,153|2;;4;;
IILJO|34952,34952,2185,204|2;;4;3;0,5
IILJO|34952,34952,2188,204|2;;;4;0,5
IILJO|34952,39321,244633,153|2;3,5,0;3,5;1,2,5,4,5,4;
IILJS|4369,4369,281,57|3;;1,5;1,5;4
IILJS|4369,4369,4919,2871|3;;2,5;1,5,4;3,4
IILJS|34952,34952,2188,156|2;;;;1,5,4
IILJS|34952,34952,35227,3483|2;;2;4;3,4
IILJT|4369,4369,275,27|3;;4,5;1,5,4;1,5,4
IILJT|34952,34952,2185,141|2;;4;4;4
IILJZ|34952,34952,2188,2973|2;;;2,0;1,2,4
IILLI|4369,4369,4919,30583|3;;2,5;1,5,3,5;2,5
IILLI|4369,4369,5469,56797|3;;2,5,1;1,5,3,5;3,5
IILLI|8738,8738,9838,61166|3,4;;1,2,5;3,1,5;3,5
IILLI|17476,17476,17751,30583|2,0;;2,5;3,5;2,5
IILLI|17476,52428,3310,61166|2,0;3,5,4;3,5;1,4;3,5
IILLI|34952,34952,35227,48059|2;;2;3,5;2,5
IILLI|34952,34952,35502,61166|2;;2,1;3,5;3,5
IILLI|34952,52428,3310,61166|2;2,5;3,5;1,4;3,5
IILLO|4369,4369,275,51|3;;4,5;4,5;1,5
IILLO|4369,4369,281,51|3;;1,5;2,5;1,5
IILLO|4369,4369,281,153|3;;1,5;1,5;
IILLO|4369,4369,7577,153|3;;1,5,3;4,5;
IILLO|34952,34952,2185,153|2;;4;4;
IILLO|34952,34952,2188,153|2;;;2;
IILLO|34952,34952,2188,204|2;;;;0,5
IILLO|34952,34952,36556,204|2;;3;4;0,5
IILLS|4369,4369,275,3483|3;;4,5;1,5,3,1;3,4
IILLT|4369,4369,281,27|3;;1,5;4,5;1,5,4
IILLT|4369,4369,4919,27|3;;2,5;1,5,3,5,1,5;1,5,4
IILLT|4369,4369,7577,27|3;;1,5,3;3,5,4,5;1,5,4
IILLT|34952,34952,2188,141|2;;;4;4
IILLT|34952,34952,35227,141|2;;2;3,5,1,5;4
IILLZ|4369,4369,275,147|3;;4,5;1,5;4
IILLZ|34952,34952,2185,201|2;;4;;1,4
IILOJ|4369,4369,281,23|3;;1,5;;1,5,4
IILOJ|4369,4369,4919,23|3;;2,5;1,5;1,5,4
IILOJ|34952,34952,2188,139|2;;;0,5;4
IILOJ|34952,34952,35227,139|2;;2;;4
IILOL|4369,4369,275,29|3;;4,5;1,5;4,5
IILOL|34952,34952,2185,142|2;;4;;4
IILSJ|4369,4369,4919,23|3;;2,5;1,5,2,5;1,5,4
IILSJ|34952,34952,35227,139|2;;2;2,5;4
IILSL|4369,4369,275,887|3;;4,5;2,5;3,1,5
IILSL|4369,4369,281,29|3;;1,5;1,5,4;4,5
IILSL|4369,39321,2525,3293|3;2,5,1;1,3,5;4;3,5
IILSL|17476,52428,3293,29|2,0;3,5,4;2,5;3;4,5
IILSL|34952,34952,2185,2491|2;;4;3;1,3,5
IILSL|34952,34952,2188,142|2;;;4;4
IILSL|34952,39321,2525,3293|2;3,5,0;1,3,5;4;3,5
IILSL|34952,52428,3293,29|2;2,5;2,5;3;4,5
IILTJ|4369,4369,275,23|3;;4,5;1,5,4;1,5,4
IILTJ|34952,34952,2185,139|2;;4;4;4
IILTL|4369,4369,281,29|3;;1,5;1,5,4;4,5
IILTL|34952,34952,2188,142|2;;;4;4
IILTT|4369,4369,4919,27|3;;2,5;1,5,3,1,5;1,5,4
IILTT|34952,34952,35227,141|2;;2;3,1,5;4
IILZJ|4369,4369,275,23|3;;4,5;1,5,4;1,5,4
IILZJ|4369,4369,281,2525|3;;1,5;3,5,1;2,5
IILZJ|4369,13107,955,139|3;3,5;3,5,1,5;1,5,2;4
IILZJ|4369,39321,2491,955|3;2,5,1;2,5;4;1,2,5
IILZJ|8738,13107,955,139|3,4;3,5;3,5,1,5;1,5,2;4
IILZJ|34952,34952,2185,139|2;;4;4;4
IILZJ|34952,34952,2188,3310|2;;;2;2,0,5
IILZJ|34952,39321,2491,955|2;3,5,0;2,5;4;1,2,5
IIOIO|4369,4369,4471,153|3;;;2,1,5;
IIOIO|4369,4369,4573,51|3;;1;3,5;1,5
IIOIO|4369,13107,51,51|3;3,5;1,5;;1,5
IIOIO|4369,39321,153,153|3;2,5,1;;;
IIOIO|8738,8738,8942,51|3,4;;1,5;3,5;1,5
IIOIO|8738,13107,51,51|3,4;3,5;1,5;;1,5
IIOIO|17476,17476,17527,204|2,0;;0,5;3,4,1,5;0,5
IIOIO|17476,52428,204,204|2,0;3,5,4;0,5;;0,5
IIOIO|34952,34952,35003,204|2;;0;2,5;0,5
IIOIO|34952,34952,35054,153|2;;;3,0,5;
IIOIO|34952,39321,153,153|2;3,5,0;;;
IIOIO|34952,52428,204,204|2;2,5;0,5;;0,5
IIOJJ|4369,4369,4471,23|3;;;1,5,4;1,5,4
IIOJJ|4369,4369,4573,23|3;;1;2,5;1,5,4
IIOJJ|4369,4369,4573,2525|3;;1;1,5,4;2,5
IIOJJ|4369,13107,51,139|3;3,5;1,5;1,3,5;4
IIOJJ|8738,13107,51,139|3,4;3,5;1,5;1,3,5;4
IIOJJ|34952,34952,35003,139|2;;0;4;4
IIOJJ|34952,34952,35054,139|2;;;2,5;4
IIOJJ|34952,34952,35054,3310|2;;;4;2,0,5
IIOJL|4369,4369,4471,887|3;;;1,5;3,1,5
IIOJL|4369,39321,153,3293|3;2,5,1;;1,2,5;3,5
IIOJL|34952,34952,35003,2491|2;;0;;1,3,5
IIOJL|34952,39321,153,3293|2;3,5,0;;1,2,5;3,5
IIOLJ|4369,4369,4573,2525|3;;1;1,5;2,5
IIOLJ|4369,39321,153,955|3;2,5,1;;3,5;1,2,5
IIOLJ|34952,34952,35054,3310|2;;;;2,0,5
IIOLJ|34952,39321,153,955|2;3,5,0;;3,5;1,2,5
IIOLL|4369,4369,4471,29|3;;;1,5,3,5;4,5
IIOLL|4369,4369,4471,887|3;;;4,5;3,1,5
IIOLL|4369,4369,4573,29|3;;1;4,5;4,5
IIOLL|17476,52428,204,29|2,0;3,5,4;0,5;2,5;4,5
IIOLL|34952,34952,35003,142|2;;0;3,5;4
IIOLL|34952,34952,35003,2491|2;;0;4;1,3,5
IIOLL|34952,34952,35054,142|2;;;4;4
IIOLL|34952,52428,204,29|2;2,5;0,5;2,5;4,5
IIOOI|4369,4369,4471,30583|3;;;;2,5
IIOOI|4369,4369,4573,56797|3;;1;1;3,5
IIOOI|8738,8738,8942,61166|3,4;;1,5;1,5;3,5
IIOOI|17476,17476,17527,30583|2,0;;0,5;0,5;2,5
IIOOI|34952,34952,35003,48059|2;;0;0;2,5
IIOOI|34952,34952,35054,61166|2;;;;3,5
IIOSZ|4369,39321,153,201|3;2,5,1;;4;1,4
IIOSZ|34952,39321,153,201|2;3,5,0;;4;1,4
IIOTJ|4369,13107,51,139|3;3,5;1,5;3,1,5;4
IIOTJ|8738,13107,51,139|3,4;3,5;1,5;3,1,5;4
IIOTL|17476,52428,204,29|2,0;3,5,4;0,5;2,0,5;4,5
IIOTL|34952,52428,204,29|2;2,5;0,5;2,0,5;4,5
IIOZS|4369,39321,153,57|3;2,5,1;;4;4
IIOZS|34952,39321,153,57|2;3,5,0;;4;4
IISJL|4369,4369,5593,3545|3;;1,5,3;1,5,4;3,5,4
IISJL|4369,39321,2493,3293|3;2,5,1;2,5;1,2,5;3,5
IISJL|34952,39321,2493,3293|2;3,5,0;2,5;1,2,5;3,5
IISLJ|4369,4369,4567,23|3;;4,5;4,5;1,5,4
IISLJ|4369,4369,5593,23|3;;1,5,3;3,5,4;1,5,4
IISLJ|4369,39321,51609,3001|3;2,5,1;4;3,5,4,5,4;1,2,5,4
IISLJ|34952,34952,35051,139|2;;;4;4
IISLJ|34952,39321,51609,3001|2;3,5,0;4;3,5,4,5,4;1,2,5,4
IISLL|4369,4369,4981,29|3;;2,5;1,5,3,1,5;4,5
IISLL|34952,34952,35258,142|2;;2;3,1,5;4
IISTJ|4369,13107,891,139|3;3,5;3,1,5;3,1,5;4
IISTJ|8738,13107,891,139|3,4;3,5;3,1,5;3,1,5;4
IISTL|4369,4369,4567,887|3;;4,5;1,5,2;3,1,5
IISTL|34952,34952,35051,2491|2;;;2;1,3,5
IISZO|4369,39321,51609,153|3;2,5,1;4;1,4;
IISZO|34952,39321,51609,153|2;3,5,0;4;1,4;
IITIJ|4369,4369,5493,2525|3;;2,5,4;2,5;2,5
IITIJ|4369,4369,6617,955|3;;1,5,3;3,5;1,2,5
IITIJ|4369,13107,887,139|3;3,5;1,2,5;3,5;4
IITIJ|4369,13107,955,955|3;3,5;3,1,5;;1,2,5
IITIJ|4369,39321,2525,2525|3;2,5,1;1,3,5;;2,5
IITIJ|8738,8738,10986,955|3,4;;3,1,5;3,5;1,2,5
IITIJ|8738,13107,887,139|3,4;3,5;1,2,5;3,5;4
IITIJ|8738,13107,955,955|3,4;3,5;3,1,5;;1,2,5
IITIJ|17476,17476,18038,3310|2,0;;3,5;3,3,5,3,5;2,0,5
IITIJ|17476,52428,3310,3310|2,0;3,5,4;3,5;;2,0,5
IITIJ|34952,34952,35514,3310|2;;2,4;2,5;2,0,5
IITIJ|34952,34952,36076,2525|2;;3;2,5;2,5
IITIJ|34952,39321,2525,2525|2;3,5,0;1,3,5;;2,5
IITIJ|34952,52428,3310,3310|2;2,5;3,5;;2,0,5
IITIL|4369,4369,4979,2491|3;;2,5;3,5;1,3,5
IITIL|4369,4369,5589,887|3;;2,5,1;3,5;3,1,5
IITIL|4369,13107,887,887|3;3,5;1,2,5;;3,1,5
IITIL|4369,39321,2491,2491|3;2,5,1;2,5;;1,3,5
IITIL|8738,8738,9958,887|3,4;;1,2,5;3,5;3,1,5
IITIL|8738,13107,887,887|3,4;3,5;1,2,5;;3,1,5
IITIL|17476,17476,17781,3293|2,0;;2,0,5;2,5;3,5
IITIL|17476,52428,3293,3293|2,0;3,5,4;2,0,5;;3,5
IITIL|17476,52428,3310,29|2,0;3,5,4;3,5;3,5;4,5
IITIL|34952,34952,35257,3293|2;;2;2,5;3,5
IITIL|34952,34952,35562,2491|2;;2,1;3,5;1,3,5
IITIL|34952,39321,2491,2491|2;3,5,0;2,5;;1,3,5
IITIL|34952,52428,3293,3293|2;2,5;2,0,5;;3,5
IITIL|34952,52428,3310,29|2;2,5;3,5;3,5;4,5
IITJI|4369,13107,887,30583|3;3,5;1,2,5;4;2,5
IITJI|8738,13107,887,30583|3,4;3,5;1,2,5;4;2,5
IITJL|4369,4369,277,29|3;;1,5;1,5,4;4,5
IITJL|34952,34952,2186,142|2;;;4;4
IITJT|4369,4369,6617,27|3;;1,5,3;2,5;1,5,4
IITJT|34952,34952,36076,141|2;;3;2,0,5;4
IITLI|17476,52428,3310,61166|2,0;3,5,4;3,5;1,4;3,5
IITLI|34952,52428,3310,61166|2;2,5;3,5;1,4;3,5
IITLJ|4369,4369,277,23|3;;1,5;4,5;1,5,4
IITLJ|34952,34952,2186,139|2;;;4;4
IITLT|4369,4369,4979,27|3;;2,5;1,5,3,1,5;1,5,4
IITLT|34952,34952,35257,141|2;;2;3,1,5;4
IITSL|4369,4369,6617,3545|3;;1,5,3;1,5,4;3,5,4
IITSL|4369,39321,2525,3293|3;2,5,1;1,3,5;4;3,5
IITSL|17476,52428,3293,29|2,0;3,5,4;2,0,5;3;4,5
IITSL|34952,39321,2525,3293|2;3,5,0;1,3,5;4;3,5
IITSL|34952,52428,3293,29|2;2,5;2,0,5;3;4,5
IITTJ|4369,4369,277,2525|3;;1,5;1,5,3;2,5
IITTJ|34952,34952,2186,3310|2;;;3;2,0,5
IITTJ|34952,34952,35257,3001|2;;2;4;1,2,5,4
IITTL|4369,4369,277,887|3;;1,5;1,5,2;3,1,5
IITTL|4369,4369,6617,3545|3;;1,5,3;1,5,4;3,5,4
IITTL|34952,34952,2186,2491|2;;;2;1,3,5
IITTS|4369,4369,6617,57|3;;1,5,3;2,5;4
IITTS|34952,34952,36076,156|2;;3;2,0,5;1,5,4
IITTZ|4369,4369,4979,147|3;;2,5;1,5,3,1,5;4
IITTZ|34952,34952,35257,201|2;;2;3,1,5;1,4
IITZJ|4369,13107,955,139|3;3,5;3,1,5;1,5,2;4
IITZJ|4369,39321,2491,955|3;2,5,1;2,5;4;1,2,5
IITZJ|8738,13107,955,139|3,4;3,5;3,1,5;1,5,2;4
IITZJ|34952,34952,35257,3001|2;;2;4;1,2,5,4
IITZJ|34952,39321,2491,955|2;3,5,0;2,5;4;1,2,5
IIZJJ|4369,4369,6613,23|3;;1,5,3;2,5;1,5,4
IIZJJ|34952,34952,36074,139|2;;3;2,0,5;4
IIZJL|4369,4369,4477,29|3;;4,5;1,5,4;4,5
IIZJL|4369,39321,14745,3545|3;2,5,1;4;1,2,5,4,5,4;3,5,4
IIZJL|34952,34952,35006,142|2;;;4;4
IIZJL|34952,34952,35513,142|2;;2;3,4,5,4;4
IIZJL|34952,39321,14745,3545|2;3,5,0;4;1,2,5,4,5,4;3,5,4
IIZLJ|4369,39321,2523,955|3;2,5,1;2,5;3,5;1,2,5
IIZLJ|34952,34952,35513,3001|2;;2;4;1,2,5,4
IIZLJ|34952,39321,2523,955|2;3,5,0;2,5;3,5;1,2,5
IIZSO|4369,39321,14745,153|3;2,5,1;4;4;
IIZSO|34952,39321,14745,153|2;3,5,0;4;4;
IIZTJ|4369,4369,4477,2525|3;;4,5;1,5,3;2,5
IIZTJ|34952,34952,35006,3310|2;;;3;2,0,5
IIZTL|17476,52428,3309,29|2,0;3,5,4;3,5;2,0,5;4,5
IIZTL|34952,52428,3309,29|2;2,5;3,5;2,0,5;4,5
IJIIJ|4369,5463,2525,2525|3;3,5;2,5;;2,5
IJIIJ|4369,5463,5463,2525|3;3,5;;2,5;2,5
IJIIJ|4369,6557,955,955|3;1,5,3;3,5;;1,2,5
IJIIJ|4369,6557,6557,955|3;1,5,3;;3,5;1,2,5
IJIIJ|4369,7509,887,139|3;2,5,1;3,5;3,5;4
IJIIJ|8738,10926,955,955|3,4;1,3,5;3,5;;1,2,5
IJIIJ|8738,10926,10926,955|3,4;1,3,5;;3,5;1,2,5
IJIIJ|8738,11878,887,139|3,4;1,2,5;3,5;3,5;4
IJIIJ|17476,18023,3310,3310|2,0;3,5;3,5,3,3,5;;2,0,5
IJIIJ|17476,18023,18023,3310|2,0;3,5;;3,5,3,3,5;2,0,5
IJIIJ|34952,2188,6557,955|2;4;3,5,0;3,5;1,2,5
IJIIJ|34952,2188,10926,955|2;4;3,5;3,5;1,2,5
IJIIJ|34952,35499,3310,3310|2;2,4;2,5;;2,0,5
IJIIJ|34952,35499,35499,3310|2;2,4;;2,5;2,0,5
IJIIJ|34952,36046,2525,2525|2;3;2,5;;2,5
IJIIJ|34952,36046,36046,2525|2;3;;2,5;2,5
IJIIL|4369,275,17751,3293|3;1,5;2,5;2,5;3,5
IJIIL|4369,275,35227,3293|3;1,5;2,5,1;2,5;3,5
IJIIL|4369,5939,2491,2491|3;2,5;2,5;;1,3,5
IJIIL|4369,5939,5939,2491|3;2,5;;2,5;1,3,5
IJIIL|4369,7509,887,887|3;2,5,1;3,5;;3,1,5
IJIIL|4369,7509,7509,887|3;2,5,1;;3,5;3,1,5
IJIIL|8738,11878,887,887|3,4;1,2,5;3,5;;3,1,5
IJIIL|8738,11878,11878,887|3,4;1,2,5;;3,5;3,1,5
IJIIL|17476,18023,3310,29|2,0;3,5;3,5,3,3,5;3,5;4,5
IJIIL|17476,18023,87927,29|2,0;3,5;3,5;2,5;4,5
IJIIL|17476,18261,3293,3293|2,0;2,5,0,5;2,5;;3,5
IJIIL|17476,18261,18261,3293|2,0;2,5,0,5;;2,5;3,5
IJIIL|34952,35499,3310,29|2;2,4;2,5;3,5;4,5
IJIIL|34952,35499,105403,29|2;2,4;3,5;2,5;4,5
IJIIL|34952,35737,3293,3293|2;2;2,5;;3,5
IJIIL|34952,35737,35737,3293|2;2;;2,5;3,5
IJIIL|34952,36522,2491,2491|2;2,1;3,5;;1,3,5
IJIIL|34952,36522,36522,2491|2;2,1;;3,5;1,3,5
IJIJI|4369,5463,5463,30583|3;3,5;;2,5;2,5
IJIJI|4369,6557,6557,56797|3;1,5,3;;1,5,2,5;3,5
IJIJI|4369,7509,887,30583|3;2,5,1;3,5;4;2,5
IJIJI|8738,10926,10926,61166|3,4;1,3,5;;1,2,5;3,5
IJIJI|8738,11878,887,30583|3,4;1,2,5;3,5;4;2,5
IJIJI|17476,18023,18023,30583|2,0;3,5;;2,0,5;2,5
IJIJI|34952,2188,6557,56797|2;4;3,5,0;1,5,2,5;3,5
IJIJI|34952,2188,10926,61166|2;4;3,5;1,2,5;3,5
IJIJI|34952,35499,35499,48059|2;2,4;;2,5;2,5
IJIJI|34952,36046,36046,61166|2;3;;2,5;3,5
IJIJO|4369,275,275,51|3;1,5;;1,5;1,5
IJIJO|4369,275,275,153|3;1,5;;1,5,3;
IJIJO|4369,281,281,153|3;1,5,4;;1,5,4;
IJIJO|4369,5939,5939,51|3;2,5;;1,5,4;1,5
IJIJO|34952,2185,2185,153|2;;;;
IJIJO|34952,2185,2185,204|2;;;3;0,5
IJIJO|34952,2188,2188,204|2;4;;4;0,5
IJIJO|34952,35737,35737,153|2;2;;4;
IJIJS|4369,275,35227,3483|3;1,5;2,5,1;4;3,4
IJIJS|4369,281,281,57|3;1,5,4;;1,5;4
IJIJS|34952,2188,2188,156|2;4;;;1,5,4
IJIJT|4369,275,275,27|3;1,5;;1,5,4;1,5,4
IJIJT|4369,6557,6557,27|3;1,5,3;;2,5;1,5,4
IJIJT|34952,2185,2185,141|2;;;4;4
IJIJT|34952,2188,6557,27|2;4;3,5,0;2,5;1,5,4
IJIJT|34952,35737,35737,141|2;2;;3,4,5,4,5;4
IJIJT|34952,36046,36046,141|2;3;;2,5,0,5;4
IJIJZ|34952,2188,2188,2973|2;4;;2,0;1,2,4
IJILI|4369,275,17751,30583|3;1,5;2,5;3,5;2,5
IJILI|4369,275,35227,48059|3;1,5;2,5,1;3,5;2,5
IJILI|17476,18023,3310,61166|2,0;3,5;3,5,3,3,5;1,4;3,5
IJILI|17476,18023,87927,30583|2,0;3,5;3,5;4,5;2,5
IJILI|34952,35499,3310,61166|2;2,4;2,5;1,4;3,5
IJILI|34952,35499,105403,48059|2;2,4;3,5;4,5;2,5
IJILO|4369,275,275,51|3;1,5;;4,5;1,5
IJILO|4369,281,281,51|3;1,5,4;;2,5;1,5
IJILO|4369,281,281,153|3;1,5,4;;1,5;
IJILO|34952,2185,2185,153|2;;;4;
IJILO|34952,2188,2188,153|2;4;;2;
IJILO|34952,2188,2188,204|2;4;;;0,5
IJILO|34952,838792,843161,153|2;3,4;2,5;3,5,4,5,4;
IJILS|4369,275,275,3483|3;1,5;;1,5,3,1;3,4
IJILT|4369,275,35227,141|3;1,5;2,5,1;3,5,1,5;4
IJILT|4369,281,281,27|3;1,5,4;;4,5;1,5,4
IJILT|34952,2188,2188,141|2;4;;4;4
IJILT|34952,35499,105403,27|2;2,4;3,5;1,5,3,5;1,5,4
IJILZ|4369,275,275,147|3;1,5;;1,5;4
IJILZ|4369,6557,6557,2973|3;1,5,3;;4,5;1,2,4
IJILZ|34952,2185,2185,201|2;;;;1,4
IJILZ|34952,2188,6557,2973|2;4;3,5,0;4,5;1,2,4
IJILZ|34952,36046,36046,3534|2;3;;4;2,4
IJIOJ|4369,275,35227,139|3;1,5;2,5,1;;4
IJIOJ|4369,281,281,23|3;1,5,4;;;1,5,4
IJIOJ|34952,2188,2188,139|2;4;;0,5;4
IJIOL|4369,275,275,29|3;1,5;;1,5;4,5
IJIOL|4369,6557,6557,29|3;1,5,3;;;4,5
IJIOL|34952,2185,2185,142|2;;;;4
IJIOL|34952,2188,6557,29|2;4;3,5,0;;4,5
IJIOL|34952,36046,36046,142|2;3;;0,5;4
IJISJ|4369,275,35227,139|3;1,5;2,5,1;2,5;4
IJISJ|34952,35499,105403,955|2;2,4;3,5;2,5;1,2,5
IJISL|4369,275,275,887|3;1,5;;2,5;3,1,5
IJISL|4369,281,281,29|3;1,5,4;;1,5,4;4,5
IJISL|4369,5463,2525,3293|3;3,5;2,5;4;3,5
IJISL|17476,18261,3293,29|2,0;2,5,0,5;2,5;3;4,5
IJISL|34952,2185,2185,2491|2;;;3;1,3,5
IJISL|34952,2188,2188,142|2;4;;4;4
IJISL|34952,35737,3293,29|2;2;2,5;3;4,5
IJISL|34952,36046,2525,3293|2;3;2,5;4;3,5
IJITJ|4369,275,275,23|3;1,5;;1,5,4;1,5,4
IJITJ|34952,2185,2185,139|2;;;4;4
IJITL|4369,281,281,29|3;1,5,4;;1,5,4;4,5
IJITL|34952,2188,2188,142|2;4;;4;4
IJITT|4369,275,35227,141|3;1,5;2,5,1;3,1,5;4
IJITT|4369,6557,6557,27|3;1,5,3;;2,5;1,5,4
IJITT|34952,2188,6557,27|2;4;3,5,0;2,5;1,5,4
IJITT|34952,36046,36046,141|2;3;;2,0,5;4
IJIZJ|4369,275,275,23|3;1,5;;1,5,4;1,5,4
IJIZJ|4369,281,281,2525|3;1,5,4;;3,5,1;2,5
IJIZJ|4369,5939,2491,955|3;2,5;2,5;4;1,2,5
IJIZJ|4369,6557,955,139|3;1,5,3;3,5;1,5,2;4
IJIZJ|8738,10926,955,139|3,4;1,3,5;3,5;1,5,2;4
IJIZJ|34952,2185,2185,139|2;;;4;4
IJIZJ|34952,2188,2188,3310|2;4;;2;2,0,5
IJIZJ|34952,36522,2491,955|2;2,1;3,5;4;1,2,5
IJIZL|4369,6557,6557,29|3;1,5,3;;2,5;4,5
IJIZL|34952,2188,6557,29|2;4;3,5,0;2,5;4,5
IJIZL|34952,36046,36046,142|2;3;;3,5;4
IJJII|4369,5463,30583,30583|3;3,5;2,5;;2,5
IJJII|4369,6557,56797,56797|3;1,5,3;1,5,2,5;;3,5
IJJII|8738,10926,61166,61166|3,4;1,3,5;1,2,5;;3,5
IJJII|17476,18023,30583,30583|2,0;3,5;2,0,5;;2,5
IJJII|34952,35499,48059,48059|2;2,4;2,5;;2,5
IJJII|34952,36046,61166,61166|2;3;2,5;;3,5
IJJII|34952,838792,52428,56797|2;3,4;3,5,3;2,5;3,5
IJJII|34952,838792,52428,61166|2;3,4;3,5,3;3,5;3,5
IJJIO|4369,275,51,51|3;1,5;1,5;;1,5
IJJIO|4369,275,153,153|3;1,5;1,5,3;;
IJJIO|4369,281,153,153|3;1,5,4;1,5,4;;
IJJIO|4369,5939,51,51|3;2,5;1,5,4;;1,5
IJJIO|34952,2185,153,153|2;;;;
IJJIO|34952,2185,204,204|2;;3;;0,5
IJJIO|34952,2188,204,204|2;4;4;;0,5
IJJIO|34952,35737,153,153|2;2;4;;
IJJIS|4369,275,29971,3483|3;1,5;4;2,5;3,4
IJJIS|4369,281,57,57|3;1,5,4;1,5;;4
IJJIS|34952,2188,156,156|2;4;;;1,5,4
IJJIT|4369,275,27,27|3;1,5;1,5,4;;1,5,4
IJJIT|4369,6557,27,27|3;1,5,3;2,5;;1,5,4
IJJIT|4369,7509,1909,141|3;2,5,1;2,5;2,5;4
IJJIT|34952,2185,141,141|2;;4;;4
IJJIT|34952,2188,3758,27|2;4;2;3,5;1,5,4
IJJIT|34952,35737,141,141|2;2;3,4,5,4,5;;4
IJJIT|34952,36046,141,141|2;3;2,5,0,5;;4
IJJIT|34952,36046,2798,27|2;3;3,5;3,5;1,5,4
IJJIZ|34952,2188,2973,2973|2;4;2,0;;1,2,4
IJJJJ|4369,275,51,139|3;1,5;1,5;1,3,5;4
IJJJJ|4369,5939,51,139|3;2,5;1,5,4;1,3,5;4
IJJJJ|34952,2185,3755,955|2;;2;2,5;1,2,5
IJJJJ|34952,2188,170,955|2;4;3;2,5;1,2,5
IJJJJ|34952,2188,170,3310|2;4;3;1,2,5;2,0,5
IJJJJ|34952,35499,3755,955|2;2,4;4;2,5;1,2,5
IJJJJ|34952,838792,52428,3310|2;3,4;3,5,3;3,5;2,0,5
IJJJL|4369,275,153,3293|3;1,5;1,5,3;1,2,5;3,5
IJJJL|4369,281,153,3293|3;1,5,4;1,5,4;1,2,5;3,5
IJJJL|34952,2185,141,29|2;;4;;4,5
IJJJL|34952,2185,153,3293|2;;;1,2,5;3,5
IJJJL|34952,2185,52425,3545|2;;3,4;2,5,0,5;3,5,4
IJJJL|34952,2188,2973,3293|2;4;2,0;1,2,5;3,5
IJJJL|34952,35737,141,29|2;2;3,4,5,4,5;;4,5
IJJJL|34952,35737,153,3293|2;2;4;1,2,5;3,5
IJJJL|34952,35737,7065,29|2;2;;1,5,2,5,4,5;4,5
IJJJL|34952,35737,7065,3545|2;2;;1,5,2,5;3,5,4
IJJJL|34952,36046,141,29|2;3;2,5,0,5;;4,5
IJJJL|34952,838792,52425,3545|2;3,4;3,5,2,5;2,5,0,5;3,5,4
IJJJL|34952,838792,52428,3293|2;3,4;3,5,3;2,5,0,5;3,5
IJJLJ|4369,275,27,139|3;1,5;1,5,4;1,5;4
IJJLJ|4369,275,153,955|3;1,5;1,5,3;3,5;1,2,5
IJJLJ|4369,281,153,955|3;1,5,4;1,5,4;3,5;1,2,5
IJJLJ|4369,6557,27,139|3;1,5,3;2,5;1,5;4
IJJLJ|34952,2185,153,955|2;;;3,5;1,2,5
IJJLJ|34952,2185,52425,3310|2;;3,4;3,5,4;2,0,5
IJJLJ|34952,35737,153,955|2;2;4;3,5;1,2,5
IJJLJ|34952,838792,52425,3310|2;3,4;3,5,2,5;3,5,4;2,0,5
IJJLJ|34952,838792,52428,3310|2;3,4;3,5,3;3,5;2,0,5
IJJLL|4369,275,3415,887|3;1,5;1,5,2;3,5;3,1,5
IJJLL|4369,281,85,887|3;1,5,4;3,5;3,5;3,1,5
IJJLL|4369,281,85,3293|3;1,5,4;3,5;1,3,5;3,5
IJJLL|4369,5463,3415,887|3;3,5;1,5,4;3,5;3,1,5
IJJLL|34952,2185,204,29|2;;3;2,5;4,5
IJJLL|34952,2185,52425,3545|2;;3,4;2,5;3,5,4
IJJLL|34952,2188,204,29|2;4;4;2,5;4,5
IJJLL|34952,838792,52425,3545|2;3,4;3,5,2,5;2,5;3,5,4
IJJLL|34952,838792,52428,3293|2;3,4;3,5,3;2,5;3,5
IJJOO|34952,35737,52377,153|2;2;3,4,5,4,5,4;0,5;
IJJOO|34952,838792,52377,153|2;3,4;2,5,0,5;0,5;
IJJOO|34952,838792,52428,204|2;3,4;3,5,3;0,5;0,5
IJJOZ|4369,281,57,201|3;1,5,4;1,5;1,5;1,4
IJJOZ|34952,2185,52425,201|2;;3,4;0,5;1,4
IJJOZ|34952,838792,52425,201|2;3,4;3,5,2,5;0,5;1,4
IJJSO|34952,2188,156,204|2;4;;4;0,5
IJJST|34952,2185,141,27|2;;4;2;1,5,4
IJJST|34952,35737,141,27|2;2;3,4,5,4,5;2;1,5,4
IJJST|34952,36046,141,27|2;3;2,5,0,5;2;1,5,4
IJJSZ|4369,275,153,201|3;1,5;1,5,3;4;1,4
IJJSZ|4369,281,153,201|3;1,5,4;1,5,4;4;1,4
IJJSZ|34952,2185,153,201|2;;;4;1,4
IJJSZ|34952,35737,153,201|2;2;4;4;1,4
IJJTI|34952,36046,2798,61166|2;3;3,5;4;3,5
IJJTJ|4369,275,51,139|3;1,5;1,5;3,1,5;4
IJJTJ|4369,5939,51,139|3;2,5;1,5,4;3,1,5;4
IJJTJ|34952,838792,52428,3310|2;3,4;3,5,3;3,5;2,0,5
IJJTL|34952,2185,204,29|2;;3;2,0,5;4,5
IJJTL|34952,2185,52425,3545|2;;3,4;2,0,5;3,5,4
IJJTL|34952,2188,204,29|2;4;4;2,0,5;4,5
IJJTL|34952,838792,52425,3545|2;3,4;3,5,2,5;2,0,5;3,5,4
IJJTL|34952,838792,52428,3293|2;3,4;3,5,3;2,0,5;3,5
IJJTO|34952,35737,7065,153|2;2;;1,5,4;
IJJZO|34952,2185,52425,204|2;;3,4;2,0,5,2;0,5
IJJZO|34952,838792,52425,204|2;3,4;3,5,2,5;2,0,5,2;0,5
IJJZS|4369,275,153,57|3;1,5;1,5,3;4;4
IJJZS|4369,281,153,57|3;1,5,4;1,5,4;4;4
IJJZS|34952,2185,153,57|2;;;4;4
IJJZS|34952,35737,153,57|2;2;4;4;4
IJJZT|4369,275,27,141|3;1,5;1,5,4;1,3;4
IJJZT|4369,281,57,141|3;1,5,4;1,5;1,5,3;4
IJJZT|4369,6557,27,141|3;1,5,3;2,5;1,3;4
IJJZT|34952,35737,7065,27|2;2;;2;1,5,4
IJJZZ|34952,35737,52377,201|2;2;3,4,5,4,5,4;2,0,5,2;1,4
IJJZZ|34952,838792,52377,201|2;3,4;2,5,0,5;2,0,5,2;1,4
IJLII|4369,275,13107,30583|3;1,5;3,5;2,5;2,5
IJLII|4369,275,13107,48059|3;1,5;3,5;3,5;2,5
IJLII|17476,18023,943719,30583|2,0;3,5;1,4;2,5;2,5
IJLII|34952,35499,961195,48059|2;2,4;3,5,3;2,5;2,5
IJLII|34952,838792,52428,56797|2;3,4;2,5,3;2,5;3,5
IJLII|34952,838792,52428,61166|2;3,4;2,5,3;3,5;3,5
IJLIO|4369,275,51,51|3;1,5;4,5;;1,5
IJLIO|4369,281,51,51|3;1,5,4;2,5;;1,5
IJLIO|4369,281,153,153|3;1,5,4;1,5;;
IJLIO|34952,2185,153,153|2;;4;;
IJLIO|34952,2188,153,153|2;4;2;;
IJLIO|34952,2188,204,204|2;4;;;0,5
IJLIS|4369,275,3483,3483|3;1,5;1,5,3,1;;3,4
IJLIT|4369,275,1879,141|3;1,5;1,5,3;2,5;4
IJLIT|4369,281,27,27|3;1,5,4;4,5;;1,5,4
IJLIT|4369,5463,1879,141|3;3,5;4,5;2,5;4
IJLIT|34952,2188,141,141|2;4;4;;4
IJLIT|34952,35499,61163,27|2;2,4;3,5;2,5;1,5,4
IJLIZ|4369,275,147,147|3;1,5;1,5;;4
IJLIZ|4369,6557,2973,2973|3;1,5,3;4,5;;1,2,4
IJLIZ|34952,2185,201,201|2;;;;1,4
IJLIZ|34952,36046,3534,3534|2;3;4;;2,4
IJLJJ|4369,275,51,139|3;1,5;4,5;1,3,5;4
IJLJJ|4369,275,13107,955|3;1,5;3,5;1,3,5;1,2,5
IJLJJ|4369,281,51,139|3;1,5,4;2,5;1,3,5;4
IJLJJ|4369,281,13113,3001|3;1,5,4;3,5;1,3,5;1,2,5,4
IJLJJ|4369,6557,35229,139|3;1,5,3;1,5;2,5;4
IJLJJ|34952,2185,170,955|2;;2;2,5;1,2,5
IJLJJ|34952,2185,170,3310|2;;2;1,2,5;2,0,5
IJLJJ|34952,2188,2990,3310|2;4;3;1,2,5;2,0,5
IJLJJ|34952,36522,170,955|2;2,1;4;2,5;1,2,5
IJLJJ|34952,36522,170,3310|2;2,1;4;1,2,5;2,0,5
IJLJJ|34952,838792,52428,3310|2;3,4;2,5,3;3,5;2,0,5
IJLJL|4369,275,13107,887|3;1,5;3,5;1,2,5;3,1,5
IJLJL|4369,281,153,3293|3;1,5,4;1,5;1,2,5;3,5
IJLJL|4369,281,13113,887|3;1,5,4;3,5;1,2,5,4;3,1,5
IJLJL|4369,6557,2973,3293|3;1,5,3;4,5;1,2,5;3,5
IJLJL|4369,6557,35229,3293|3;1,5,3;1,5;3,5;3,5
IJLJL|34952,2185,153,3293|2;;4;1,2,5;3,5
IJLJL|34952,2188,141,29|2;4;4;;4,5
IJLJL|34952,2188,153,3293|2;4;2;1,2,5;3,5
IJLJL|34952,838792,52425,3545|2;3,4;2,5,2;2,5,0,5;3,5,4
IJLJL|34952,838792,52428,3293|2;3,4;2,5,3;2,5,0,5;3,5
IJLLJ|4369,275,3483,955|3;1,5;1,5,3,1;3,5;1,2,5
IJLLJ|4369,275,13107,955|3;1,5;3,5;3,5,1,5;1,2,5
IJLLJ|4369,281,27,139|3;1,5,4;4,5;1,5;4
IJLLJ|4369,281,153,955|3;1,5,4;1,5;3,5;1,2,5
IJLLJ|4369,281,13113,3001|3;1,5,4;3,5;3,5,1,5;1,2,5,4
IJLLJ|34952,2185,153,955|2;;4;3,5;1,2,5
IJLLJ|34952,2188,153,955|2;4;2;3,5;1,2,5
IJLLJ|34952,838792,52425,3310|2;3,4;2,5,2;3,5,4;2,0,5
IJLLJ|34952,838792,52428,3310|2;3,4;2,5,3;3,5;2,0,5
IJLLL|4369,275,85,887|3;1,5;1,5,2;3,5;3,1,5
IJLLL|4369,275,85,3293|3;1,5;1,5,2;1,3,5;3,5
IJLLL|4369,275,13107,887|3;1,5;3,5;1,2,5;3,1,5
IJLLL|4369,281,1885,3293|3;1,5,4;1,5,3;1,3,5;3,5
IJLLL|4369,7509,85,887|3;2,5,1;4,5;3,5;3,1,5
IJLLL|4369,7509,85,3293|3;2,5,1;4,5;1,3,5;3,5
IJLLL|34952,2188,204,29|2;4;;2,5;4,5
IJLLL|34952,838792,52425,3545|2;3,4;2,5,2;2,5;3,5,4
IJLLL|34952,838792,52428,3293|2;3,4;2,5,3;2,5;3,5
IJLOO|4369,275,13107,51|3;1,5;3,5;1,5;1,5
IJLOO|34952,838792,52428,204|2;3,4;2,5,3;0,5;0,5
IJLOS|4369,281,13113,57|3;1,5,4;3,5;1,5;4
IJLOS|34952,2185,201,57|2;;;0,5;4
IJLOS|34952,838792,839067,3483|2;3,4;2,5;0,5;3,4
IJLOT|4369,6557,35229,141|3;1,5,3;1,5;;4
IJLOZ|4369,6557,211869,2973|3;1,5,3;3,5;1,5;1,2,4
IJLOZ|34952,838792,52425,201|2;3,4;2,5,2;0,5;1,4
IJLSO|4369,281,13113,51|3;1,5,4;3,5;3,1,5,3;1,5
IJLSO|34952,838792,839067,204|2;3,4;2,5;3,5,4;0,5
IJLSS|34952,838792,839067,3483|2;3,4;2,5;3,5;3,4
IJLST|34952,2185,201,27|2;;;2;1,5,4
IJLST|34952,2188,141,27|2;4;4;2;1,5,4
IJLSZ|4369,281,153,201|3;1,5,4;1,5;4;1,4
IJLSZ|34952,2185,153,201|2;;4;4;1,4
IJLSZ|34952,2188,153,201|2;4;2;4;1,4
IJLTI|34952,36046,48878,61166|2;3;3,5;4;3,5
IJLTJ|4369,275,51,139|3;1,5;4,5;3,1,5;4
IJLTJ|4369,275,13107,955|3;1,5;3,5;3,1,5;1,2,5
IJLTJ|4369,281,51,139|3;1,5,4;2,5;3,1,5;4
IJLTJ|4369,281,13113,3001|3;1,5,4;3,5;3,1,5;1,2,5,4
IJLTJ|4369,6557,35229,139|3;1,5,3;1,5;2,5;4
IJLTJ|34952,838792,52428,3310|2;3,4;2,5,3;3,5;2,0,5
IJLTL|4369,275,13107,887|3;1,5;3,5;1,2,5;3,1,5
IJLTL|4369,6557,35229,3293|3;1,5,3;1,5;3,1,5;3,5
IJLTL|34952,2188,204,29|2;4;;2,0,5;4,5
IJLTL|34952,838792,52425,3545|2;3,4;2,5,2;2,0,5;3,5,4
IJLTL|34952,838792,52428,3293|2;3,4;2,5,3;2,0,5;3,5
IJLTZ|4369,6557,35229,2973|3;1,5,3;1,5;4;1,2,4
IJLZO|4369,275,147,51|3;1,5;1,5;4,4;1,5
IJLZO|4369,6557,211869,51|3;1,5,3;3,5;1,5,2,5,4;1,5
IJLZO|34952,838792,52425,204|2;3,4;2,5,2;2,0,5,2;0,5
IJLZS|4369,281,153,57|3;1,5,4;1,5;4;4
IJLZS|34952,2185,153,57|2;;4;4;4
IJLZS|34952,2188,153,57|2;4;2;4;4
IJLZT|4369,281,27,141|3;1,5,4;4,5;1,3;4
IJLZT|4369,6557,957,141|3;1,5,3;2,5;1,5,2;4
IJLZT|4369,6557,35229,141|3;1,5,3;1,5;2,5;4
IJLZZ|4369,6557,35229,2973|3;1,5,3;1,5;4;1,2,4
IJLZZ|4369,6557,211869,2973|3;1,5,3;3,5;1,5,2,5;1,2,4
IJOIJ|4369,275,1907,139|3;1,5;;2,5;4
IJOIJ|4369,281,23,23|3;1,5,4;;;1,5,4
IJOIJ|34952,2188,139,139|2;4;0,5;;4
IJOIL|4369,275,29,29|3;1,5;1,5;;4,5
IJOIL|4369,6557,29,29|3;1,5,3;;;4,5
IJOIL|34952,2185,142,142|2;;;;4
IJOIL|34952,2188,3820,29|2;4;;3,5;4,5
IJOIL|34952,36046,142,142|2;3;0,5;;4
IJOIL|34952,838792,838894,3293|2;3,4;0,5,1;2,5;3,5
IJOJI|34952,838792,838894,61166|2;3,4;0,5,1;3,5;3,5
IJOJO|34952,2188,139,204|2;4;0,5;3,4,5;0,5
IJOJO|34952,35737,244633,153|2;2;0;1,2,5,4,5,4;
IJOJO|34952,838792,838894,204|2;3,4;0,5,1;2,5,0,5;0,5
IJOJS|34952,2185,142,57|2;;;2;4
IJOJS|34952,36046,142,57|2;3;0,5;2;4
IJOJT|34952,2188,139,27|2;4;0,5;;1,5,4
IJOLI|34952,838792,838894,61166|2;3,4;0,5,1;3,5;3,5
IJOLO|4369,275,29,51|3;1,5;1,5;3,5;1,5
IJOLO|4369,6557,29,51|3;1,5,3;;3,5;1,5
IJOLT|4369,275,29,141|3;1,5;1,5;1,5;4
IJOLT|4369,6557,29,141|3;1,5,3;;1,5;4
IJOLZ|4369,281,23,201|3;1,5,4;;1,5,3;1,4
IJOOJ|34952,2188,139,955|2;4;0,5;0;1,2,5
IJOOJ|34952,838792,838894,3310|2;3,4;0,5,1;0,5;2,0,5
IJOOL|4369,275,29,3293|3;1,5;1,5;1;3,5
IJOOL|4369,6557,29,3293|3;1,5,3;;1;3,5
IJOSJ|34952,2185,142,3310|2;;;1;2,0,5
IJOSJ|34952,36046,142,3310|2;3;0,5;1;2,0,5
IJOTI|34952,838792,838894,61166|2;3,4;0,5,1;3,5;3,5
IJOTT|4369,281,23,141|3;1,5,4;;1,5,3;4
IJOTT|34952,2185,142,27|2;;;2;1,5,4
IJOTT|34952,36046,142,27|2;3;0,5;2;1,5,4
IJOZJ|34952,838792,838894,3310|2;3,4;0,5,1;3,5;2,0,5
IJOZL|4369,281,23,887|3;1,5,4;;;3,1,5
IJSIJ|4369,275,887,139|3;1,5;2,5;3,5;4
IJSIJ|34952,35499,192171,955|2;2,4;2;2,5;1,2,5
IJSIL|4369,275,887,887|3;1,5;2,5;;3,1,5
IJSIL|4369,281,29,29|3;1,5,4;1,5,4;;4,5
IJSIL|34952,2185,2491,2491|2;;3;;1,3,5
IJSIL|34952,2188,142,142|2;4;4;;4
IJSIL|34952,36046,3790,29|2;3;4;3,5;4,5
IJSIL|34952,838792,839404,3293|2;3,4;2,5,1;2,5;3,5
IJSJI|4369,275,887,30583|3;1,5;2,5;4;2,5
IJSJO|34952,2185,52873,153|2;;3,1,3;2,0,5,2,3;
IJSJO|34952,838792,839404,204|2;3,4;2,5,1;2,5,0,5;0,5
IJSJS|34952,2188,142,57|2;4;4;2;4
IJSJZ|34952,2185,52873,201|2;;3,1,3;2,0,5,3;1,4
IJSLO|4369,281,29,51|3;1,5,4;1,5,4;3,5;1,5
IJSLT|4369,281,29,141|3;1,5,4;1,5,4;1,5;4
IJSOL|4369,281,29,3293|3;1,5,4;1,5,4;1;3,5
IJSOL|4369,6557,989,3293|3;1,5,3;2,5;1,5;3,5
IJSSJ|34952,2188,142,3310|2;4;4;1;2,0,5
IJSSJ|34952,36046,2542,3310|2;3;3;4;2,0,5
IJSTT|4369,281,893,141|3;1,5,4;2,5;3,1,5;4
IJSTT|34952,2188,142,27|2;4;4;2;1,5,4
IJSZJ|34952,2185,2491,955|2;;3;4;1,2,5
IJTIJ|4369,275,23,23|3;1,5;1,5,4;;1,5,4
IJTIJ|34952,2185,139,139|2;;4;;4
IJTIJ|34952,36522,11946,955|2;2,1;;3,5;1,2,5
IJTIL|4369,281,29,29|3;1,5,4;1,5,4;;4,5
IJTIL|4369,5463,17751,3293|3;3,5;1,5;2,5;3,5
IJTIL|34952,2188,142,142|2;4;4;;4
IJTIL|34952,36046,3790,29|2;3;4;3,5;4,5
IJTIT|4369,275,1399,141|3;1,5;1,5,3;3,5;4
IJTIT|4369,6557,27,27|3;1,5,3;2,5;;1,5,4
IJTIT|34952,2188,2798,27|2;4;2;3,5;1,5,4
IJTIT|34952,36046,141,141|2;3;2,0,5;;4
IJTIT|34952,36046,2798,27|2;3;3,5;3,5;1,5,4
IJTJJ|34952,2185,2795,955|2;;2;2,5;1,2,5
IJTJJ|34952,2188,2750,3310|2;4;3;1,2,5;2,0,5
IJTJL|34952,2188,2493,3293|2;4;2,0;1,2,5;3,5
IJTJL|34952,36046,141,29|2;3;2,0,5;;4,5
IJTJO|34952,2185,139,204|2;;4;3,4,5;0,5
IJTJS|34952,2188,142,57|2;4;4;2;4
IJTJT|34952,2185,139,27|2;;4;;1,5,4
IJTLI|4369,5463,17751,30583|3;3,5;1,5;3,5;2,5
IJTLJ|4369,275,2523,955|3;1,5;1,5,3,1;3,5;1,2,5
IJTLJ|4369,6557,27,139|3;1,5,3;2,5;1,5;4
IJTLL|4369,275,1495,887|3;1,5;1,5,2;3,5;3,1,5
IJTLL|4369,281,1405,3293|3;1,5,4;1,5,3;1,3,5;3,5
IJTLO|4369,281,29,51|3;1,5,4;1,5,4;3,5;1,5
IJTLT|4369,281,29,141|3;1,5,4;1,5,4;1,5;4
IJTLZ|4369,275,23,201|3;1,5;1,5,4;1,5,3;1,4
IJTOJ|34952,2185,139,955|2;;4;0;1,2,5
IJTOL|4369,281,29,3293|3;1,5,4;1,5,4;1;3,5
IJTSJ|34952,2188,142,3310|2;4;4;1;2,0,5
IJTST|34952,36046,141,27|2;3;2,0,5;2;1,5,4
IJTTI|4369,275,1399,30583|3;1,5;1,5,3;4;2,5
IJTTI|34952,2188,2798,61166|2;4;2;4;3,5
IJTTI|34952,36046,2798,61166|2;3;3,5;4;3,5
IJTTJ|4369,281,891,139|3;1,5,4;2,5;3,1,5;4
IJTTL|34952,2185,3309,29|2;;3,1;2,0,5;4,5
IJTTO|4369,5939,36147,51|3;2,5;1,5,3;4;1,5
IJTTT|4369,275,23,141|3;1,5;1,5,4;1,5,3;4
IJTTT|34952,2188,142,27|2;4;4;2;1,5,4
IJTZL|4369,275,23,887|3;1,5;1,5,4;;3,1,5
IJTZT|4369,6557,27,141|3;1,5,3;2,5;1,3;4
IJZIJ|4369,275,23,23|3;1,5;1,5,4;;1,5,4
IJZIJ|4369,281,2525,2525|3;1,5,4;3,5,1;;2,5
IJZIJ|4369,5939,227123,955|3;2,5;;2,5;1,2,5
IJZIJ|4369,6557,581021,139|3;1,5,3;1,2;3,5;4
IJZIJ|8738,10926,585390,139|3,4;1,3,5;1,5,2;3,5;4
IJZIJ|34952,2185,139,139|2;;4;;4
IJZIJ|34952,2188,3310,3310|2;4;2;;2,0,5
IJZIL|4369,6557,29,29|3;1,5,3;2,5;;4,5
IJZIL|4369,7509,18261,3293|3;2,5,1;2;2,5;3,5
IJZIL|34952,2188,3310,29|2;4;2;3,5;4,5
IJZIL|34952,36046,142,142|2;3;3,5;;4
IJZJO|34952,2185,139,204|2;;4;3,4,5;0,5
IJZJS|34952,36046,142,57|2;3;3,5;2;4
IJZJT|34952,2185,139,27|2;;4;;1,5,4
IJZLI|34952,2188,3310,61166|2;4;2;1,4;3,5
IJZLO|4369,275,14099,51|3;1,5;;3,1,5,2;1,5
IJZLO|4369,281,14105,153|3;1,5,4;;3,1,5,2,3;
IJZLO|4369,5939,227123,51|3;2,5;;3,1,5;1,5
IJZLO|4369,6557,29,51|3;1,5,3;2,5;3,5;1,5
IJZLS|4369,281,14105,57|3;1,5,4;;3,1,5,2;4
IJZLT|4369,6557,29,141|3;1,5,3;2,5;1,5;4
IJZLT|4369,6557,581021,141|3;1,5,3;1,2;3,5,4;4
IJZLZ|4369,275,23,201|3;1,5;1,5,4;1,5,3;1,4
IJZLZ|4369,275,14099,147|3;1,5;;3,1,5,2,3;4
IJZLZ|4369,6557,581021,2973|3;1,5,3;1,2;3,5,4,4;1,2,4
IJZOJ|34952,2185,139,955|2;;4;0;1,2,5
IJZOL|4369,6557,29,3293|3;1,5,3;2,5;1;3,5
IJZSJ|34952,36046,142,3310|2;3;3,5;1;2,0,5
IJZSL|4369,281,2525,3293|3;1,5,4;3,5,1;4;3,5
IJZTT|4369,275,23,141|3;1,5;1,5,4;1,5,3;4
IJZTT|34952,2185,3307,27|2;;3;2,0,5;1,5,4
IJZTT|34952,36046,142,27|2;3;3,5;2;1,5,4
IJZZL|4369,275,23,887|3;1,5;1,5,4;;3,1,5
IJZZL|4369,275,14099,887|3;1,5;;1,5,2,2;3,1,5
ILIIJ|4369,5469,887,139|3;2,5,1;3,5;3,5;4
ILIIJ|4369,5469,564701,139|3;2,5,1;2,5;3,5;4
ILIIJ|4369,5973,2525,2525|3;4,5,2;2,5;;2,5
ILIIJ|4369,5973,5973,2525|3;4,5,2;;2,5;2,5
ILIIJ|4369,7577,955,955|3;1,5,3;3,5;;1,2,5
ILIIJ|4369,7577,7577,955|3;1,5,3;;3,5;1,2,5
ILIIJ|8738,9838,887,139|3,4;1,2,5;3,5;3,5;4
ILIIJ|8738,11946,955,955|3,4;3,5,1,5;3,5;;1,2,5
ILIIJ|8738,11946,11946,955|3,4;3,5,1,5;;3,5;1,2,5
ILIIJ|17476,18278,3310,3310|2,0;3,5;2,5;;2,0,5
ILIIJ|17476,18278,18278,3310|2,0;3,5;;2,5;2,0,5
ILIIJ|34952,2188,6557,955|2;;3,5,0;3,5;1,2,5
ILIIJ|34952,2188,10926,955|2;;3,5;3,5;1,2,5
ILIIJ|34952,35754,3310,3310|2;2,4;2,5;;2,0,5
ILIIJ|34952,35754,35754,3310|2;2,4;;2,5;2,0,5
ILIIJ|34952,36556,2525,2525|2;3;3,5;;2,5
ILIIJ|34952,36556,36556,2525|2;3;;3,5;2,5
ILIIL|4369,275,17751,3293|3;4,5;2,5;2,5;3,5
ILIIL|4369,275,35227,3293|3;4,5;2,5,1;2,5;3,5
ILIIL|4369,4919,2491,2491|3;2,5;3,5;;1,3,5
ILIIL|4369,4919,4919,2491|3;2,5;;3,5;1,3,5
ILIIL|4369,5469,887,887|3;2,5,1;3,5;;3,1,5
ILIIL|4369,5469,5469,887|3;2,5,1;;3,5;3,1,5
ILIIL|8738,9838,887,887|3,4;1,2,5;3,5;;3,1,5
ILIIL|8738,9838,9838,887|3,4;1,2,5;;3,5;3,1,5
ILIIL|17476,17751,3293,3293|2,0;2,5;2,5;;3,5
ILIIL|17476,17751,17751,3293|2,0;2,5;;2,5;3,5
ILIIL|17476,18278,3310,29|2,0;3,5;2,5;3,5;4,5
ILIIL|34952,35227,3293,3293|2;2;2,5;;3,5
ILIIL|34952,35227,35227,3293|2;2;;2,5;3,5
ILIIL|34952,35502,2491,2491|2;2,1;3,5;;1,3,5
ILIIL|34952,35502,35502,2491|2;2,1;;3,5;1,3,5
ILIIL|34952,35754,3310,29|2;2,4;2,5;3,5;4,5
ILIJI|4369,5469,887,30583|3;2,5,1;3,5;4;2,5
ILIJI|4369,5469,564701,56797|3;2,5,1;2,5;4;3,5
ILIJI|8738,9838,887,30583|3,4;1,2,5;3,5;4;2,5
ILIJI|34952,2188,6557,56797|2;;3,5,0;1,5,2,5;3,5
ILIJI|34952,2188,10926,61166|2;;3,5;1,2,5;3,5
ILIJO|4369,275,275,51|3;4,5;;1,5;1,5
ILIJO|4369,275,275,153|3;4,5;;1,5,3;
ILIJO|4369,281,281,153|3;1,5;;1,5,4;
ILIJO|4369,209681,244633,153|3;3,5;3,5;1,2,5,4,5,4;
ILIJO|34952,2185,2185,153|2;4;;;
ILIJO|34952,2185,2185,204|2;4;;3;0,5
ILIJO|34952,2188,2188,204|2;;;4;0,5
ILIJS|4369,275,35227,3483|3;4,5;2,5,1;4;3,4
ILIJS|4369,281,281,57|3;1,5;;1,5;4
ILIJS|4369,4919,4919,2871|3;2,5;;1,5,4;3,4
ILIJS|34952,2188,2188,156|2;;;;1,5,4
ILIJS|34952,35227,35227,3483|2;2;;4;3,4
ILIJT|4369,275,275,27|3;4,5;;1,5,4;1,5,4
ILIJT|4369,5469,564701,141|3;2,5,1;2,5;2,5;4
ILIJT|34952,2185,2185,141|2;4;;4;4
ILIJT|34952,2188,6557,27|2;;3,5,0;2,5;1,5,4
ILIJZ|34952,2188,2188,2973|2;;;2,0;1,2,4
ILILI|4369,275,17751,30583|3;4,5;2,5;3,5;2,5
ILILI|4369,275,35227,48059|3;4,5;2,5,1;3,5;2,5
ILILI|4369,4919,4919,30583|3;2,5;;1,5,3,5;2,5
ILILI|4369,5469,5469,56797|3;2,5,1;;1,5,3,5;3,5
ILILI|8738,9838,9838,61166|3,4;1,2,5;;3,1,5;3,5
ILILI|17476,17751,17751,30583|2,0;2,5;;3,5;2,5
ILILI|17476,18278,3310,61166|2,0;3,5;2,5;1,4;3,5
ILILI|34952,35227,35227,48059|2;2;;3,5;2,5
ILILI|34952,35502,35502,61166|2;2,1;;3,5;3,5
ILILI|34952,35754,3310,61166|2;2,4;2,5;1,4;3,5
ILILO|4369,275,275,51|3;4,5;;4,5;1,5
ILILO|4369,281,281,51|3;1,5;;2,5;1,5
ILILO|4369,281,281,153|3;1,5;;1,5;
ILILO|4369,7577,7577,153|3;1,5,3;;4,5;
ILILO|34952,2185,2185,153|2;4;;4;
ILILO|34952,2188,2188,153|2;;;2;
ILILO|34952,2188,2188,204|2;;;;0,5
ILILO|34952,36556,36556,204|2;3;;4;0,5
ILILS|4369,275,275,3483|3;4,5;;1,5,3,1;3,4
ILILT|4369,275,35227,141|3;4,5;2,5,1;3,5,1,5;4
ILILT|4369,281,281,27|3;1,5;;4,5;1,5,4
ILILT|4369,4919,4919,27|3;2,5;;1,5,3,5,1,5;1,5,4
ILILT|4369,7577,7577,27|3;1,5,3;;3,5,4,5;1,5,4
ILILT|34952,2188,2188,141|2;;;4;4
ILILT|34952,35227,35227,141|2;2;;3,5,1,5;4
ILILZ|4369,275,275,147|3;4,5;;1,5;4
ILILZ|34952,2185,2185,201|2;4;;;1,4
ILILZ|34952,2188,6557,2973|2;;3,5,0;4,5;1,2,4
ILIOJ|4369,275,35227,139|3;4,5;2,5,1;;4
ILIOJ|4369,281,281,23|3;1,5;;;1,5,4
ILIOJ|4369,4919,4919,23|3;2,5;;1,5;1,5,4
ILIOJ|34952,2188,2188,139|2;;;0,5;4
ILIOJ|34952,35227,35227,139|2;2;;;4
ILIOL|4369,275,275,29|3;4,5;;1,5;4,5
ILIOL|34952,2185,2185,142|2;4;;;4
ILIOL|34952,2188,6557,29|2;;3,5,0;;4,5
ILISJ|4369,275,35227,139|3;4,5;2,5,1;2,5;4
ILISJ|4369,4919,4919,23|3;2,5;;1,5,2,5;1,5,4
ILISJ|34952,35227,35227,139|2;2;;2,5;4
ILISL|4369,275,275,887|3;4,5;;2,5;3,1,5
ILISL|4369,281,281,29|3;1,5;;1,5,4;4,5
ILISL|4369,5973,2525,3293|3;4,5,2;2,5;4;3,5
ILISL|17476,17751,3293,29|2,0;2,5;2,5;3;4,5
ILISL|34952,2185,2185,2491|2;4;;3;1,3,5
ILISL|34952,2188,2188,142|2;;;4;4
ILISL|34952,35227,3293,29|2;2;2,5;3;4,5
ILISL|34952,36556,2525,3293|2;3;3,5;4;3,5
ILITJ|4369,275,275,23|3;4,5;;1,5,4;1,5,4
ILITJ|34952,2185,2185,139|2;4;;4;4
ILITL|4369,281,281,29|3;1,5;;1,5,4;4,5
ILITL|34952,2188,2188,142|2;;;4;4
ILITT|4369,275,35227,141|3;4,5;2,5,1;3,1,5;4
ILITT|4369,4919,4919,27|3;2,5;;1,5,3,1,5;1,5,4
ILITT|34952,2188,6557,27|2;;3,5,0;2,5;1,5,4
ILITT|34952,35227,35227,141|2;2;;3,1,5;4
ILIZJ|4369,275,275,23|3;4,5;;1,5,4;1,5,4
ILIZJ|4369,281,281,2525|3;1,5;;3,5,1;2,5
ILIZJ|4369,4919,2491,955|3;2,5;3,5;4;1,2,5
ILIZJ|4369,7577,955,139|3;1,5,3;3,5;1,5,2;4
ILIZJ|8738,11946,955,139|3,4;3,5,1,5;3,5;1,5,2;4
ILIZJ|34952,2185,2185,139|2;4;;4;4
ILIZJ|34952,2188,2188,3310|2;;;2;2,0,5
ILIZJ|34952,35502,2491,955|2;2,1;3,5;4;1,2,5
ILIZL|4369,5469,564701,3293|3;2,5,1;2,5;2;3,5
ILIZL|34952,2188,6557,29|2;;3,5,0;2,5;4,5
ILJII|4369,5469,480605,56797|3;2,5,1;4;3,5;3,5
ILJII|4369,209681,13107,30583|3;3,5;1,3,5,2;2,5;2,5
ILJII|4369,209681,13107,48059|3;3,5;1,3,5,2;3,5;2,5
ILJII|8738,9838,484974,61166|3,4;1,2,5;4;3,5;3,5
ILJIO|4369,275,51,51|3;4,5;1,5;;1,5
ILJIO|4369,275,153,153|3;4,5;1,5,3;;
ILJIO|4369,281,153,153|3;1,5;1,5,4;;
ILJIO|34952,2185,153,153|2;4;;;
ILJIO|34952,2185,204,204|2;4;3;;0,5
ILJIO|34952,2188,204,204|2;;4;;0,5
ILJIS|4369,275,29971,3483|3;4,5;4;2,5;3,4
ILJIS|4369,281,57,57|3;1,5;1,5;;4
ILJIS|4369,4919,2871,2871|3;2,5;1,5,4;;3,4
ILJIS|34952,2188,156,156|2;;;;1,5,4
ILJIS|34952,35227,3483,3483|2;2;4;;3,4
ILJIT|4369,275,27,27|3;4,5;1,5,4;;1,5,4
ILJIT|4369,5469,30589,141|3;2,5,1;2,5;3,5;4
ILJIT|34952,2185,141,141|2;4;4;;4
ILJIT|34952,2188,3758,27|2;;2;3,5;1,5,4
ILJIT|34952,35502,3758,27|2;2,1;4;3,5;1,5,4
ILJIZ|34952,2188,2973,2973|2;;2,0;;1,2,4
ILJJJ|4369,275,51,139|3;4,5;1,5;1,3,5;4
ILJJJ|4369,209681,13107,955|3;3,5;1,3,5,2;1,3,5;1,2,5
ILJJJ|4369,209681,13113,3001|3;3,5;1,2,5,2;1,3,5;1,2,5,4
ILJJJ|34952,2185,3755,955|2;4;2;2,5;1,2,5
ILJJJ|34952,2188,170,955|2;;3;2,5;1,2,5
ILJJJ|34952,2188,170,3310|2;;3;1,2,5;2,0,5
ILJJJ|34952,35754,170,955|2;2,4;4;2,5;1,2,5
ILJJJ|34952,35754,170,3310|2;2,4;4;1,2,5;2,0,5
ILJJL|4369,275,153,3293|3;4,5;1,5,3;1,2,5;3,5
ILJJL|4369,281,153,3293|3;1,5;1,5,4;1,2,5;3,5
ILJJL|4369,209681,13107,887|3;3,5;1,3,5,2;1,2,5;3,1,5
ILJJL|4369,209681,13113,887|3;3,5;1,2,5,2;1,2,5,4;3,1,5
ILJJL|34952,2185,141,29|2;4;4;;4,5
ILJJL|34952,2185,153,3293|2;4;;1,2,5;3,5
ILJJL|34952,2185,52425,3545|2;4;3,4;2,5,0,5;3,5,4
ILJJL|34952,2188,2973,3293|2;;2,0;1,2,5;3,5
ILJLJ|4369,275,27,139|3;4,5;1,5,4;1,5;4
ILJLJ|4369,275,153,955|3;4,5;1,5,3;3,5;1,2,5
ILJLJ|4369,281,153,955|3;1,5;1,5,4;3,5;1,2,5
ILJLJ|4369,209681,13107,955|3;3,5;1,3,5,2;3,5,1,5;1,2,5
ILJLJ|4369,209681,13113,3001|3;3,5;1,2,5,2;3,5,1,5;1,2,5,4
ILJLJ|34952,2185,153,955|2;4;;3,5;1,2,5
ILJLJ|34952,2185,52425,3310|2;4;3,4;3,5,4;2,0,5
ILJLJ|34952,35227,3483,955|2;2;4;3,5;1,2,5
ILJLJ|34952,35227,6555,955|2;2;;2,5;1,2,5
ILJLL|4369,275,3415,887|3;4,5;1,5,2;3,5;3,1,5
ILJLL|4369,281,85,887|3;1,5;3,5;3,5;3,1,5
ILJLL|4369,281,85,3293|3;1,5;3,5;1,3,5;3,5
ILJLL|4369,5973,85,887|3;4,5,2;1,5,4;3,5;3,1,5
ILJLL|4369,5973,85,3293|3;4,5,2;1,5,4;1,3,5;3,5
ILJLL|4369,209681,13107,887|3;3,5;1,3,5,2;1,2,5;3,1,5
ILJLL|34952,2185,204,29|2;4;3;2,5;4,5
ILJLL|34952,2185,52425,3545|2;4;3,4;2,5;3,5,4
ILJLL|34952,2188,204,29|2;;4;2,5;4,5
ILJLL|34952,35227,6555,29|2;2;;1,5,3,5;4,5
ILJOO|4369,209681,13107,51|3;3,5;1,3,5,2;1,5;1,5
ILJOS|4369,209681,13113,57|3;3,5;1,2,5,2;1,5;4
ILJOS|34952,35227,839067,3483|2;2;3,5,4;0,5;3,4
ILJOT|34952,35227,6555,27|2;2;;;1,5,4
ILJOZ|4369,281,57,201|3;1,5;1,5;1,5;1,4
ILJOZ|4369,209681,211869,2973|3;3,5;1,3,5;1,5;1,2,4
ILJOZ|34952,2185,52425,201|2;4;3,4;0,5;1,4
ILJSO|4369,209681,13113,51|3;3,5;1,2,5,2;3,1,5,3;1,5
ILJSO|34952,2188,156,204|2;;;4;0,5
ILJSO|34952,35227,839067,204|2;2;3,5,4;3,5,4;0,5
ILJSS|34952,35227,6555,3483|2;2;;1,5,4;3,4
ILJSS|34952,35227,839067,3483|2;2;3,5,4;3,5;3,4
ILJST|34952,2185,141,27|2;4;4;2;1,5,4
ILJST|34952,35227,3291,27|2;2;3,5;3;1,5,4
ILJST|34952,35227,6555,27|2;2;;2,5;1,5,4
ILJSZ|4369,275,153,201|3;4,5;1,5,3;4;1,4
ILJSZ|4369,281,153,201|3;1,5;1,5,4;4;1,4
ILJSZ|34952,2185,153,201|2;4;;4;1,4
ILJTI|4369,4919,55159,30583|3;2,5;1,5,2,5;4;2,5
ILJTJ|4369,275,51,139|3;4,5;1,5;3,1,5;4
ILJTJ|4369,209681,13107,955|3;3,5;1,3,5,2;3,1,5;1,2,5
ILJTJ|4369,209681,13113,3001|3;3,5;1,2,5,2;3,1,5;1,2,5,4
ILJTJ|34952,35227,6555,955|2;2;;2,5;1,2,5
ILJTL|4369,209681,13107,887|3;3,5;1,3,5,2;1,2,5;3,1,5
ILJTL|34952,2185,204,29|2;4;3;2,0,5;4,5
ILJTL|34952,2185,52425,3545|2;4;3,4;2,0,5;3,5,4
ILJTL|34952,2188,204,29|2;;4;2,0,5;4,5
ILJTL|34952,35227,6555,29|2;2;;1,5,3,5;4,5
ILJTS|34952,35227,6555,3483|2;2;;1,5,4;3,4
ILJZO|4369,209681,211869,51|3;3,5;1,3,5;1,5,2,5,4;1,5
ILJZO|34952,2185,52425,204|2;4;3,4;2,0,5,2;0,5
ILJZS|4369,275,153,57|3;4,5;1,5,3;4;4
ILJZS|4369,281,153,57|3;1,5;1,5,4;4;4
ILJZS|34952,2185,153,57|2;4;;4;4
ILJZT|4369,275,27,141|3;4,5;1,5,4;1,3;4
ILJZT|4369,281,57,141|3;1,5;1,5;1,5,3;4
ILJZZ|4369,209681,211869,2973|3;3,5;1,3,5;1,5,2,5;1,2,4
ILLII|4369,275,13107,30583|3;4,5;3,5;2,5;2,5
ILLII|4369,275,13107,48059|3;4,5;3,5;3,5;2,5
ILLII|4369,4919,30583,30583|3;2,5;1,5,3,5;;2,5
ILLII|4369,5469,56797,56797|3;2,5,1;1,5,3,5;;3,5
ILLII|4369,209681,13107,30583|3;3,5;1,2,5,2;2,5;2,5
ILLII|4369,209681,13107,48059|3;3,5;1,2,5,2;3,5;2,5
ILLII|8738,9838,61166,61166|3,4;1,2,5;3,1,5;;3,5
ILLII|17476,17751,30583,30583|2,0;2,5;3,5;;2,5
ILLII|34952,35227,48059,48059|2;2;3,5;;2,5
ILLII|34952,35502,61166,61166|2;2,1;3,5;;3,5
ILLIO|4369,275,51,51|3;4,5;4,5;;1,5
ILLIO|4369,281,51,51|3;1,5;2,5;;1,5
ILLIO|4369,281,153,153|3;1,5;1,5;;
ILLIO|4369,7577,153,153|3;1,5,3;4,5;;
ILLIO|34952,2185,153,153|2;4;4;;
ILLIO|34952,2188,153,153|2;;2;;
ILLIO|34952,2188,204,204|2;;;;0,5
ILLIO|34952,36556,204,204|2;3;4;;0,5
ILLIS|4369,275,3483,3483|3;4,5;1,5,3,1;;3,4
ILLIT|4369,275,1879,141|3;4,5;1,5,3;2,5;4
ILLIT|4369,281,27,27|3;1,5;4,5;;1,5,4
ILLIT|4369,4919,27,27|3;2,5;1,5,3,5,1,5;;1,5,4
ILLIT|4369,4919,1399,141|3;2,5;1,5,2,5;3,5;4
ILLIT|4369,7577,27,27|3;1,5,3;3,5,4,5;;1,5,4
ILLIT|34952,2188,141,141|2;;4;;4
ILLIT|34952,35227,141,141|2;2;3,5,1,5;;4
ILLIT|34952,35754,3818,27|2;2,4;3,5;3,5;1,5,4
ILLIZ|4369,275,147,147|3;4,5;1,5;;4
ILLIZ|34952,2185,201,201|2;4;;;1,4
ILLJJ|4369,275,51,139|3;4,5;4,5;1,3,5;4
ILLJJ|4369,275,13107,955|3;4,5;3,5;1,3,5;1,2,5
ILLJJ|4369,281,51,139|3;1,5;2,5;1,3,5;4
ILLJJ|4369,281,13113,3001|3;1,5;3,5;1,3,5;1,2,5,4
ILLJJ|4369,209681,13107,955|3;3,5;1,2,5,2;1,3,5;1,2,5
ILLJJ|4369,209681,13113,3001|3;3,5;1,2,5,3,5;1,3,5;1,2,5,4
ILLJJ|34952,2185,170,955|2;4;2;2,5;1,2,5
ILLJJ|34952,2185,170,3310|2;4;2;1,2,5;2,0,5
ILLJJ|34952,2188,2990,3310|2;;3;1,2,5;2,0,5
ILLJJ|34952,35502,2990,3310|2;2,1;4;1,2,5;2,0,5
ILLJL|4369,275,13107,887|3;4,5;3,5;1,2,5;3,1,5
ILLJL|4369,281,153,3293|3;1,5;1,5;1,2,5;3,5
ILLJL|4369,281,13113,887|3;1,5;3,5;1,2,5,4;3,1,5
ILLJL|4369,7577,153,3293|3;1,5,3;4,5;1,2,5;3,5
ILLJL|4369,209681,13107,887|3;3,5;1,2,5,2;1,2,5;3,1,5
ILLJL|4369,209681,13113,887|3;3,5;1,2,5,3,5;1,2,5,4;3,1,5
ILLJL|34952,2185,153,3293|2;4;4;1,2,5;3,5
ILLJL|34952,2188,141,29|2;;4;;4,5
ILLJL|34952,2188,153,3293|2;;2;1,2,5;3,5
ILLJL|34952,35227,141,29|2;2;3,5,1,5;;4,5
ILLLJ|4369,275,3483,955|3;4,5;1,5,3,1;3,5;1,2,5
ILLLJ|4369,275,13107,955|3;4,5;3,5;3,5,1,5;1,2,5
ILLLJ|4369,281,27,139|3;1,5;4,5;1,5;4
ILLLJ|4369,281,153,955|3;1,5;1,5;3,5;1,2,5
ILLLJ|4369,281,13113,3001|3;1,5;3,5;3,5,1,5;1,2,5,4
ILLLJ|4369,4919,27,139|3;2,5;1,5,3,5,1,5;1,5;4
ILLLJ|4369,7577,27,139|3;1,5,3;3,5,4,5;1,5;4
ILLLJ|4369,7577,153,955|3;1,5,3;4,5;3,5;1,2,5
ILLLJ|4369,7577,36249,139|3;1,5,3;1,5;3,5,4,5;4
ILLLJ|4369,7577,36249,3001|3;1,5,3;1,5;3,5;1,2,5,4
ILLLJ|4369,209681,13107,955|3;3,5;1,2,5,2;3,5,1,5;1,2,5
ILLLJ|4369,209681,13113,3001|3;3,5;1,2,5,3,5;3,5,1,5;1,2,5,4
ILLLJ|34952,2185,153,955|2;4;4;3,5;1,2,5
ILLLJ|34952,2188,153,955|2;;2;3,5;1,2,5
ILLLL|4369,275,85,887|3;4,5;1,5,2;3,5;3,1,5
ILLLL|4369,275,85,3293|3;4,5;1,5,2;1,3,5;3,5
ILLLL|4369,275,13107,887|3;4,5;3,5;1,2,5;3,1,5
ILLLL|4369,281,1885,3293|3;1,5;1,5,3;1,3,5;3,5
ILLLL|4369,5469,1885,3293|3;2,5,1;4,5;1,3,5;3,5
ILLLL|4369,209681,13107,887|3;3,5;1,2,5,2;1,2,5;3,1,5
ILLLL|34952,2188,204,29|2;;;2,5;4,5
ILLLL|34952,36556,204,29|2;3;4;2,5;4,5
ILLOO|4369,275,13107,51|3;4,5;3,5;1,5;1,5
ILLOO|4369,7577,13209,153|3;1,5,3;3,5,4,5,4;1,5;
ILLOO|4369,209681,13107,51|3;3,5;1,2,5,2;1,5;1,5
ILLOO|4369,209681,13209,153|3;3,5;3,5,1,5;1,5;
ILLOS|4369,281,13113,57|3;1,5;3,5;1,5;4
ILLOS|4369,209681,13113,57|3;3,5;1,2,5,3,5;1,5;4
ILLOS|34952,2185,201,57|2;4;;0,5;4
ILLSO|4369,281,13113,51|3;1,5;3,5;3,1,5,3;1,5
ILLSO|4369,209681,13113,51|3;3,5;1,2,5,3,5;3,1,5,3;1,5
ILLSS|4369,7577,13209,57|3;1,5,3;3,5,4,5,4;3,1,5,3;4
ILLSS|4369,209681,13209,57|3;3,5;3,5,1,5;3,1,5,3;4
ILLST|4369,7577,36249,141|3;1,5,3;1,5;3,4;4
ILLST|34952,2185,201,27|2;4;;2;1,5,4
ILLST|34952,2188,141,27|2;;4;2;1,5,4
ILLST|34952,35227,141,27|2;2;3,5,1,5;2;1,5,4
ILLSZ|4369,281,153,201|3;1,5;1,5;4;1,4
ILLSZ|4369,7577,153,201|3;1,5,3;4,5;4;1,4
ILLSZ|34952,2185,153,201|2;4;4;4;1,4
ILLSZ|34952,2188,153,201|2;;2;4;1,4
ILLTI|4369,4919,1399,30583|3;2,5;1,5,2,5;4;2,5
ILLTJ|4369,275,51,139|3;4,5;4,5;3,1,5;4
ILLTJ|4369,275,13107,955|3;4,5;3,5;3,1,5;1,2,5
ILLTJ|4369,281,51,139|3;1,5;2,5;3,1,5;4
ILLTJ|4369,281,13113,3001|3;1,5;3,5;3,1,5;1,2,5,4
ILLTJ|4369,209681,13107,955|3;3,5;1,2,5,2;3,1,5;1,2,5
ILLTJ|4369,209681,13113,3001|3;3,5;1,2,5,3,5;3,1,5;1,2,5,4
ILLTL|4369,275,13107,887|3;4,5;3,5;1,2,5;3,1,5
ILLTL|4369,209681,13107,887|3;3,5;1,2,5,2;1,2,5;3,1,5
ILLTL|34952,2188,204,29|2;;;2,0,5;4,5
ILLTL|34952,36556,204,29|2;3;4;2,0,5;4,5
ILLTO|4369,7577,36249,153|3;1,5,3;1,5;4;
ILLZO|4369,275,147,51|3;4,5;1,5;4,4;1,5
ILLZS|4369,281,153,57|3;1,5;1,5;4;4
ILLZS|4369,7577,153,57|3;1,5,3;4,5;4;4
ILLZS|34952,2185,153,57|2;4;4;4;4
ILLZS|34952,2188,153,57|2;;2;4;4
ILLZT|4369,281,27,141|3;1,5;4,5;1,3;4
ILLZT|4369,4919,27,141|3;2,5;1,5,3,5,1,5;1,3;4
ILLZT|4369,7577,27,141|3;1,5,3;3,5,4,5;1,3;4
ILOIJ|4369,275,1907,139|3;4,5;;2,5;4
ILOIJ|4369,281,23,23|3;1,5;;;1,5,4
ILOIJ|4369,4919,23,23|3;2,5;1,5;;1,5,4
ILOIJ|4369,209681,209783,955|3;3,5;1,5,0;3,5;1,2,5
ILOIJ|34952,2188,139,139|2;;0,5;;4
ILOIJ|34952,35227,139,139|2;2;;;4
ILOIL|4369,275,29,29|3;4,5;1,5;;4,5
ILOIL|34952,2185,142,142|2;4;;;4
ILOIL|34952,2188,3820,29|2;;;3,5;4,5
ILOJI|4369,209681,209783,30583|3;3,5;1,5,0;1,2,5;2,5
ILOJO|34952,2188,139,204|2;;0,5;3,4,5;0,5
ILOJO|34952,35227,139,204|2;2;;3,4,5;0,5
ILOJS|34952,2185,142,57|2;4;;2;4
ILOJT|34952,2188,139,27|2;;0,5;;1,5,4
ILOJT|34952,35227,139,27|2;2;;;1,5,4
ILOLI|4369,209681,209783,30583|3;3,5;1,5,0;1,2,5;2,5
ILOLO|4369,275,29,51|3;4,5;1,5;3,5;1,5
ILOLO|4369,7577,843161,153|3;1,5,3;1;3,5,4,5,4;
ILOLO|4369,209681,209783,51|3;3,5;1,5,0;3,5,1,5;1,5
ILOLT|4369,275,29,141|3;4,5;1,5;1,5;4
ILOLZ|4369,281,23,201|3;1,5;;1,5,3;1,4
ILOLZ|4369,4919,23,201|3;2,5;1,5;1,5,3;1,4
ILOOJ|34952,2188,139,955|2;;0,5;0;1,2,5
ILOOJ|34952,35227,139,955|2;2;;0;1,2,5
ILOOL|4369,275,29,3293|3;4,5;1,5;1;3,5
ILOOL|4369,209681,209783,887|3;3,5;1,5,0;1,5;3,1,5
ILOSJ|34952,2185,142,3310|2;4;;1;2,0,5
ILOSL|4369,209681,209783,887|3;3,5;1,5,0;1,2,5;3,1,5
ILOTI|4369,209681,209783,30583|3;3,5;1,5,0;1,2,5;2,5
ILOTT|4369,281,23,141|3;1,5;;1,5,3;4
ILOTT|4369,4919,23,141|3;2,5;1,5;1,5,3;4
ILOTT|34952,2185,142,27|2;4;;2;1,5,4
ILOZL|4369,281,23,887|3;1,5;;;3,1,5
ILOZL|4369,4919,23,887|3;2,5;1,5;;3,1,5
ILSIJ|4369,275,887,139|3;4,5;2,5;3,5;4
ILSIJ|4369,4919,23,23|3;2,5;1,5,2,5;;1,5,4
ILSIJ|34952,35227,139,139|2;2;2,5;;4
ILSIJ|34952,35754,11946,955|2;2,4;2;3,5;1,2,5
ILSIL|4369,275,887,887|3;4,5;2,5;;3,1,5
ILSIL|4369,281,29,29|3;1,5;1,5,4;;4,5
ILSIL|17476,17751,96087,29|2,0;2,5;3;2,5;4,5
ILSIL|34952,2185,2491,2491|2;4;3;;1,3,5
ILSIL|34952,2188,142,142|2;;4;;4
ILSIL|34952,35227,113563,29|2;2;3;2,5;4,5
ILSIL|34952,36556,847564,3293|2;3;1;3,5;3,5
ILSJI|4369,275,887,30583|3;4,5;2,5;4;2,5
ILSJO|34952,2185,52873,153|2;4;3,1,3;2,0,5,2,3;
ILSJO|34952,35227,139,204|2;2;2,5;3,4,5;0,5
ILSJO|34952,36556,847564,204|2;3;1;2,0,5;0,5
ILSJS|34952,2188,142,57|2;;4;2;4
ILSJS|34952,35227,113563,3483|2;2;3;1,5,2,5,4,4;3,4
ILSJT|34952,35227,139,27|2;2;2,5;;1,5,4
ILSJT|34952,35227,113563,27|2;2;3;1,5,2,5,4;1,5,4
ILSJZ|34952,2185,52873,201|2;4;3,1,3;2,0,5,3;1,4
ILSLO|4369,281,29,51|3;1,5;1,5,4;3,5;1,5
ILSLT|4369,281,29,141|3;1,5;1,5,4;1,5;4
ILSLZ|4369,4919,23,201|3;2,5;1,5,2,5;1,5,3;1,4
ILSOJ|34952,35227,139,955|2;2;2,5;0;1,2,5
ILSOL|4369,281,29,3293|3;1,5;1,5,4;1;3,5
ILSSJ|34952,2188,142,3310|2;;4;1;2,0,5
ILSTT|4369,281,893,141|3;1,5;2,5;3,1,5;4
ILSTT|4369,4919,23,141|3;2,5;1,5,2,5;1,5,3;4
ILSTT|34952,2188,142,27|2;;4;2;1,5,4
ILSZJ|34952,2185,2491,955|2;4;3;4;1,2,5
ILSZL|4369,4919,23,887|3;2,5;1,5,2,5;;3,1,5
ILTIJ|4369,275,23,23|3;4,5;1,5,4;;1,5,4
ILTIJ|4369,4919,1847,139|3;2,5;1,5,4;2,5;4
ILTIJ|34952,2185,139,139|2;4;4;;4
ILTIJ|34952,35502,10926,955|2;2,1;;3,5;1,2,5
ILTIL|4369,281,29,29|3;1,5;1,5,4;;4,5
ILTIL|4369,5973,18261,3293|3;4,5,2;1,5;2,5;3,5
ILTIL|34952,2188,142,142|2;;4;;4
ILTIT|4369,275,1399,141|3;4,5;1,5,3;3,5;4
ILTIT|4369,4919,27,27|3;2,5;1,5,3,1,5;;1,5,4
ILTIT|4369,4919,1399,141|3;2,5;1,5,2,5;3,5;4
ILTIT|34952,2188,2798,27|2;;2;3,5;1,5,4
ILTIT|34952,35227,141,141|2;2;3,1,5;;4
ILTJI|34952,35502,10926,61166|2;2,1;;1,2,5;3,5
ILTJJ|34952,2185,2795,955|2;4;2;2,5;1,2,5
ILTJJ|34952,2188,2750,3310|2;;3;1,2,5;2,0,5
ILTJL|34952,2188,2493,3293|2;;2,0;1,2,5;3,5
ILTJL|34952,35227,141,29|2;2;3,1,5;;4,5
ILTJO|34952,2185,139,204|2;4;4;3,4,5;0,5
ILTJS|34952,2188,142,57|2;;4;2;4
ILTJT|34952,2185,139,27|2;4;4;;1,5,4
ILTLJ|4369,275,2523,955|3;4,5;1,5,3,1;3,5;1,2,5
ILTLJ|4369,4919,27,139|3;2,5;1,5,3,1,5;1,5;4
ILTLL|4369,275,1495,887|3;4,5;1,5,2;3,5;3,1,5
ILTLL|4369,281,1405,3293|3;1,5;1,5,3;1,3,5;3,5
ILTLO|4369,281,29,51|3;1,5;1,5,4;3,5;1,5
ILTLT|4369,281,29,141|3;1,5;1,5,4;1,5;4
ILTLZ|4369,275,23,201|3;4,5;1,5,4;1,5,3;1,4
ILTOJ|34952,2185,139,955|2;4;4;0;1,2,5
ILTOL|4369,281,29,3293|3;1,5;1,5,4;1;3,5
ILTSJ|34952,2188,142,3310|2;;4;1;2,0,5
ILTST|34952,35227,141,27|2;2;3,1,5;2;1,5,4
ILTTI|4369,275,1399,30583|3;4,5;1,5,3;4;2,5
ILTTI|4369,4919,1399,30583|3;2,5;1,5,2,5;4;2,5
ILTTI|34952,2188,2798,61166|2;;2;4;3,5
ILTTJ|4369,281,891,139|3;1,5;2,5;3,1,5;4
ILTTL|34952,2185,3309,29|2;4;3,1;2,0,5;4,5
ILTTO|34952,36556,7116,204|2;3;2;1,5,4;0,5
ILTTT|4369,275,23,141|3;4,5;1,5,4;1,5,3;4
ILTTT|34952,2188,142,27|2;;4;2;1,5,4
ILTZL|4369,275,23,887|3;4,5;1,5,4;;3,1,5
ILTZT|4369,4919,27,141|3;2,5;1,5,3,1,5;1,3;4
ILZIJ|4369,275,23,23|3;4,5;1,5,4;;1,5,4
ILZIJ|4369,281,2525,2525|3;1,5;3,5,1;;2,5
ILZIJ|4369,4919,1847,139|3;2,5;4;2,5;4
ILZIJ|4369,4919,226103,955|3;2,5;;2,5;1,2,5
ILZIJ|4369,209681,210803,955|3;3,5;1,5,2,5,0;3,5;1,2,5
ILZIJ|34952,2185,139,139|2;4;4;;4
ILZIJ|34952,2188,3310,3310|2;;2;;2,0,5
ILZIL|4369,5469,292701,3293|3;2,5,1;2;3,5;3,5
ILZIL|34952,2188,3310,29|2;;2;3,5;4,5
ILZJO|34952,2185,139,204|2;4;4;3,4,5;0,5
ILZJT|34952,2185,139,27|2;4;4;;1,5,4
ILZLI|34952,2188,3310,61166|2;;2;1,4;3,5
ILZLO|4369,275,14099,51|3;4,5;;3,1,5,2;1,5
ILZLO|4369,281,14105,153|3;1,5;;3,1,5,2,3;
ILZLO|4369,209681,210803,51|3;3,5;1,5,2,5,0;3,5,1,5;1,5
ILZLS|4369,281,14105,57|3;1,5;;3,1,5,2;4
ILZLS|4369,4919,226103,2871|3;2,5;;3,1,5;3,4
ILZLZ|4369,275,23,201|3;4,5;1,5,4;1,5,3;1,4
ILZLZ|4369,275,14099,147|3;4,5;;3,1,5,2,3;4
ILZOJ|34952,2185,139,955|2;4;4;0;1,2,5
ILZOJ|34952,35227,3259,955|2;2;3;0,5;1,2,5
ILZSL|4369,281,2525,3293|3;1,5;3,5,1;4;3,5
ILZTT|4369,275,23,141|3;4,5;1,5,4;1,5,3;4
ILZTT|34952,2185,3307,27|2;4;3;2,0,5;1,5,4
ILZZL|4369,275,23,887|3;4,5;1,5,4;;3,1,5
ILZZL|4369,275,14099,887|3;4,5;;1,5,2,2;3,1,5
ILZZL|4369,4919,2423,887|3;2,5;1,5,2;4;3,1,5
ILZZL|4369,4919,226103,887|3;2,5;;1,5,2;3,1,5
IOIIO|4369,4471,153,153|3;;2,1,5;;
IOIIO|4369,4471,4471,153|3;;;2,1,5;
IOIIO|4369,4573,51,51|3;1;3,5;;1,5
IOIIO|4369,4573,4573,51|3;1;;3,5;1,5
IOIIO|8738,8942,51,51|3,4;1,5;3,5;;1,5
IOIIO|8738,8942,8942,51|3,4;1,5;;3,5;1,5
IOIIO|17476,17527,204,204|2,0;0,5;3,4,1,5;;0,5
IOIIO|17476,17527,17527,204|2,0;0,5;;3,4,1,5;0,5
IOIIO|34952,35003,204,204|2;0;2,5;;0,5
IOIIO|34952,35003,35003,204|2;0;;2,5;0,5
IOIIO|34952,35054,153,153|2;;3,0,5;;
IOIIO|34952,35054,35054,153|2;;;3,0,5;
IOIJJ|4369,4471,4471,23|3;;;1,5,4;1,5,4
IOIJJ|4369,4573,51,139|3;1;3,5;1,3,5;4
IOIJJ|4369,4573,4573,23|3;1;;2,5;1,5,4
IOIJJ|4369,4573,4573,2525|3;1;;1,5,4;2,5
IOIJJ|8738,8942,51,139|3,4;1,5;3,5;1,3,5;4
IOIJJ|34952,35003,35003,139|2;0;;4;4
IOIJJ|34952,35054,35054,139|2;;;2,5;4
IOIJJ|34952,35054,35054,3310|2;;;4;2,0,5
IOIJL|4369,4471,153,3293|3;;2,1,5;1,2,5;3,5
IOIJL|4369,4471,4471,887|3;;;1,5;3,1,5
IOIJL|34952,35003,35003,2491|2;0;;;1,3,5
IOIJL|34952,35054,153,3293|2;;3,0,5;1,2,5;3,5
IOILJ|4369,4471,153,955|3;;2,1,5;3,5;1,2,5
IOILJ|4369,4573,4573,2525|3;1;;1,5;2,5
IOILJ|34952,35054,153,955|2;;3,0,5;3,5;1,2,5
IOILJ|34952,35054,35054,3310|2;;;;2,0,5
IOILL|4369,4471,4471,29|3;;;1,5,3,5;4,5
IOILL|4369,4471,4471,887|3;;;4,5;3,1,5
IOILL|4369,4573,4573,29|3;1;;4,5;4,5
IOILL|17476,17527,204,29|2,0;0,5;3,4,1,5;2,5;4,5
IOILL|34952,35003,204,29|2;0;2,5;2,5;4,5
IOILL|34952,35003,35003,142|2;0;;3,5;4
IOILL|34952,35003,35003,2491|2;0;;4;1,3,5
IOILL|34952,35054,35054,142|2;;;4;4
IOIOI|4369,4471,4471,30583|3;;;;2,5
IOIOI|4369,4573,4573,56797|3;1;;1;3,5
IOIOI|8738,8942,8942,61166|3,4;1,5;;1,5;3,5
IOIOI|17476,17527,17527,30583|2,0;0,5;;0,5;2,5
IOIOI|34952,35003,35003,48059|2;0;;0;2,5
IOIOI|34952,35054,35054,61166|2;;;;3,5
IOISZ|4369,4471,153,201|3;;2,1,5;4;1,4
IOISZ|34952,35054,153,201|2;;3,0,5;4;1,4
IOITJ|4369,4573,51,139|3;1;3,5;3,1,5;4
IOITJ|8738,8942,51,139|3,4;1,5;3,5;3,1,5;4
IOITL|17476,17527,204,29|2,0;0,5;3,4,1,5;2,0,5;4,5
IOITL|34952,35003,204,29|2;0;2,5;2,0,5;4,5
IOIZS|4369,4471,153,57|3;;2,1,5;4;4
IOIZS|34952,35054,153,57|2;;3,0,5;4;4
IOJIJ|4369,4471,23,23|3;;1,5,4;;1,5,4
IOJIJ|4369,4471,887,139|3;;1,5;3,5;4
IOJIJ|4369,4573,23,23|3;1;2,5;;1,5,4
IOJIJ|4369,4573,2525,2525|3;1;1,5,4;;2,5
IOJIJ|4369,4573,564701,139|3;1;1,5,3;3,5;4
IOJIJ|8738,8942,569070,139|3,4;1,5;1,3,5;3,5;4
IOJIJ|34952,35003,139,139|2;0;4;;4
IOJIJ|34952,35054,139,139|2;;2,5;;4
IOJIJ|34952,35054,3310,3310|2;;4;;2,0,5
IOJIL|4369,4471,887,887|3;;1,5;;3,1,5
IOJIL|34952,35003,2491,2491|2;0;;;1,3,5
IOJIL|34952,35054,3310,29|2;;4;3,5;4,5
IOJIL|34952,35054,838894,3293|2;;3,4;2,5;3,5
IOJJI|4369,4471,887,30583|3;;1,5;4;2,5
IOJJI|4369,4573,564701,56797|3;1;1,5,3;4;3,5
IOJJI|8738,8942,569070,61166|3,4;1,5;1,3,5;4;3,5
IOJJI|34952,35054,175086,61166|2;;4,2;1,2,5;3,5
IOJJI|34952,35054,838894,61166|2;;3,4;3,5;3,5
IOJJO|34952,35003,139,204|2;0;4;3,4,5;0,5
IOJJO|34952,35054,139,204|2;;2,5;3,4,5;0,5
IOJJO|34952,35054,838894,204|2;;3,4;2,5,0,5;0,5
IOJJT|4369,4573,564701,141|3;1;1,5,3;2,5;4
IOJJT|34952,35003,139,27|2;0;4;;1,5,4
IOJJT|34952,35054,139,27|2;;2,5;;1,5,4
IOJLI|4369,4471,808311,30583|3;;2,5,1;3,5;2,5
IOJLI|34952,35054,3310,61166|2;;4;1,4;3,5
IOJLI|34952,35054,838894,61166|2;;3,4;3,5;3,5
IOJLZ|4369,4471,23,201|3;;1,5,4;1,5,3;1,4
IOJLZ|4369,4573,23,201|3;1;2,5;1,5,3;1,4
IOJOJ|34952,35003,139,955|2;0;4;0;1,2,5
IOJOJ|34952,35054,139,955|2;;2,5;0;1,2,5
IOJOJ|34952,35054,838894,3310|2;;3,4;0,5;2,0,5
IOJOL|4369,4573,989,3293|3;1;1,5;1,5;3,5
IOJSJ|34952,35054,2542,3310|2;;;4;2,0,5
IOJSL|4369,4573,2525,3293|3;1;1,5,4;4;3,5
IOJSL|34952,35003,235963,2491|2;0;2;4;1,3,5
IOJTI|34952,35054,838894,61166|2;;3,4;3,5;3,5
IOJTT|4369,4471,23,141|3;;1,5,4;1,5,3;4
IOJTT|4369,4573,23,141|3;1;2,5;1,5,3;4
IOJZJ|34952,35003,2491,955|2;0;;4;1,2,5
IOJZJ|34952,35054,838894,3310|2;;3,4;3,5;2,0,5
IOJZL|4369,4471,23,887|3;;1,5,4;;3,1,5
IOJZL|4369,4573,23,887|3;1;2,5;;3,1,5
IOJZL|4369,4573,564701,3293|3;1;1,5,3;2;3,5
IOLIJ|4369,4471,887,139|3;;4,5;3,5;4
IOLIJ|4369,4471,209783,955|3;;3,5;3,5;1,2,5
IOLIJ|4369,4573,2525,2525|3;1;1,5;;2,5
IOLIJ|34952,35054,3310,3310|2;;;;2,0,5
IOLIL|4369,4471,29,29|3;;1,5,3,5;;4,5
IOLIL|4369,4471,887,887|3;;4,5;;3,1,5
IOLIL|4369,4573,29,29|3;1;4,5;;4,5
IOLIL|17476,17527,87927,29|2,0;0,5;2,5;2,5;4,5
IOLIL|34952,35003,142,142|2;0;3,5;;4
IOLIL|34952,35003,2491,2491|2;0;4;;1,3,5
IOLIL|34952,35003,105403,29|2;0;2;2,5;4,5
IOLIL|34952,35054,142,142|2;;4;;4
IOLIL|34952,35054,3310,29|2;;;3,5;4,5
IOLJI|4369,4471,887,30583|3;;4,5;4;2,5
IOLJI|4369,4471,209783,30583|3;;3,5;1,2,5;2,5
IOLJI|34952,35054,240366,61166|2;;2,4;1,2,5;3,5
IOLJS|34952,35003,142,57|2;0;3,5;2;4
IOLJS|34952,35054,142,57|2;;4;2;4
IOLLI|4369,4471,209783,30583|3;;3,5;1,2,5;2,5
IOLLI|4369,4471,286071,30583|3;;2,5,1;3,5;2,5
IOLLI|17476,17527,87927,30583|2,0;0,5;2,5;4,5;2,5
IOLLI|34952,35003,105403,48059|2;0;2;4,5;2,5
IOLLI|34952,35054,3310,61166|2;;;1,4;3,5
IOLLO|4369,4471,29,51|3;;1,5,3,5;3,5;1,5
IOLLO|4369,4471,209783,51|3;;3,5;3,5,1,5;1,5
IOLLO|4369,4573,29,51|3;1;4,5;3,5;1,5
IOLLT|4369,4471,29,141|3;;1,5,3,5;1,5;4
IOLLT|4369,4573,29,141|3;1;4,5;1,5;4
IOLLT|34952,35003,105403,27|2;0;2;1,5,3,5;1,5,4
IOLOJ|34952,35003,3259,955|2;0;;0,5;1,2,5
IOLOL|4369,4471,29,3293|3;;1,5,3,5;1;3,5
IOLOL|4369,4471,209783,887|3;;3,5;1,5;3,1,5
IOLOL|4369,4573,29,3293|3;1;4,5;1;3,5
IOLSJ|34952,35003,142,3310|2;0;3,5;1;2,0,5
IOLSJ|34952,35003,105403,955|2;0;2;2,5;1,2,5
IOLSJ|34952,35054,142,3310|2;;4;1;2,0,5
IOLSL|4369,4471,209783,887|3;;3,5;1,2,5;3,1,5
IOLSL|4369,4573,2525,3293|3;1;1,5;4;3,5
IOLTI|4369,4471,209783,30583|3;;3,5;1,2,5;2,5
IOLTT|34952,35003,142,27|2;0;3,5;2;1,5,4
IOLTT|34952,35054,142,27|2;;4;2;1,5,4
IOLZJ|4369,4573,825821,2525|3;1;1,5,3;1,4;2,5
IOLZJ|34952,35003,2491,955|2;0;4;4;1,2,5
IOLZL|4369,4471,2423,887|3;;1,5;4;3,1,5
IOOII|4369,4471,30583,30583|3;;;;2,5
IOOII|4369,4573,56797,56797|3;1;1;;3,5
IOOII|8738,8942,61166,61166|3,4;1,5;1,5;;3,5
IOOII|17476,17527,30583,30583|2,0;0,5;0,5;;2,5
IOOII|34952,35003,48059,48059|2;0;0;;2,5
IOOII|34952,35054,61166,61166|2;;;;3,5
IOOJJ|34952,35003,61115,955|2;0;;2,5;1,2,5
IOOJJ|34952,35054,48110,3310|2;;0;1,2,5;2,0,5
IOOLL|4369,4471,56695,887|3;;1;3,5;3,1,5
IOOLL|4369,4573,30685,3293|3;1;;1,3,5;3,5
IOSIZ|34952,35054,846062,201|2;;3,2;3,5;1,4
IOSJJ|34952,35003,2795,955|2;0;3;2,5;1,2,5
IOSJJ|34952,35054,846062,3310|2;;3,2;2,0,5,3;2,0,5
IOSJL|34952,35003,846011,2491|2;0;3,3;2,0,5,2,3;1,3,5
IOSLL|4369,4471,1495,887|3;;1,5,2;3,5;3,1,5
IOSTI|4369,4471,55159,30583|3;;4,5;4;2,5
IOTIJ|4369,4573,580061,139|3;1;1,5,3;3,5;4
IOTIJ|8738,8942,584430,139|3,4;1,5;3,1,5;3,5;4
IOTIL|17476,17527,95607,29|2,0;0,5;2,0,5;2,5;4,5
IOTIL|34952,35003,113083,29|2;0;2;2,5;4,5
IOTIT|4369,4471,1399,141|3;;1,5;3,5;4
IOTIT|34952,35054,2798,27|2;;;3,5;1,5,4
IOTJI|34952,35054,178926,61166|2;;4,2;1,2,5;3,5
IOTLI|4369,4471,316791,30583|3;;2,5,1;3,5;2,5
IOTTI|4369,4471,1399,30583|3;;1,5;4;2,5
IOTTI|34952,35054,2798,61166|2;;;4;3,5
IOTTJ|4369,4573,580061,2525|3;1;1,5,3;4;2,5
IOTTL|34952,35003,113083,2491|2;0;2;1,5,4;1,3,5
IOTTT|4369,4573,893,141|3;1;1,5,2;3,1,5;4
IOTTT|34952,35003,3307,27|2;0;3;2,0,5;1,5,4
IOZIS|4369,4471,225655,57|3;;;2,5;4
IOZJJ|34952,35054,2750,3310|2;;3;1,2,5;2,0,5
IOZLJ|4369,4573,225757,2525|3;1;;3,1,5,2,3;2,5
IOZLL|4369,4471,225655,887|3;;;3,1,5,2;3,1,5
IOZLL|4369,4573,1405,3293|3;1;2,5;1,3,5;3,5
IOZTI|34952,35054,48878,61166|2;;;4;3,5
ISIJL|4369,4981,2493,3293|3;2,5;3,5;1,2,5;3,5
ISIJL|4369,5593,5593,3545|3;1,5,3;;1,5,4;3,5,4
ISIJL|34952,35564,2493,3293|2;3;3,5;1,2,5;3,5
ISILJ|4369,4567,4567,23|3;4,5;;4,5;1,5,4
ISILJ|4369,5593,5593,23|3;1,5,3;;3,5,4;1,5,4
ISILJ|34952,35051,6555,955|2;;3,0,5;2,5;1,2,5
ISILJ|34952,35051,35051,139|2;;;4;4
ISILL|4369,4981,4981,29|3;2,5;;1,5,3,1,5;4,5
ISILL|34952,35051,6555,29|2;;3,0,5;1,5,3,5;4,5
ISILL|34952,35258,35258,142|2;2;;3,1,5;4
ISIOT|34952,35051,6555,27|2;;3,0,5;;1,5,4
ISISS|34952,35051,6555,3483|2;;3,0,5;1,5,4;3,4
ISIST|34952,35051,6555,27|2;;3,0,5;2,5;1,5,4
ISITJ|4369,5593,891,139|3;1,5,3;3,5;3,1,5;4
ISITJ|8738,9962,891,139|3,4;3,1,5;3,5;3,1,5;4
ISITJ|34952,35051,6555,955|2;;3,0,5;2,5;1,2,5
ISITL|4369,4567,4567,887|3;4,5;;1,5,2;3,1,5
ISITL|34952,35051,6555,29|2;;3,0,5;1,5,3,5;4,5
ISITL|34952,35051,35051,2491|2;;;2;1,3,5
ISITS|34952,35051,6555,3483|2;;3,0,5;1,5,4;3,4
ISJIJ|4369,4567,1847,139|3;4,5;1,5,2;2,5;4
ISJIL|4369,5593,3545,3545|3;1,5,3;1,5,4;;3,5,4
ISJIL|34952,35564,3820,29|2;3;4;3,5;4,5
ISJIL|34952,35564,839404,3293|2;3;3,4,5;2,5;3,5
ISJJO|34952,35564,3004,204|2;3;2,5;1,2,5;0,5
ISJJO|34952,35564,839404,204|2;3;3,4,5;2,5,0,5;0,5
ISJLS|4369,5593,3545,57|3;1,5,3;1,5,4;3,5,4,4;4
ISJLZ|4369,5593,1913,201|3;1,5,3;2,5;1,3,5;1,4
ISJTT|34952,35051,3307,27|2;;4;2,0,5;1,5,4
ISLIJ|4369,4567,23,23|3;4,5;4,5;;1,5,4
ISLIJ|4369,5593,23,23|3;1,5,3;3,5,4;;1,5,4
ISLIJ|34952,35051,139,139|2;;4;;4
ISLIJ|34952,35051,175851,955|2;;2,1;3,5;1,2,5
ISLIL|4369,4981,29,29|3;2,5;1,5,3,1,5;;4,5
ISLIL|4369,4981,17781,3293|3;2,5;1,5,2;2,5;3,5
ISLIL|34952,35258,142,142|2;2;3,1,5;;4
ISLJO|34952,35051,139,204|2;;4;3,4,5;0,5
ISLJS|34952,35258,142,57|2;2;3,1,5;2;4
ISLJT|34952,35051,139,27|2;;4;;1,5,4
ISLLO|4369,4981,29,51|3;2,5;1,5,3,1,5;3,5;1,5
ISLLT|4369,4981,29,141|3;2,5;1,5,3,1,5;1,5;4
ISLLZ|4369,4567,23,201|3;4,5;4,5;1,5,3;1,4
ISLLZ|4369,5593,23,201|3;1,5,3;3,5,4;1,5,3;1,4
ISLLZ|4369,5593,826841,201|3;1,5,3;1,5,3;3,5,4;1,4
ISLOJ|34952,35051,139,955|2;;4;0;1,2,5
ISLOL|4369,4981,29,3293|3;2,5;1,5,3,1,5;1;3,5
ISLSJ|34952,35258,142,3310|2;2;3,1,5;1;2,0,5
ISLTT|4369,4567,23,141|3;4,5;4,5;1,5,3;4
ISLTT|4369,5593,23,141|3;1,5,3;3,5,4;1,5,3;4
ISLTT|34952,35051,3307,27|2;;;2,0,5;1,5,4
ISLTT|34952,35258,142,27|2;2;3,1,5;2;1,5,4
ISLZL|4369,4567,23,887|3;4,5;4,5;;3,1,5
ISLZL|4369,5593,23,887|3;1,5,3;3,5,4;;3,1,5
ISLZL|4369,5593,826841,3545|3;1,5,3;1,5,3;1,4;3,5,4
ISOIT|34952,35051,61163,27|2;;;2,5;1,5,4
ISSIS|34952,35051,846059,3483|2;;3,2;2,5;3,4
ISSJJ|34952,35258,170,955|2;2;2,5;2,5;1,2,5
ISSJJ|34952,35258,170,3310|2;2;2,5;1,2,5;2,0,5
ISSLL|4369,4981,85,887|3;2,5;1,5,2,5;3,5;3,1,5
ISSLL|4369,4981,85,3293|3;2,5;1,5,2,5;1,3,5;3,5
ISTIJ|4369,4567,887,139|3;4,5;1,5,2;3,5;4
ISTIJ|4369,5593,581081,139|3;1,5,3;1,5,3;3,5;4
ISTIJ|8738,9962,585450,139|3,4;3,1,5;3,1,5;3,5;4
ISTIJ|34952,35051,191211,955|2;;4,3;2,5;1,2,5
ISTIL|4369,4567,887,887|3;4,5;1,5,2;;3,1,5
ISTIL|34952,35051,2491,2491|2;;2;;1,3,5
ISTIS|34952,35051,968939,3483|2;;3,4,2;2,5;3,4
ISTIT|4369,4981,1909,141|3;2,5;1,5,4;2,5;4
ISTJI|4369,4567,887,30583|3;4,5;1,5,2;4;2,5
ISTJJ|34952,35051,2795,955|2;;;2,5;1,2,5
ISTLL|4369,4567,1495,887|3;4,5;1,5;3,5;3,1,5
ISTLT|4369,5593,581081,141|3;1,5,3;1,5,3;3,5,4;4
ISTTL|4369,5593,581081,3545|3;1,5,3;1,5,3;4;3,5,4
ISTTT|34952,35258,202,27|2;2;3,1,5;2,0,5;1,5,4
ISTZJ|34952,35051,2491,955|2;;2;4;1,2,5
ISZIT|4369,4567,1399,141|3;4,5;2,5;3,5;4
ISZIT|4369,4981,1909,141|3;2,5;4;2,5;4
ISZLL|4369,4567,225751,887|3;4,5;;3,1,5,3;3,1,5
ISZLL|4369,5593,226777,3545|3;1,5,3;;3,1,5;3,5,4
ISZTI|4369,4567,1399,30583|3;4,5;2,5;4;2,5
ITIIJ|4369,5493,2525,2525|3;2,5,4;2,5;;2,5
ITIIJ|4369,5493,5493,2525|3;2,5,4;;2,5;2,5
ITIIJ|4369,5589,887,139|3;2,5,1;3,5;3,5;4
ITIIJ|4369,6617,955,955|3;1,5,3;3,5;;1,2,5
ITIIJ|4369,6617,6617,955|3;1,5,3;;3,5;1,2,5
ITIIJ|8738,9958,887,139|3,4;1,2,5;3,5;3,5;4
ITIIJ|8738,10986,955,955|3,4;3,1,5;3,5;;1,2,5
ITIIJ|8738,10986,10986,955|3,4;3,1,5;;3,5;1,2,5
ITIIJ|17476,18038,3310,3310|2,0;3,5;3,3,5,3,5;;2,0,5
ITIIJ|17476,18038,18038,3310|2,0;3,5;;3,3,5,3,5;2,0,5
ITIIJ|34952,35514,3310,3310|2;2,4;2,5;;2,0,5
ITIIJ|34952,35514,35514,3310|2;2,4;;2,5;2,0,5
ITIIJ|34952,36076,2525,2525|2;3;2,5;;2,5
ITIIJ|34952,36076,36076,2525|2;3;;2,5;2,5
ITIIL|4369,4979,2491,2491|3;2,5;3,5;;1,3,5
ITIIL|4369,4979,4979,2491|3;2,5;;3,5;1,3,5
ITIIL|4369,5589,887,887|3;2,5,1;3,5;;3,1,5
ITIIL|4369,5589,5589,887|3;2,5,1;;3,5;3,1,5
ITIIL|8738,9958,887,887|3,4;1,2,5;3,5;;3,1,5
ITIIL|8738,9958,9958,887|3,4;1,2,5;;3,5;3,1,5
ITIIL|17476,17781,3293,3293|2,0;2,0,5;2,5;;3,5
ITIIL|17476,17781,17781,3293|2,0;2,0,5;;2,5;3,5
ITIIL|17476,18038,3310,29|2,0;3,5;3,3,5,3,5;3,5;4,5
ITIIL|34952,35257,3293,3293|2;2;2,5;;3,5
ITIIL|34952,35257,35257,3293|2;2;;2,5;3,5
ITIIL|34952,35514,3310,29|2;2,4;2,5;3,5;4,5
ITIIL|34952,35562,2491,2491|2;2,1;3,5;;1,3,5
ITIIL|34952,35562,35562,2491|2;2,1;;3,5;1,3,5
ITIJI|4369,5589,887,30583|3;2,5,1;3,5;4;2,5
ITIJI|8738,9958,887,30583|3,4;1,2,5;3,5;4;2,5
ITIJJ|4369,277,35229,139|3;1,5;2,1,5;2,5;4
ITIJL|4369,277,277,29|3;1,5;;1,5,4;4,5
ITIJL|4369,277,35229,3293|3;1,5;2,1,5;3,5;3,5
ITIJL|34952,2186,2186,142|2;;;4;4
ITIJT|4369,6617,6617,27|3;1,5,3;;2,5;1,5,4
ITIJT|34952,36076,36076,141|2;3;;2,0,5;4
ITILI|17476,18038,3310,61166|2,0;3,5;3,3,5,3,5;1,4;3,5
ITILI|34952,35514,3310,61166|2;2,4;2,5;1,4;3,5
ITILJ|4369,277,277,23|3;1,5;;4,5;1,5,4
ITILJ|34952,2186,2186,139|2;;;4;4
ITILJ|34952,2186,6555,955|2;;3,0,5;2,5;1,2,5
ITILL|34952,2186,6555,29|2;;3,0,5;1,5,3,5;4,5
ITILT|4369,4979,4979,27|3;2,5;;1,5,3,1,5;1,5,4
ITILT|34952,35257,35257,141|2;2;;3,1,5;4
ITIOT|4369,277,35229,141|3;1,5;2,1,5;;4
ITIOT|34952,2186,6555,27|2;;3,0,5;;1,5,4
ITISL|4369,5493,2525,3293|3;2,5,4;2,5;4;3,5
ITISL|4369,6617,6617,3545|3;1,5,3;;1,5,4;3,5,4
ITISL|17476,17781,3293,29|2,0;2,0,5;2,5;3;4,5
ITISL|34952,35257,3293,29|2;2;2,5;3;4,5
ITISL|34952,36076,2525,3293|2;3;2,5;4;3,5
ITISS|34952,2186,6555,3483|2;;3,0,5;1,5,4;3,4
ITIST|34952,2186,6555,27|2;;3,0,5;2,5;1,5,4
ITITJ|4369,277,277,2525|3;1,5;;1,5,3;2,5
ITITJ|4369,277,35229,139|3;1,5;2,1,5;2,5;4
ITITJ|34952,2186,2186,3310|2;;;3;2,0,5
ITITJ|34952,2186,6555,955|2;;3,0,5;2,5;1,2,5
ITITJ|34952,35257,35257,3001|2;2;;4;1,2,5,4
ITITL|4369,277,277,887|3;1,5;;1,5,2;3,1,5
ITITL|4369,277,35229,3293|3;1,5;2,1,5;3,1,5;3,5
ITITL|4369,6617,6617,3545|3;1,5,3;;1,5,4;3,5,4
ITITL|34952,2186,2186,2491|2;;;2;1,3,5
ITITL|34952,2186,6555,29|2;;3,0,5;1,5,3,5;4,5
ITITS|4369,6617,6617,57|3;1,5,3;;2,5;4
ITITS|34952,2186,6555,3483|2;;3,0,5;1,5,4;3,4
ITITS|34952,36076,36076,156|2;3;;2,0,5;1,5,4
ITITZ|4369,277,35229,2973|3;1,5;2,1,5;4;1,2,4
ITITZ|4369,4979,4979,147|3;2,5;;1,5,3,1,5;4
ITITZ|34952,35257,35257,201|2;2;;3,1,5;1,4
ITIZJ|4369,4979,2491,955|3;2,5;3,5;4;1,2,5
ITIZJ|4369,6617,955,139|3;1,5,3;3,5;1,5,2;4
ITIZJ|8738,10986,955,139|3,4;3,1,5;3,5;1,5,2;4
ITIZJ|34952,35257,35257,3001|2;2;;4;1,2,5,4
ITIZJ|34952,35562,2491,955|2;2,1;3,5;4;1,2,5
ITIZT|4369,277,35229,141|3;1,5;2,1,5;2,5;4
ITIZZ|4369,277,35229,2973|3;1,5;2,1,5;4;1,2,4
ITJIJ|4369,277,1847,139|3;1,5;1,5,2;2,5;4
ITJIL|4369,277,29,29|3;1,5;1,5,4;;4,5
ITJIL|4369,277,17781,3293|3;1,5;3,5;2,5;3,5
ITJIL|34952,2186,142,142|2;;4;;4
ITJIT|4369,5589,1909,141|3;2,5,1;2,5;2,5;4
ITJIT|4369,6617,27,27|3;1,5,3;2,5;;1,5,4
ITJIT|34952,35562,3818,27|2;2,1;4;3,5;1,5,4
ITJIT|34952,36076,141,141|2;3;2,0,5;;4
ITJJL|34952,35257,6585,29|2;2;;1,5,2,5,4;4,5
ITJJL|34952,35257,6585,3545|2;2;;1,5,2,5,4,4;3,5,4
ITJJL|34952,36076,141,29|2;3;2,0,5;;4,5
ITJJS|34952,2186,142,57|2;;4;2;4
ITJLJ|4369,6617,27,139|3;1,5,3;2,5;1,5;4
ITJLJ|34952,35257,6585,3001|2;2;;4,5;1,2,5,4
ITJLL|34952,35257,6585,29|2;2;;1,5,3,5;4,5
ITJLO|4369,277,29,51|3;1,5;1,5,4;3,5;1,5
ITJLT|4369,277,29,141|3;1,5;1,5,4;1,5;4
ITJOL|4369,277,29,3293|3;1,5;1,5,4;1;3,5
ITJSJ|34952,2186,142,3310|2;;4;1;2,0,5
ITJSS|34952,35257,6585,57|2;2;;2,5;4
ITJST|34952,36076,141,27|2;3;2,0,5;2;1,5,4
ITJTT|4369,277,53,141|3;1,5;1,5;3,1,5;4
ITJTT|34952,2186,142,27|2;;4;2;1,5,4
ITJZT|4369,6617,27,141|3;1,5,3;2,5;1,3;4
ITLIJ|4369,277,23,23|3;1,5;4,5;;1,5,4
ITLIJ|34952,2186,139,139|2;;4;;4
ITLIJ|34952,2186,10986,955|2;;2,1;3,5;1,2,5
ITLIL|34952,2186,3790,29|2;;3;3,5;4,5
ITLIT|4369,4979,27,27|3;2,5;1,5,3,1,5;;1,5,4
ITLIT|4369,5493,1909,141|3;2,5,4;4,5;2,5;4
ITLIT|34952,35257,141,141|2;2;3,1,5;;4
ITLIT|34952,35514,3818,27|2;2,4;3,5;3,5;1,5,4
ITLJJ|4369,6617,35289,139|3;1,5,3;1,5;2,5;4
ITLJL|4369,6617,35289,3545|3;1,5,3;1,5;4;3,5,4
ITLJL|34952,35257,141,29|2;2;3,1,5;;4,5
ITLJO|34952,2186,139,204|2;;4;3,4,5;0,5
ITLJT|34952,2186,139,27|2;;4;;1,5,4
ITLLJ|4369,4979,27,139|3;2,5;1,5,3,1,5;1,5;4
ITLLJ|4369,6617,35289,139|3;1,5,3;1,5;3,5,4;4
ITLLJ|4369,6617,35289,3001|3;1,5,3;1,5;3,5,4,4;1,2,5,4
ITLLZ|4369,277,23,201|3;1,5;4,5;1,5,3;1,4
ITLOJ|34952,2186,139,955|2;;4;0;1,2,5
ITLST|34952,35257,141,27|2;2;3,1,5;2;1,5,4
ITLTT|4369,277,23,141|3;1,5;4,5;1,5,3;4
ITLTT|34952,2186,202,27|2;;;2,0,5;1,5,4
ITLZL|4369,277,23,887|3;1,5;4,5;;3,1,5
ITLZT|4369,4979,27,141|3;2,5;1,5,3,1,5;1,3;4
ITLZZ|4369,6617,35289,201|3;1,5,3;1,5;3;1,4
ITOIT|4369,277,1909,141|3;1,5;;2,5;4
ITOIT|34952,2186,3818,27|2;;;3,5;1,5,4
ITSIL|4369,6617,3545,3545|3;1,5,3;1,5,4;;3,5,4
ITSIL|17476,17781,96117,29|2,0;2,0,5;3;2,5;4,5
ITSIL|34952,35257,113593,29|2;2;3;2,5;4,5
ITSIL|34952,36076,3820,29|2;3;4;3,5;4,5
ITSIS|34952,2186,52874,3483|2;;3,3;3,5;3,4
ITSIT|34952,2186,2798,27|2;;2;3,5;1,5,4
ITSJJ|34952,2186,52874,3310|2;;3,3;2,0,5,2;2,0,5
ITSJT|34952,35257,113593,27|2;2;3;1,5,2,5,4;1,5,4
ITSLS|4369,6617,3545,57|3;1,5,3;1,5,4;3,5,4,4;4
ITSTI|34952,2186,2798,61166|2;;2;4;3,5
ITSTJ|34952,35257,113593,3001|2;2;3;1,5,4;1,2,5,4
ITTIJ|4369,277,887,139|3;1,5;1,5,2;3,5;4
ITTIJ|4369,277,2525,2525|3;1,5;1,5,3;;2,5
ITTIJ|4369,4979,1907,139|3;2,5;1,5,4;2,5;4
ITTIJ|34952,2186,3310,3310|2;;3;;2,0,5
ITTIJ|34952,2186,11946,955|2;;4,3;3,5;1,2,5
ITTIJ|34952,35257,3001,3001|2;2;4;;1,2,5,4
ITTIJ|34952,35562,10986,955|2;2,1;;3,5;1,2,5
ITTIL|4369,277,887,887|3;1,5;1,5,2;;3,1,5
ITTIL|4369,277,18261,3293|3;1,5;3,1,5;2,5;3,5
ITTIL|4369,5493,17781,3293|3;2,5,4;1,5;2,5;3,5
ITTIL|4369,6617,3545,3545|3;1,5,3;1,5,4;;3,5,4
ITTIL|34952,2186,2491,2491|2;;2;;1,3,5
ITTIL|34952,2186,3310,29|2;;3;3,5;4,5
ITTIL|34952,36076,3820,29|2;3;4;3,5;4,5
ITTIS|4369,6617,57,57|3;1,5,3;2,5;;4
ITTIS|34952,2186,60554,3483|2;;3,3;3,5;3,4
ITTIS|34952,36076,156,156|2;3;2,0,5;;1,5,4
ITTIZ|4369,277,29461,2973|3;1,5;4;2,5;1,2,4
ITTIZ|4369,4979,147,147|3;2,5;1,5,3,1,5;;4
ITTIZ|34952,35257,201,201|2;2;3,1,5;;1,4
ITTJI|4369,277,887,30583|3;1,5;1,5,2;4;2,5
ITTJJ|34952,2186,170,955|2;;;2,5;1,2,5
ITTJJ|34952,2186,170,3310|2;;;1,2,5;2,0,5
ITTJZ|34952,35257,3001,201|2;2;4;1,2,5,4,4;1,4
ITTLI|34952,2186,3310,61166|2;;3;1,4;3,5
ITTLL|4369,277,85,887|3;1,5;1,5;3,5;3,1,5
ITTLL|4369,277,85,3293|3;1,5;1,5;1,3,5;3,5
ITTLS|4369,6617,3545,57|3;1,5,3;1,5,4;3,5,4,4;4
ITTOS|34952,35257,201,57|2;2;3,1,5;0,5;4
ITTOZ|4369,6617,57,201|3;1,5,3;2,5;1,5;1,4
ITTSL|4369,277,2525,3293|3;1,5;1,5,3;4;3,5
ITTSO|34952,36076,156,204|2;3;2,0,5;4;0,5
ITTST|34952,35257,201,27|2;2;3,1,5;2;1,5,4
ITTZJ|34952,2186,2491,955|2;;2;4;1,2,5
ITTZO|4369,4979,147,51|3;2,5;1,5,3,1,5;4,4;1,5
ITTZT|4369,6617,57,141|3;1,5,3;2,5;1,5,3;4
ITZIJ|4369,4979,1907,139|3;2,5;4;2,5;4
ITZIJ|4369,4979,226163,955|3;2,5;;2,5;1,2,5
ITZIJ|4369,6617,581081,139|3;1,5,3;1,2;3,5;4
ITZIJ|8738,10986,585450,139|3,4;3,1,5;1,5,2;3,5;4
ITZIJ|34952,35257,3001,3001|2;2;4;;1,2,5,4
ITZIT|4369,277,1399,141|3;1,5;2,5;3,5;4
ITZIZ|4369,277,14101,2973|3;1,5;;2,5;1,2,4
ITZJZ|34952,35257,3001,201|2;2;4;1,2,5,4,4;1,4
ITZLL|4369,277,14101,887|3;1,5;;3,1,5,3;3,1,5
ITZLT|4369,6617,581081,141|3;1,5,3;1,2;3,5,4;4
ITZTI|4369,277,1399,30583|3;1,5;2,5;4;2,5
ITZTL|4369,6617,581081,3545|3;1,5,3;1,2;4;3,5,4
IZIJJ|4369,4477,35229,139|3;4,5;2,1,5;2,5;4
IZIJJ|4369,6613,6613,23|3;1,5,3;;2,5;1,5,4
IZIJJ|34952,36074,36074,139|2;3;;2,0,5;4
IZIJL|4369,4477,4477,29|3;4,5;;1,5,4;4,5
IZIJL|4369,4477,35229,3293|3;4,5;2,1,5;3,5;3,5
IZIJL|4369,225553,14745,3545|3;;2,5;1,2,5,4,5,4;3,5,4
IZIJL|34952,35006,35006,142|2;;;4;4
IZIJL|34952,35513,35513,142|2;2;;3,4,5,4;4
IZILJ|4369,5491,2523,955|3;2,5;2,5;3,5;1,2,5
IZILJ|34952,35513,35513,3001|2;2;;4;1,2,5,4
IZILJ|34952,36074,2523,955|2;3;2,5;3,5;1,2,5
IZIOT|4369,4477,35229,141|3;4,5;2,1,5;;4
IZISO|4369,225553,14745,153|3;;2,5;4;
IZITJ|4369,4477,4477,2525|3;4,5;;1,5,3;2,5
IZITJ|4369,4477,35229,139|3;4,5;2,1,5;2,5;4
IZITJ|34952,35006,35006,3310|2;;;3;2,0,5
IZITL|4369,4477,35229,3293|3;4,5;2,1,5;3,1,5;3,5
IZITL|17476,18037,3309,29|2,0;3,5;3,3,5,3,5;2,0,5;4,5
IZITL|34952,35513,3309,29|2;2;2,5;2,0,5;4,5
IZITZ|4369,4477,35229,2973|3;4,5;2,1,5;4;1,2,4
IZIZT|4369,4477,35229,141|3;4,5;2,1,5;2,5;4
IZIZZ|4369,4477,35229,2973|3;4,5;2,1,5;4;1,2,4
IZJIJ|4369,6613,23,23|3;1,5,3;2,5;;1,5,4
IZJIJ|34952,36074,139,139|2;3;2,0,5;;4
IZJIJ|34952,36074,10986,955|2;3;3;3,5;1,2,5
IZJIL|4369,4477,29,29|3;4,5;1,5,4;;4,5
IZJIL|4369,4477,284541,3293|3;4,5;3,5;2,5;3,5
IZJIL|34952,35006,142,142|2;;4;;4
IZJIL|34952,35513,142,142|2;2;3,4,5,4;;4
IZJJO|34952,36074,139,204|2;3;2,0,5;3,4,5;0,5
IZJJS|34952,35006,142,57|2;;4;2;4
IZJJS|34952,35513,142,57|2;2;3,4,5,4;2;4
IZJJS|34952,35513,236473,57|2;2;2;1,2,5,4;4
IZJJT|34952,36074,139,27|2;3;2,0,5;;1,5,4
IZJLO|4369,4477,29,51|3;4,5;1,5,4;3,5;1,5
IZJLT|4369,4477,29,141|3;4,5;1,5,4;1,5;4
IZJLZ|4369,6613,23,201|3;1,5,3;2,5;1,5,3;1,4
IZJOJ|34952,36074,139,955|2;3;2,0,5;0;1,2,5
IZJOL|4369,4477,29,3293|3;4,5;1,5,4;1;3,5
IZJSJ|34952,35006,142,3310|2;;4;1;2,0,5
IZJSJ|34952,35513,142,3310|2;2;3,4,5,4;1;2,0,5
IZJSJ|34952,35513,236473,3001|2;2;2;4;1,2,5,4
IZJTT|4369,4477,893,141|3;4,5;1,5;3,1,5;4
IZJTT|4369,6613,23,141|3;1,5,3;2,5;1,5,3;4
IZJTT|34952,35006,142,27|2;;4;2;1,5,4
IZJTT|34952,35513,142,27|2;2;3,4,5,4;2;1,5,4
IZJZL|4369,6613,23,887|3;1,5,3;2,5;;3,1,5
IZLIJ|4369,5491,1907,139|3;2,5;4,5;2,5;4
IZLIJ|4369,5491,210803,955|3;2,5;3,5;3,5;1,2,5
IZLIJ|4369,225553,226103,955|3;;3,1,5,2,5,2;2,5;1,2,5
IZLIJ|34952,35513,3001,3001|2;2;4;;1,2,5,4
IZLIL|34952,35006,3790,29|2;;3;3,5;4,5
IZLJO|4369,225553,2321,51|3;;3,1,5;2,5;1,5
IZLJO|4369,225553,2321,153|3;;3,1,5;2,5,2;
IZLJS|34952,35513,3817,57|2;2;3,5;2,5;4
IZLJZ|4369,225553,2321,147|3;;3,1,5;2,5,3,5;4
IZLJZ|34952,35513,3001,201|2;2;4;1,2,5,4,4;1,4
IZLLO|4369,5491,3539,51|3;2,5;1,5,3,5;3,5;1,5
IZLLO|4369,5491,210803,51|3;2,5;3,5;3,5,1,5;1,5
IZLLO|4369,225553,2321,153|3;;3,1,5;2,5,3;
IZLLO|4369,225553,14099,51|3;;3,1,5,3,5;3,1,5,2;1,5
IZLLO|4369,225553,14105,153|3;;3,1,5,2,5;3,1,5,2,3;
IZLLS|4369,225553,2321,2871|3;;3,1,5;2,5;3,4
IZLLS|4369,225553,14105,57|3;;3,1,5,2,5;3,1,5,2;4
IZLLS|4369,225553,226103,2871|3;;3,1,5,2,5,2;3,1,5;3,4
IZLLZ|4369,225553,2321,147|3;;3,1,5;2,5,2;4
IZLLZ|4369,225553,14099,147|3;;3,1,5,3,5;3,1,5,2,3;4
IZLOJ|4369,225553,2321,2525|3;;3,1,5;1;2,5
IZLSL|4369,225553,2321,3545|3;;3,1,5;2,5,1;3,5,4
IZLTT|4369,4477,893,141|3;4,5;4,5;3,1,5;4
IZLZL|4369,225553,14099,887|3;;3,1,5,3,5;1,5,2,2;3,1,5
IZLZL|4369,225553,226103,887|3;;3,1,5,2,5,2;1,5,2;3,1,5
IZOIT|4369,4477,30589,141|3;4,5;;3,5;4
IZSIT|34952,35006,2798,27|2;;3;3,5;1,5,4
IZSIT|34952,36074,3818,27|2;3;4;3,5;1,5,4
IZSJJ|34952,35006,846014,3310|2;;3,3;2,0,5,2;2,0,5
IZSJJ|34952,35513,846521,3001|2;2;1;2,0,5;1,2,5,4
IZSTI|34952,35006,2798,61166|2;;3;4;3,5
IZTIJ|4369,4477,2525,2525|3;4,5;1,5,3;;2,5
IZTIJ|34952,35006,3310,3310|2;;3;;2,0,5
IZTIL|4369,4477,292221,3293|3;4,5;3,1,5;3,5;3,5
IZTIL|17476,18037,96117,29|2,0;3,5;2,0,5;2,5;4,5
IZTIL|34952,35006,3310,29|2;;3;3,5;4,5
IZTIL|34952,35513,113593,29|2;2;2;2,5;4,5
IZTIT|34952,36074,3818,27|2;3;4;3,5;1,5,4
IZTIZ|4369,4477,471421,2973|3;4,5;4;3,5;1,2,4
IZTJJ|34952,35006,2750,3310|2;;;1,2,5;2,0,5
IZTJT|34952,35513,113593,27|2;2;2;1,5,2,5,4;1,5,4
IZTLI|34952,35006,3310,61166|2;;3;1,4;3,5
IZTLL|4369,4477,1405,3293|3;4,5;1,5;1,3,5;3,5
IZTSL|4369,4477,2525,3293|3;4,5;1,5,3;4;3,5
IZTTJ|34952,35513,113593,3001|2;2;2;1,5,4;1,2,5,4
IZTTT|4369,6613,53,141|3;1,5,3;2,5;3,1,5;4
IZZIZ|4369,4477,225661,2973|3;4,5;;3,5;1,2,4
IZZIZ|4369,225553,225661,2973|3;;1,5,2,5,2;3,5;1,2,4
IZZJJ|34952,36074,170,955|2;3;3,5;2,5;1,2,5
IZZJJ|34952,36074,170,3310|2;3;3,5;1,2,5;2,0,5
IZZLL|4369,6613,85,887|3;1,5,3;3,5;3,5;3,1,5
IZZLL|4369,6613,85,3293|3;1,5,3;3,5;1,3,5;3,5
JIIIJ|23,23,23,23|;;;;1,5,4
JIIIJ|116,2188,6557,955|4;3;3,5,0;3,5;1,2,5
JIIIJ|116,2188,10926,955|4;3;3,5;3,5;1,2,5
JIIIJ|232,232,232,232|1,4;;;;2,5,3
JIIIJ|547,547,18023,3310|2,4;;2,5;3,5,3,3,5;2,0,5
JIIIJ|547,547,35499,3310|2,4;;2,5,1;2,5;2,0,5
JIIIJ|547,18023,3310,3310|2,4;2,5;3,5,3,3,5;;2,0,5
JIIIJ|547,18023,18023,3310|2,4;2,5;;3,5,3,3,5;2,0,5
JIIIJ|547,35499,3310,3310|2,4;2,5,1;2,5;;2,0,5
JIIIJ|547,35499,35499,3310|2,4;2,5,1;;2,5;2,0,5
JIIIJ|1094,1094,5463,2525|3;;2,5;2,5;2,5
JIIIJ|1094,1094,36046,2525|3;;3,4,1,5;2,5;2,5
JIIIJ|1094,5463,2525,2525|3;2,5;2,5;;2,5
JIIIJ|1094,5463,5463,2525|3;2,5;;2,5;2,5
JIIIJ|1094,36046,2525,2525|3;3,4,1,5;2,5;;2,5
JIIIJ|1094,36046,36046,2525|3;3,4,1,5;;2,5;2,5
JIIIJ|2188,2188,6557,955|1,3;;3,5,0;3,5;1,2,5
JIIIJ|2188,2188,10926,955|1,3;;3,5;3,5;1,2,5
JIIIJ|2188,6557,955,955|1,3;3,5,0;3,5;;1,2,5
JIIIJ|2188,6557,6557,955|1,3;3,5,0;;3,5;1,2,5
JIIIJ|2188,10926,955,955|1,3;3,5;3,5;;1,2,5
JIIIJ|2188,10926,10926,955|1,3;3,5;;3,5;1,2,5
JIIIJ|3140,7509,887,139|3,4;2,5;3,5;3,5;4
JIIIJ|3140,11878,887,139|3,4;3,5;3,5;3,5;4
JIIIL|46,275,17751,3293|1;3;2,5;2,5;3,5
JIIIL|46,275,35227,3293|1;3;2,5,1;2,5;3,5
JIIIL|46,279662,17751,3293|1;3,4,1,5;2,5;2,5;3,5
JIIIL|46,279662,838894,3293|1;3,4,1,5;3,5,4,5;2,5;3,5
JIIIL|46,559278,35227,3293|1;3,3,5,2;3,5,0,5;2,5;3,5
JIIIL|46,559278,838894,3293|1;3,3,5,2;2,5;2,5;3,5
JIIIL|547,18023,3310,29|2,4;2,5;3,5,3,3,5;3,5;4,5
JIIIL|547,18023,87927,29|2,4;2,5;3,5;2,5;4,5
JIIIL|547,35499,3310,29|2,4;2,5,1;2,5;3,5;4,5
JIIIL|547,35499,105403,29|2,4;2,5,1;3,5;2,5;4,5
JIIIL|547,70451,87927,29|2,4;3;2,5;2,5;4,5
JIIIL|547,70451,105403,29|2,4;3;2,5,1;2,5;4,5
JIIIL|785,785,18261,3293|2;;2,5;2,5;3,5
JIIIL|785,785,35737,3293|2;;3,5;2,5;3,5
JIIIL|785,18261,3293,3293|2;2,5;2,5;;3,5
JIIIL|785,18261,18261,3293|2;2,5;;2,5;3,5
JIIIL|785,35737,3293,3293|2;3,5;2,5;;3,5
JIIIL|785,35737,35737,3293|2;3,5;;2,5;3,5
JIIIL|1570,1570,5939,2491|1,2;;3,5;2,5;1,3,5
JIIIL|1570,1570,36522,2491|1,2;;3,5,3,2,5;3,5;1,3,5
JIIIL|1570,5939,2491,2491|1,2;3,5;2,5;;1,3,5
JIIIL|1570,5939,5939,2491|1,2;3,5;;2,5;1,3,5
JIIIL|1570,36522,2491,2491|1,2;3,5,3,2,5;3,5;;1,3,5
JIIIL|1570,36522,36522,2491|1,2;3,5,3,2,5;;3,5;1,3,5
JIIIL|3140,3140,7509,887|3,4;;2,5;3,5;3,1,5
JIIIL|3140,3140,11878,887|3,4;;3,5;3,5;3,1,5
JIIIL|3140,7509,887,887|3,4;2,5;3,5;;3,1,5
JIIIL|3140,7509,7509,887|3,4;2,5;;3,5;3,1,5
JIIIL|3140,11878,887,887|3,4;3,5;3,5;;3,1,5
JIIIL|3140,11878,11878,887|3,4;3,5;;3,5;3,1,5
JIIJI|46,279662,838894,61166|1;3,4,1,5;3,5,4,5;3,5;3,5
JIIJI|46,559278,838894,61166|1;3,3,5,2;2,5;3,5;3,5
JIIJI|116,2188,6557,56797|4;3;3,5,0;1,5,2,5;3,5
JIIJI|116,2188,10926,61166|4;3;3,5;1,2,5;3,5
JIIJI|547,547,18023,30583|2,4;;2,5;2,0,5;2,5
JIIJI|547,547,35499,48059|2,4;;2,5,1;2,5;2,5
JIIJI|547,18023,18023,30583|2,4;2,5;;2,0,5;2,5
JIIJI|547,35499,35499,48059|2,4;2,5,1;;2,5;2,5
JIIJI|1094,1094,5463,30583|3;;2,5;2,5;2,5
JIIJI|1094,1094,36046,61166|3;;3,4,1,5;2,5;3,5
JIIJI|1094,5463,5463,30583|3;2,5;;2,5;2,5
JIIJI|1094,36046,36046,61166|3;3,4,1,5;;2,5;3,5
JIIJI|2188,2188,6557,56797|1,3;;3,5,0;1,5,2,5;3,5
JIIJI|2188,2188,10926,61166|1,3;;3,5;1,2,5;3,5
JIIJI|2188,6557,6557,56797|1,3;3,5,0;;1,5,2,5;3,5
JIIJI|2188,10926,10926,61166|1,3;3,5;;1,2,5;3,5
JIIJI|3140,7509,887,30583|3,4;2,5;3,5;4;2,5
JIIJI|3140,11878,887,30583|3,4;3,5;3,5;4;2,5
JIIJO|23,23,2185,153|;;3;;
JIIJO|23,23,2185,204|;;3;3;0,5
JIIJO|23,2185,2185,153|;3;;;
JIIJO|23,2185,2185,204|;3;;3;0,5
JIIJO|46,46,46,51|1;;;2,5;1,5
JIIJO|46,46,275,51|1;;3;1,5;1,5
JIIJO|46,46,275,153|1;;3;1,5,3;
JIIJO|46,275,275,51|1;3;;1,5;1,5
JIIJO|46,275,275,153|1;3;;1,5,3;
JIIJO|46,279662,838894,204|1;3,4,1,5;3,5,4,5;2,5,0,5;0,5
JIIJO|46,559278,838894,204|1;3,3,5,2;2,5;2,5,0,5;0,5
JIIJO|116,116,2188,204|4;;3;4;0,5
JIIJO|116,2188,2188,204|4;3;;4;0,5
JIIJO|232,232,281,153|1,4;;3;1,5,4;
JIIJO|232,281,281,153|1,4;3;;1,5,4;
JIIJO|785,785,785,51|2;;;1,3,5,2;1,5
JIIJO|785,785,35737,153|2;;3,5;4;
JIIJO|785,35737,35737,153|2;3,5;;4;
JIIJO|1570,1570,5939,51|1,2;;3,5;1,5,4;1,5
JIIJO|1570,5939,5939,51|1,2;3,5;;1,5,4;1,5
JIIJO|2188,2188,2188,204|1,3;;;4;0,5
JIIJS|46,275,35227,3483|1;3;2,5,1;4;3,4
JIIJS|46,559278,35227,3483|1;3,3,5,2;3,5,0,5;4;3,4
JIIJS|116,116,2188,156|4;;3;;1,5,4
JIIJS|116,2188,2188,156|4;3;;;1,5,4
JIIJS|232,232,232,57|1,4;;;2,5,3,2;4
JIIJS|232,232,281,57|1,4;;3;1,5;4
JIIJS|232,281,281,57|1,4;3;;1,5;4
JIIJS|785,785,785,57|2;;;1,2,5,2;4
JIIJS|2188,2188,2188,156|1,3;;;;1,5,4
JIIJT|23,23,2185,141|;;3;4;4
JIIJT|23,2185,2185,141|;3;;4;4
JIIJT|46,46,275,27|1;;3;1,5,4;1,5,4
JIIJT|46,275,275,27|1;3;;1,5,4;1,5,4
JIIJT|116,2188,6557,27|4;3;3,5,0;2,5;1,5,4
JIIJT|785,785,35737,141|2;;3,5;3,4,5,4,5;4
JIIJT|785,35737,35737,141|2;3,5;;3,4,5,4,5;4
JIIJT|1094,1094,36046,141|3;;3,4,1,5;2,5,0,5;4
JIIJT|1094,36046,36046,141|3;3,4,1,5;;2,5,0,5;4
JIIJT|2188,2188,6557,27|1,3;;3,5,0;2,5;1,5,4
JIIJT|2188,6557,6557,27|1,3;3,5,0;;2,5;1,5,4
JIIJZ|116,116,2188,2973|4;;3;2,0;1,2,4
JIIJZ|116,2188,2188,2973|4;3;;2,0;1,2,4
JIIJZ|785,785,785,2973|2;;;1,3,5;1,2,4
JIIJZ|2188,2188,2188,2973|1,3;;;2,0;1,2,4
JIILI|46,275,17751,30583|1;3;2,5;3,5;2,5
JIILI|46,275,35227,48059|1;3;2,5,1;3,5;2,5
JIILI|46,279662,17751,30583|1;3,4,1,5;2,5;3,5;2,5
JIILI|46,279662,838894,61166|1;3,4,1,5;3,5,4,5;3,5;3,5
JIILI|46,559278,35227,48059|1;3,3,5,2;3,5,0,5;3,5;2,5
JIILI|46,559278,838894,61166|1;3,3,5,2;2,5;3,5;3,5
JIILI|547,18023,3310,61166|2,4;2,5;3,5,3,3,5;1,4;3,5
JIILI|547,18023,87927,30583|2,4;2,5;3,5;4,5;2,5
JIILI|547,35499,3310,61166|2,4;2,5,1;2,5;1,4;3,5
JIILI|547,35499,105403,48059|2,4;2,5,1;3,5;4,5;2,5
JIILI|547,70451,87927,30583|2,4;3;2,5;4,5;2,5
JIILI|547,70451,105403,48059|2,4;3;2,5,1;4,5;2,5
JIILO|23,23,2185,153|;;3;4;
JIILO|23,2185,2185,153|;3;;4;
JIILO|46,46,275,51|1;;3;4,5;1,5
JIILO|46,275,275,51|1;3;;4,5;1,5
JIILO|116,116,116,204|4;;;1,3,5;0,5
JIILO|116,116,2188,153|4;;3;2;
JIILO|116,116,2188,204|4;;3;;0,5
JIILO|116,2188,2188,153|4;3;;2;
JIILO|116,2188,2188,204|4;3;;;0,5
JIILO|232,232,281,51|1,4;;3;2,5;1,5
JIILO|232,232,281,153|1,4;;3;1,5;
JIILO|232,281,281,51|1,4;3;;2,5;1,5
JIILO|232,281,281,153|1,4;3;;1,5;
JIILO|785,785,785,51|2;;;1,2,5,2;1,5
JIILO|785,785,785,153|2;;;3,5,1,5;
JIILO|2188,2188,2188,153|1,3;;;2;
JIILO|2188,2188,2188,204|1,3;;;;0,5
JIILS|46,46,275,3483|1;;3;1,5,3,1;3,4
JIILS|46,275,275,3483|1;3;;1,5,3,1;3,4
JIILS|785,785,785,57|2;;;1,2,5,3,5;4
JIILT|46,275,35227,141|1;3;2,5,1;3,5,1,5;4
JIILT|46,559278,35227,141|1;3,3,5,2;3,5,0,5;3,5,1,5;4
JIILT|116,116,2188,141|4;;3;4;4
JIILT|116,2188,2188,141|4;3;;4;4
JIILT|232,232,281,27|1,4;;3;4,5;1,5,4
JIILT|232,281,281,27|1,4;3;;4,5;1,5,4
JIILT|547,35499,105403,27|2,4;2,5,1;3,5;1,5,3,5;1,5,4
JIILT|547,70451,105403,27|2,4;3;2,5,1;1,5,3,5;1,5,4
JIILT|2188,2188,2188,141|1,3;;;4;4
JIILZ|23,23,23,201|;;;1,5,3;1,4
JIILZ|23,23,2185,201|;;3;;1,4
JIILZ|23,2185,2185,201|;3;;;1,4
JIILZ|46,46,275,147|1;;3;1,5;4
JIILZ|46,275,275,147|1;3;;1,5;4
JIILZ|116,2188,6557,2973|4;3;3,5,0;4,5;1,2,4
JIILZ|1094,1094,36046,3534|3;;3,4,1,5;4;2,4
JIILZ|1094,36046,36046,3534|3;3,4,1,5;;4;2,4
JIILZ|2188,2188,6557,2973|1,3;;3,5,0;4,5;1,2,4
JIILZ|2188,6557,6557,2973|1,3;3,5,0;;4,5;1,2,4
JIIOJ|46,46,46,3310|1;;;1,5;2,0,5
JIIOJ|46,275,35227,139|1;3;2,5,1;;4
JIIOJ|46,279662,838894,3310|1;3,4,1,5;3,5,4,5;0,5;2,0,5
JIIOJ|46,559278,35227,139|1;3,3,5,2;3,5,0,5;;4
JIIOJ|46,559278,838894,3310|1;3,3,5,2;2,5;0,5;2,0,5
JIIOJ|116,116,2188,139|4;;3;0,5;4
JIIOJ|116,2188,2188,139|4;3;;0,5;4
JIIOJ|232,232,281,23|1,4;;3;;1,5,4
JIIOJ|232,281,281,23|1,4;3;;;1,5,4
JIIOJ|2188,2188,2188,139|1,3;;;0,5;4
JIIOL|23,23,2185,142|;;3;;4
JIIOL|23,2185,2185,142|;3;;;4
JIIOL|46,46,275,29|1;;3;1,5;4,5
JIIOL|46,275,275,29|1;3;;1,5;4,5
JIIOL|116,2188,6557,29|4;3;3,5,0;;4,5
JIIOL|785,785,785,887|2;;;1,5,0;3,1,5
JIIOL|1094,1094,36046,142|3;;3,4,1,5;0,5;4
JIIOL|1094,36046,36046,142|3;3,4,1,5;;0,5;4
JIIOL|2188,2188,6557,29|1,3;;3,5,0;;4,5
JIIOL|2188,6557,6557,29|1,3;3,5,0;;;4,5
JIISJ|46,275,35227,139|1;3;2,5,1;2,5;4
JIISJ|46,559278,35227,139|1;3,3,5,2;3,5,0,5;2,5;4
JIISJ|547,35499,105403,955|2,4;2,5,1;3,5;2,5;1,2,5
JIISJ|547,70451,105403,955|2,4;3;2,5,1;2,5;1,2,5
JIISL|23,23,2185,2491|;;3;3;1,3,5
JIISL|23,2185,2185,2491|;3;;3;1,3,5
JIISL|46,46,275,887|1;;3;2,5;3,1,5
JIISL|46,275,275,887|1;3;;2,5;3,1,5
JIISL|116,116,2188,142|4;;3;4;4
JIISL|116,2188,2188,142|4;3;;4;4
JIISL|232,232,281,29|1,4;;3;1,5,4;4,5
JIISL|232,281,281,29|1,4;3;;1,5,4;4,5
JIISL|785,18261,3293,29|2;2,5;2,5;3;4,5
JIISL|785,35737,3293,29|2;3,5;2,5;3;4,5
JIISL|1094,5463,2525,3293|3;2,5;2,5;4;3,5
JIISL|1094,36046,2525,3293|3;3,4,1,5;2,5;4;3,5
JIISL|2188,2188,2188,142|1,3;;;4;4
JIITI|46,279662,838894,61166|1;3,4,1,5;3,5,4,5;3,5;3,5
JIITI|46,559278,838894,61166|1;3,3,5,2;2,5;3,5;3,5
JIITJ|23,23,2185,139|;;3;4;4
JIITJ|23,2185,2185,139|;3;;4;4
JIITJ|46,46,275,23|1;;3;1,5,4;1,5,4
JIITJ|46,275,275,23|1;3;;1,5,4;1,5,4
JIITL|116,116,2188,142|4;;3;4;4
JIITL|116,2188,2188,142|4;3;;4;4
JIITL|232,232,281,29|1,4;;3;1,5,4;4,5
JIITL|232,281,281,29|1,4;3;;1,5,4;4,5
JIITL|2188,2188,2188,142|1,3;;;4;4
JIITT|23,23,23,141|;;;1,5,3;4
JIITT|46,275,35227,141|1;3;2,5,1;3,1,5;4
JIITT|46,559278,35227,141|1;3,3,5,2;3,5,0,5;3,1,5;4
JIITT|116,2188,6557,27|4;3;3,5,0;2,5;1,5,4
JIITT|1094,1094,36046,141|3;;3,4,1,5;2,0,5;4
JIITT|1094,36046,36046,141|3;3,4,1,5;;2,0,5;4
JIITT|2188,2188,6557,27|1,3;;3,5,0;2,5;1,5,4
JIITT|2188,6557,6557,27|1,3;3,5,0;;2,5;1,5,4
JIIZJ|23,23,2185,139|;;3;4;4
JIIZJ|23,2185,2185,139|;3;;4;4
JIIZJ|46,46,275,23|1;;3;1,5,4;1,5,4
JIIZJ|46,275,275,23|1;3;;1,5,4;1,5,4
JIIZJ|46,279662,838894,3310|1;3,4,1,5;3,5,4,5;3,5;2,0,5
JIIZJ|46,559278,838894,3310|1;3,3,5,2;2,5;3,5;2,0,5
JIIZJ|116,116,2188,3310|4;;3;2;2,0,5
JIIZJ|116,2188,2188,3310|4;3;;2;2,0,5
JIIZJ|232,232,281,2525|1,4;;3;3,5,1;2,5
JIIZJ|232,281,281,2525|1,4;3;;3,5,1;2,5
JIIZJ|1570,5939,2491,955|1,2;3,5;2,5;4;1,2,5
JIIZJ|1570,36522,2491,955|1,2;3,5,3,2,5;3,5;4;1,2,5
JIIZJ|2188,2188,2188,3310|1,3;;;2;2,0,5
JIIZJ|2188,6557,955,139|1,3;3,5,0;3,5;1,5,2;4
JIIZJ|2188,10926,955,139|1,3;3,5;3,5;1,5,2;4
JIIZL|23,23,23,887|;;;;3,1,5
JIIZL|116,2188,6557,29|4;3;3,5,0;2,5;4,5
JIIZL|1094,1094,36046,142|3;;3,4,1,5;3,5;4
JIIZL|1094,36046,36046,142|3;3,4,1,5;;3,5;4
JIIZL|2188,2188,6557,29|1,3;;3,5,0;2,5;4,5
JIIZL|2188,6557,6557,29|1,3;3,5,0;;2,5;4,5
JIJII|46,279662,419694,61166|1;3,4,1,5;3,5;3,3,5,2,5;3,5
JIJII|46,559278,699310,61166|1;3,3,5,2;3,0;2,5;3,5
JIJII|547,547,13107,30583|2,4;;2,5;2,5;2,5
JIJII|547,547,13107,48059|2,4;;2,5;3,5;2,5
JIJII|547,18023,30583,30583|2,4;2,5;2,0,5;;2,5
JIJII|547,35499,48059,48059|2,4;2,5,1;2,5;;2,5
JIJII|547,70451,13107,30583|2,4;3;1,5;2,5;2,5
JIJII|547,70451,13107,48059|2,4;3;1,5;3,5;2,5
JIJII|1094,1094,26214,30583|3;;2,5;3,5;2,5
JIJII|1094,5463,30583,30583|3;2,5;2,5;;2,5
JIJII|1094,36046,61166,61166|3;3,4,1,5;2,5;;3,5
JIJII|2188,6557,56797,56797|1,3;3,5,0;1,5,2,5;;3,5
JIJII|2188,10926,61166,61166|1,3;3,5;1,2,5;;3,5
JIJIO|23,23,5911,153|;;;2,5;
JIJIO|23,23,17527,204|;;3;3,4,1,5;0,5
JIJIO|23,2185,153,153|;3;;;
JIJIO|23,2185,204,204|;3;3;;0,5
JIJIO|46,46,51,51|1;;2,5;;1,5
JIJIO|46,46,11822,51|1;;1;3,5;1,5
JIJIO|46,46,35054,153|1;;1,3;3,0,5;
JIJIO|46,275,51,51|1;3;1,5;;1,5
JIJIO|46,275,153,153|1;3;1,5,3;;
JIJIO|46,279662,17527,204|1;3,4,1,5;2,5,0,5;3,4,1,5;0,5
JIJIO|46,559278,35003,204|1;3,3,5,2;2,5;2,5;0,5
JIJIO|46,559278,35054,153|1;3,3,5,2;4;3,0,5;
JIJIO|116,116,29812,204|4;;2,2;2,5;0,5
JIJIO|116,2188,204,204|4;3;4;;0,5
JIJIO|232,232,59624,153|1,4;;1,4;3,5;
JIJIO|232,281,153,153|1,4;3;1,5,4;;
JIJIO|547,70451,4471,153|2,4;3;1,5,2,5;2,1,5;
JIJIO|785,785,51,51|2;;1,3,5,2;;1,5
JIJIO|785,785,30481,153|2;;4;2,5;
JIJIO|785,35737,153,153|2;3,5;4;;
JIJIO|1570,1570,60962,51|1,2;;4;3,5;1,5
JIJIO|1570,5939,51,51|1,2;3,5;1,5,4;;1,5
JIJIO|2188,2188,204,204|1,3;;4;;0,5
JIJIS|46,275,29971,3483|1;3;4;2,5;3,4
JIJIS|116,116,6004,156|4;;;2,5;1,5,4
JIJIS|116,2188,156,156|4;3;;;1,5,4
JIJIS|232,232,57,57|1,4;;2,5,3,2;;4
JIJIS|232,232,12008,57|1,4;;1;3,5;4
JIJIS|232,281,57,57|1,4;3;1,5;;4
JIJIS|785,785,57,57|2;;1,2,5,2;;4
JIJIS|2188,2188,156,156|1,3;;;;1,5,4
JIJIT|23,23,1879,141|;;4;2,5;4
JIJIT|23,2185,141,141|;3;4;;4
JIJIT|46,46,3758,27|1;;1,4;3,5;1,5,4
JIJIT|46,275,27,27|1;3;1,5,4;;1,5,4
JIJIT|116,2188,3758,27|4;3;2;3,5;1,5,4
JIJIT|785,785,1879,141|2;;1,2,5,4;2,5;4
JIJIT|785,35737,141,141|2;3,5;3,4,5,4,5;;4
JIJIT|1094,1094,1879,141|3;;2,5,0,5;2,5;4
JIJIT|1094,36046,141,141|3;3,4,1,5;2,5,0,5;;4
JIJIT|1094,36046,2798,27|3;3,4,1,5;3,5;3,5;1,5,4
JIJIT|2188,2188,3758,27|1,3;;2;3,5;1,5,4
JIJIT|2188,6557,27,27|1,3;3,5,0;2,5;;1,5,4
JIJIT|3140,7509,1909,141|3,4;2,5;2,5;2,5;4
JIJIZ|116,2188,2973,2973|4;3;2,0;;1,2,4
JIJIZ|785,785,2973,2973|2;;1,3,5;;1,2,4
JIJIZ|2188,2188,2973,2973|1,3;;2,0;;1,2,4
JIJJJ|23,23,5911,23|;;;1,5,4;1,5,4
JIJJJ|23,2185,3755,955|;3;2;2,5;1,2,5
JIJJJ|46,46,51,139|1;;2,5;1,3,5;4
JIJJJ|46,46,35054,139|1;;1,3;2,5;4
JIJJJ|46,46,35054,3310|1;;1,3;4;2,0,5
JIJJJ|46,275,51,139|1;3;1,5;1,3,5;4
JIJJJ|46,559278,35003,139|1;3,3,5,2;2,5;4;4
JIJJJ|46,559278,35054,139|1;3,3,5,2;4;2,5;4
JIJJJ|46,559278,35054,3310|1;3,3,5,2;4;4;2,0,5
JIJJJ|116,2188,170,955|4;3;3;2,5;1,2,5
JIJJJ|116,2188,170,3310|4;3;3;1,2,5;2,0,5
JIJJJ|232,232,6120,232|1,4;;;1,5,4;2,5,3
JIJJJ|232,232,59624,232|1,4;;1,4;2,5,3;2,5,3
JIJJJ|547,547,170,955|2,4;;1,3,5;2,5;1,2,5
JIJJJ|547,547,170,3310|2,4;;1,3,5;1,2,5;2,0,5
JIJJJ|547,547,13107,955|2,4;;2,5;1,3,5;1,2,5
JIJJJ|547,35499,3755,955|2,4;2,5,1;4;2,5;1,2,5
JIJJJ|547,70451,4471,23|2,4;3;1,5,2,5;1,5,4;1,5,4
JIJJJ|547,70451,4539,955|2,4;3;1,5,3,5;1,5;1,2,5
JIJJJ|547,70451,13107,955|2,4;3;1,5;1,3,5;1,2,5
JIJJJ|785,785,51,139|2;;1,3,5,2;1,3,5;4
JIJJJ|1570,5939,51,139|1,2;3,5;1,5,4;1,3,5;4
JIJJJ|2188,2188,170,955|1,3;;3;2,5;1,2,5
JIJJJ|2188,2188,170,3310|1,3;;3;1,2,5;2,0,5
JIJJL|23,2185,141,29|;3;4;;4,5
JIJJL|23,2185,153,3293|;3;;1,2,5;3,5
JIJJL|23,2185,52425,3545|;3;3,4;2,5,0,5;3,5,4
JIJJL|46,275,153,3293|1;3;1,5,3;1,2,5;3,5
JIJJL|46,559278,35003,2491|1;3,3,5,2;2,5;;1,3,5
JIJJL|116,2188,2973,3293|4;3;2,0;1,2,5;3,5
JIJJL|232,281,153,3293|1,4;3;1,5,4;1,2,5;3,5
JIJJL|547,547,3687,887|2,4;;1,2,5;2,5;3,1,5
JIJJL|547,547,13107,887|2,4;;2,5;1,2,5;3,1,5
JIJJL|547,70451,4471,887|2,4;3;1,5,2,5;1,5;3,1,5
JIJJL|547,70451,4539,29|2,4;3;1,5,3,5;1,5,2,5;4,5
JIJJL|547,70451,4539,2491|2,4;3;1,5,3,5;1,5,4;1,3,5
JIJJL|547,70451,13107,887|2,4;3;1,5;1,2,5;3,1,5
JIJJL|785,785,2973,3293|2;;1,3,5;1,2,5;3,5
JIJJL|785,35737,141,29|2;3,5;3,4,5,4,5;;4,5
JIJJL|785,35737,153,3293|2;3,5;4;1,2,5;3,5
JIJJL|785,35737,7065,29|2;3,5;;1,5,2,5,4,5;4,5
JIJJL|785,35737,7065,3545|2;3,5;;1,5,2,5;3,5,4
JIJJL|1094,36046,141,29|3;3,4,1,5;2,5,0,5;;4,5
JIJJL|2188,2188,2973,3293|1,3;;2,0;1,2,5;3,5
JIJJL|3140,3140,3687,887|3,4;;3,5;2,5;3,1,5
JIJLJ|23,23,5911,23|;;;1,5,3,5,2;1,5,4
JIJLJ|23,2185,153,955|;3;;3,5;1,2,5
JIJLJ|23,2185,52425,3310|;3;3,4;3,5,4;2,0,5
JIJLJ|46,46,1902,3310|1;;4;1,3,5;2,0,5
JIJLJ|46,46,35054,3310|1;;1,3;;2,0,5
JIJLJ|46,275,27,139|1;3;1,5,4;1,5;4
JIJLJ|46,275,153,955|1;3;1,5,3;3,5;1,2,5
JIJLJ|46,559278,35054,3310|1;3,3,5,2;4;;2,0,5
JIJLJ|232,281,153,955|1,4;3;1,5,4;3,5;1,2,5
JIJLJ|547,547,13107,955|2,4;;2,5;3,5,1,5;1,2,5
JIJLJ|547,70451,4539,23|2,4;3;1,5,3,5;1,5,3,5;1,5,4
JIJLJ|547,70451,4539,955|2,4;3;1,5,3,5;4,5;1,2,5
JIJLJ|547,70451,6963,23|2,4;3;1,5,4;1,5,3,5,4,5;1,5,4
JIJLJ|547,70451,13107,955|2,4;3;1,5;3,5,1,5;1,2,5
JIJLJ|785,35737,153,955|2;3,5;4;3,5;1,2,5
JIJLJ|2188,6557,27,139|1,3;3,5,0;2,5;1,5;4
JIJLL|23,2185,204,29|;3;3;2,5;4,5
JIJLL|23,2185,52425,3545|;3;3,4;2,5;3,5,4
JIJLL|46,46,35054,142|1;;1,3;4;4
JIJLL|46,275,3415,887|1;3;1,5,2;3,5;3,1,5
JIJLL|46,559278,35003,142|1;3,3,5,2;2,5;3,5;4
JIJLL|46,559278,35003,2491|1;3,3,5,2;2,5;4;1,3,5
JIJLL|46,559278,35054,142|1;3,3,5,2;4;4;4
JIJLL|116,2188,204,29|4;3;4;2,5;4,5
JIJLL|232,281,85,887|1,4;3;3,5;3,5;3,1,5
JIJLL|232,281,85,3293|1,4;3;3,5;1,3,5;3,5
JIJLL|547,547,13107,887|2,4;;2,5;1,2,5;3,1,5
JIJLL|547,70451,4471,29|2,4;3;1,5,2,5;1,5,3,5;4,5
JIJLL|547,70451,4471,887|2,4;3;1,5,2,5;4,5;3,1,5
JIJLL|547,70451,4539,2491|2,4;3;1,5,3,5;1,5;1,3,5
JIJLL|547,70451,13107,887|2,4;3;1,5;1,2,5;3,1,5
JIJLL|785,785,85,887|2;;1,2,5;3,5;3,1,5
JIJLL|785,785,85,3293|2;;1,2,5;1,3,5;3,5
JIJLL|1094,5463,3415,887|3;2,5;1,5,4;3,5;3,1,5
JIJLL|2188,2188,204,29|1,3;;4;2,5;4,5
JIJLL|3140,3140,85,887|3,4;;2,5,0,5;3,5;3,1,5
JIJLL|3140,3140,85,3293|3,4;;2,5,0,5;1,3,5;3,5
JIJOI|23,23,17527,30583|;;3;0,5;2,5
JIJOI|46,46,35054,61166|1;;1,3;;3,5
JIJOI|46,279662,17527,30583|1;3,4,1,5;2,5,0,5;0,5;2,5
JIJOI|46,559278,35003,48059|1;3,3,5,2;2,5;0;2,5
JIJOI|46,559278,35054,61166|1;3,3,5,2;4;;3,5
JIJOI|547,70451,4471,30583|2,4;3;1,5,2,5;;2,5
JIJOO|547,547,13107,51|2,4;;2,5;1,5;1,5
JIJOO|547,70451,13107,51|2,4;3;1,5;1,5;1,5
JIJOO|785,35737,52377,153|2;3,5;3,4,5,4,5,4;0,5;
JIJOZ|23,2185,52425,201|;3;3,4;0,5;1,4
JIJOZ|232,232,57,201|1,4;;2,5,3,2;1,5;1,4
JIJOZ|232,281,57,201|1,4;3;1,5;1,5;1,4
JIJOZ|785,785,57,201|2;;1,2,5,2;1,5;1,4
JIJSO|116,2188,156,204|4;3;;4;0,5
JIJSO|2188,2188,156,204|1,3;;;4;0,5
JIJST|23,2185,141,27|;3;4;2;1,5,4
JIJST|547,70451,6963,27|2,4;3;1,5,4;1,5,3,4;1,5,4
JIJST|785,35737,141,27|2;3,5;3,4,5,4,5;2;1,5,4
JIJST|1094,36046,141,27|3;3,4,1,5;2,5,0,5;2;1,5,4
JIJSZ|23,2185,153,201|;3;;4;1,4
JIJSZ|46,275,153,201|1;3;1,5,3;4;1,4
JIJSZ|232,281,153,201|1,4;3;1,5,4;4;1,4
JIJSZ|785,35737,153,201|2;3,5;4;4;1,4
JIJTI|1094,36046,2798,61166|3;3,4,1,5;3,5;4;3,5
JIJTJ|46,46,51,139|1;;2,5;3,1,5;4
JIJTJ|46,275,51,139|1;3;1,5;3,1,5;4
JIJTJ|46,559278,35246,3310|1;3,3,5,2;;3,1,5;2,0,5
JIJTJ|547,547,13107,955|2,4;;2,5;3,1,5;1,2,5
JIJTJ|547,70451,13107,955|2,4;3;1,5;3,1,5;1,2,5
JIJTJ|785,785,51,139|2;;1,3,5,2;3,1,5;4
JIJTJ|1570,5939,51,139|1,2;3,5;1,5,4;3,1,5;4
JIJTL|23,23,39,142|;;1,5;3,1,5;4
JIJTL|23,2185,204,29|;3;3;2,0,5;4,5
JIJTL|23,2185,52425,3545|;3;3,4;2,0,5;3,5,4
JIJTL|116,2188,204,29|4;3;4;2,0,5;4,5
JIJTL|547,547,13107,887|2,4;;2,5;1,2,5;3,1,5
JIJTL|547,70451,13107,887|2,4;3;1,5;1,2,5;3,1,5
JIJTL|2188,2188,204,29|1,3;;4;2,0,5;4,5
JIJTO|547,70451,6963,51|2,4;3;1,5,4;1,5,4;1,5
JIJTO|785,35737,7065,153|2;3,5;;1,5,4;
JIJTT|547,70451,4539,27|2,4;3;1,5,3,5;1,5,4;1,5,4
JIJZO|23,2185,52425,204|;3;3,4;2,0,5,2;0,5
JIJZS|23,2185,153,57|;3;;4;4
JIJZS|46,275,153,57|1;3;1,5,3;4;4
JIJZS|232,281,153,57|1,4;3;1,5,4;4;4
JIJZS|785,35737,153,57|2;3,5;4;4;4
JIJZT|46,275,27,141|1;3;1,5,4;1,3;4
JIJZT|232,232,57,141|1,4;;2,5,3,2;1,5,3;4
JIJZT|232,281,57,141|1,4;3;1,5;1,5,3;4
JIJZT|785,785,57,141|2;;1,2,5,2;1,5,3;4
JIJZT|785,35737,7065,27|2;3,5;;2;1,5,4
JIJZT|2188,6557,27,141|1,3;3,5,0;2,5;1,3;4
JIJZZ|785,35737,52377,201|2;3,5;3,4,5,4,5,4;2,0,5,2;1,4
JILII|46,275,13107,30583|1;3;3,5;2,5;2,5
JILII|46,275,13107,48059|1;3;3,5;3,5;2,5
JILII|46,279662,484974,61166|1;3,4,1,5;3,5;3,5;3,5
JILII|46,559278,764590,61166|1;3,3,5,2;2,4;2,5;3,5
JILII|547,18023,943719,30583|2,4;2,5;1,4;2,5;2,5
JILII|547,35499,961195,48059|2,4;2,5,1;3,5,3;2,5;2,5
JILII|547,70451,13107,30583|2,4;3;4,5;2,5;2,5
JILII|547,70451,13107,48059|2,4;3;4,5;3,5;2,5
JILIO|23,23,28951,153|;;3,3,5;2,5;
JILIO|23,2185,153,153|;3;4;;
JILIO|46,46,57902,51|1;;1,2,2,5;3,5;1,5
JILIO|46,275,51,51|1;3;4,5;;1,5
JILIO|116,116,204,204|4;;1,3,5;;0,5
JILIO|116,116,18292,204|4;;;2,5;0,5
JILIO|116,2188,153,153|4;3;2;;
JILIO|116,2188,204,204|4;3;;;0,5
JILIO|232,232,36584,153|1,4;;1;3,5;
JILIO|232,281,51,51|1,4;3;2,5;;1,5
JILIO|232,281,153,153|1,4;3;1,5;;
JILIO|547,70451,4471,153|2,4;3;1,5,2,5;2,1,5;
JILIO|785,785,51,51|2;;1,2,5,2;;1,5
JILIO|785,785,153,153|2;;3,5,1,5;;
JILIO|2188,2188,153,153|1,3;;2;;
JILIO|2188,2188,204,204|1,3;;;;0,5
JILIS|46,46,51374,3483|1;;3,1;2,5;3,4
JILIS|46,275,3483,3483|1;3;1,5,3,1;;3,4
JILIS|116,116,29044,156|4;;4;2,5;1,5,4
JILIS|232,232,58088,57|1,4;;3,3;3,5;4
JILIS|785,785,57,57|2;;1,2,5,3,5;;4
JILIT|46,275,1879,141|1;3;1,5,3;2,5;4
JILIT|46,559278,584942,141|1;3,3,5,2;3;3,5;4
JILIT|116,2188,141,141|4;3;4;;4
JILIT|232,281,27,27|1,4;3;4,5;;1,5,4
JILIT|547,35499,61163,27|2,4;2,5,1;3,5;2,5;1,5,4
JILIT|547,70451,96115,27|2,4;3;1,5,3,5;2,5;1,5,4
JILIT|1094,5463,1879,141|3;2,5;4,5;2,5;4
JILIT|2188,2188,141,141|1,3;;4;;4
JILIZ|23,23,201,201|;;1,5,3;;1,4
JILIZ|23,23,18199,201|;;;2,5;1,4
JILIZ|23,2185,201,201|;3;;;1,4
JILIZ|46,46,36398,147|1;;1;3,5;4
JILIZ|46,275,147,147|1;3;1,5;;4
JILIZ|1094,1094,30022,3534|3;;4;2,5;2,4
JILIZ|1094,36046,3534,3534|3;3,4,1,5;4;;2,4
JILIZ|2188,6557,2973,2973|1,3;3,5,0;4,5;;1,2,4
JILJJ|23,23,135,23|;;1,5;;1,5,4
JILJJ|23,2185,170,955|;3;2;2,5;1,2,5
JILJJ|23,2185,170,3310|;3;2;1,2,5;2,0,5
JILJJ|46,275,51,139|1;3;4,5;1,3,5;4
JILJJ|46,275,13107,955|1;3;3,5;1,3,5;1,2,5
JILJJ|46,559278,36014,139|1;3,3,5,2;;2,0,5;4
JILJJ|116,2188,2990,3310|4;3;3;1,2,5;2,0,5
JILJJ|232,232,120,232|1,4;;4;4;2,5,3
JILJJ|232,281,51,139|1,4;3;2,5;1,3,5;4
JILJJ|232,281,13113,3001|1,4;3;3,5;1,3,5;1,2,5,4
JILJJ|547,547,3755,955|2,4;;3,5,1,5;2,5;1,2,5
JILJJ|547,70451,4471,23|2,4;3;1,5,2,5;1,5,4;1,5,4
JILJJ|547,70451,4539,955|2,4;3;1,5,3,5,1,5;1,5;1,2,5
JILJJ|547,70451,13107,955|2,4;3;4,5;1,3,5;1,2,5
JILJJ|785,785,51,139|2;;1,2,5,2;1,3,5;4
JILJJ|1570,36522,170,955|1,2;3,5,3,2,5;4;2,5;1,2,5
JILJJ|1570,36522,170,3310|1,2;3,5,3,2,5;4;1,2,5;2,0,5
JILJJ|2188,2188,2990,3310|1,3;;3;1,2,5;2,0,5
JILJJ|2188,6557,35229,139|1,3;3,5,0;1,5;2,5;4
JILJL|23,2185,153,3293|;3;4;1,2,5;3,5
JILJL|46,275,13107,887|1;3;3,5;1,2,5;3,1,5
JILJL|46,559278,35006,142|1;3,3,5,2;4;4;4
JILJL|116,2188,141,29|4;3;4;;4,5
JILJL|116,2188,153,3293|4;3;2;1,2,5;3,5
JILJL|232,232,36584,184|1,4;;1;2,5;3,5,2
JILJL|232,281,153,3293|1,4;3;1,5;1,2,5;3,5
JILJL|232,281,13113,887|1,4;3;3,5;1,2,5,4;3,1,5
JILJL|547,547,102,887|2,4;;1,2,5;2,5;3,1,5
JILJL|547,70451,4471,887|2,4;3;1,5,2,5;1,5;3,1,5
JILJL|547,70451,4539,29|2,4;3;1,5,3,5,1,5;1,5,2,5;4,5
JILJL|547,70451,4539,2491|2,4;3;1,5,3,5,1,5;1,5,4;1,3,5
JILJL|547,70451,13107,887|2,4;3;4,5;1,2,5;3,1,5
JILJL|785,785,153,3293|2;;3,5,1,5;1,2,5;3,5
JILJL|2188,2188,141,29|1,3;;4;;4,5
JILJL|2188,2188,153,3293|1,3;;2;1,2,5;3,5
JILJL|2188,6557,2973,3293|1,3;3,5,0;4,5;1,2,5;3,5
JILJL|2188,6557,35229,3293|1,3;3,5,0;1,5;3,5;3,5
JILJL|3140,3140,102,887|3,4;;3,5;2,5;3,1,5
JILLJ|23,2185,153,955|;3;4;3,5;1,2,5
JILLJ|46,275,3483,955|1;3;1,5,3,1;3,5;1,2,5
JILLJ|46,275,13107,955|1;3;3,5;3,5,1,5;1,2,5
JILLJ|46,559278,584942,3310|1;3,3,5,2;3;4;2,0,5
JILLJ|116,2188,153,955|4;3;2;3,5;1,2,5
JILLJ|232,232,36584,232|1,4;;1;4;2,5,3
JILLJ|232,281,27,139|1,4;3;4,5;1,5;4
JILLJ|232,281,153,955|1,4;3;1,5;3,5;1,2,5
JILLJ|232,281,13113,3001|1,4;3;3,5;3,5,1,5;1,2,5,4
JILLJ|547,547,102,3310|2,4;;1,2,5;1,3,5;2,0,5
JILLJ|547,70451,4539,23|2,4;3;1,5,3,5,1,5;1,5,3,5;1,5,4
JILLJ|547,70451,4539,955|2,4;3;1,5,3,5,1,5;4,5;1,2,5
JILLJ|547,70451,13107,955|2,4;3;4,5;3,5,1,5;1,2,5
JILLJ|785,785,153,955|2;;3,5,1,5;3,5;1,2,5
JILLJ|2188,2188,153,955|1,3;;2;3,5;1,2,5
JILLJ|3140,3140,102,3310|3,4;;3,5;1,3,5;2,0,5
JILLL|46,275,85,887|1;3;1,5,2;3,5;3,1,5
JILLL|46,275,85,3293|1;3;1,5,2;1,3,5;3,5
JILLL|46,275,13107,887|1;3;3,5;1,2,5;3,1,5
JILLL|116,116,204,29|4;;1,3,5;2,5;4,5
JILLL|116,2188,204,29|4;3;;2,5;4,5
JILLL|232,281,1885,3293|1,4;3;1,5,3;1,3,5;3,5
JILLL|547,70451,4471,29|2,4;3;1,5,2,5;1,5,3,5;4,5
JILLL|547,70451,4471,887|2,4;3;1,5,2,5;4,5;3,1,5
JILLL|547,70451,4539,2491|2,4;3;1,5,3,5,1,5;1,5;1,3,5
JILLL|547,70451,13107,887|2,4;3;4,5;1,2,5;3,1,5
JILLL|785,785,1885,3293|2;;1,2,5;1,3,5;3,5
JILLL|2188,2188,204,29|1,3;;;2,5;4,5
JILLL|3140,3140,3415,887|3,4;;2,5;3,5;3,1,5
JILLL|3140,7509,85,887|3,4;2,5;4,5;3,5;3,1,5
JILLL|3140,7509,85,3293|3,4;2,5;4,5;1,3,5;3,5
JILOI|547,70451,4471,30583|2,4;3;1,5,2,5;;2,5
JILOO|46,275,13107,51|1;3;3,5;1,5;1,5
JILOO|547,70451,13107,51|2,4;3;4,5;1,5;1,5
JILOS|23,23,201,57|;;1,5,3;0,5;4
JILOS|23,2185,201,57|;3;;0,5;4
JILOS|232,281,13113,57|1,4;3;3,5;1,5;4
JILOT|2188,6557,35229,141|1,3;3,5,0;1,5;;4
JILOZ|785,785,57,201|2;;1,2,5,3,5;1,5;1,4
JILOZ|2188,6557,211869,2973|1,3;3,5,0;3,5;1,5;1,2,4
JILSI|23,23,25687,30583|;;4,2;1,2,4;2,5
JILSI|46,46,51374,61166|1;;3,1;3,4;3,5
JILSO|232,281,13113,51|1,4;3;3,5;3,1,5,3;1,5
JILST|23,23,201,27|;;1,5,3;2;1,5,4
JILST|23,2185,201,27|;3;;2;1,5,4
JILST|116,2188,141,27|4;3;4;2;1,5,4
JILST|2188,2188,141,27|1,3;;4;2;1,5,4
JILSZ|23,2185,153,201|;3;4;4;1,4
JILSZ|116,2188,153,201|4;3;2;4;1,4
JILSZ|232,281,153,201|1,4;3;1,5;4;1,4
JILSZ|785,785,153,201|2;;3,5,1,5;4;1,4
JILSZ|2188,2188,153,201|1,3;;2;4;1,4
JILTI|1094,36046,48878,61166|3;3,4,1,5;3,5;4;3,5
JILTJ|46,275,51,139|1;3;4,5;3,1,5;4
JILTJ|46,275,13107,955|1;3;3,5;3,1,5;1,2,5
JILTJ|46,559278,35006,3310|1;3,3,5,2;4;3;2,0,5
JILTJ|232,281,51,139|1,4;3;2,5;3,1,5;4
JILTJ|232,281,13113,3001|1,4;3;3,5;3,1,5;1,2,5,4
JILTJ|547,70451,13107,955|2,4;3;4,5;3,1,5;1,2,5
JILTJ|785,785,51,139|2;;1,2,5,2;3,1,5;4
JILTJ|2188,6557,35229,139|1,3;3,5,0;1,5;2,5;4
JILTL|46,275,13107,887|1;3;3,5;1,2,5;3,1,5
JILTL|116,116,204,29|4;;1,3,5;2,0,5;4,5
JILTL|116,2188,204,29|4;3;;2,0,5;4,5
JILTL|547,70451,13107,887|2,4;3;4,5;1,2,5;3,1,5
JILTL|2188,2188,204,29|1,3;;;2,0,5;4,5
JILTL|2188,6557,35229,3293|1,3;3,5,0;1,5;3,1,5;3,5
JILTT|547,70451,4539,27|2,4;3;1,5,3,5,1,5;1,5,4;1,5,4
JILTZ|2188,6557,35229,2973|1,3;3,5,0;1,5;4;1,2,4
JILZO|46,275,147,51|1;3;1,5;4,4;1,5
JILZO|547,70451,37683,51|2,4;3;1,5;4;1,5
JILZO|2188,6557,211869,51|1,3;3,5,0;3,5;1,5,2,5,4;1,5
JILZS|23,2185,153,57|;3;4;4;4
JILZS|116,2188,153,57|4;3;2;4;4
JILZS|232,281,153,57|1,4;3;1,5;4;4
JILZS|785,785,153,57|2;;3,5,1,5;4;4
JILZS|2188,2188,153,57|1,3;;2;4;4
JILZT|232,281,27,141|1,4;3;4,5;1,3;4
JILZT|785,785,57,141|2;;1,2,5,3,5;1,5,3;4
JILZT|2188,6557,957,141|1,3;3,5,0;2,5;1,5,2;4
JILZT|2188,6557,35229,141|1,3;3,5,0;1,5;2,5;4
JILZZ|2188,6557,35229,2973|1,3;3,5,0;1,5;4;1,2,4
JILZZ|2188,6557,211869,2973|1,3;3,5,0;3,5;1,5,2,5;1,2,4
JIOIJ|46,46,3310,3310|1;;1,5;;2,0,5
JIOIJ|46,275,1907,139|1;3;;2,5;4
JIOIJ|46,279662,292718,3310|1;3,4,1,5;0,5;3,5;2,0,5
JIOIJ|46,559278,572334,3310|1;3,3,5,2;0;2,5;2,0,5
JIOIJ|46,559278,585390,139|1;3,3,5,2;;3,5;4
JIOIJ|116,2188,139,139|4;3;0,5;;4
JIOIJ|232,281,23,23|1,4;3;;;1,5,4
JIOIJ|785,785,887,139|2;;1,5,0;3,5;4
JIOIJ|2188,2188,139,139|1,3;;0,5;;4
JIOIL|23,23,1655,142|;;;2,5;4
JIOIL|23,2185,142,142|;3;;;4
JIOIL|46,46,3310,29|1;;1,5;3,5;4,5
JIOIL|46,275,29,29|1;3;1,5;;4,5
JIOIL|116,2188,3820,29|4;3;;3,5;4,5
JIOIL|232,232,52456,3545|1,4;;1;2,5;3,5,4
JIOIL|785,785,887,887|2;;1,5,0;;3,1,5
JIOIL|1094,1094,1910,142|3;;0,5;2,5;4
JIOIL|1094,36046,142,142|3;3,4,1,5;0,5;;4
JIOIL|2188,2188,3820,29|1,3;;;3,5;4,5
JIOIL|2188,6557,29,29|1,3;3,5,0;;;4,5
JIOJI|785,785,887,30583|2;;1,5,0;4;2,5
JIOJO|116,2188,139,204|4;3;0,5;3,4,5;0,5
JIOJO|232,232,52456,204|1,4;;1;2,5,0,5,3;0,5
JIOJO|547,547,46,51|2,4;;1,5;2,5;1,5
JIOJO|547,70451,275,51|2,4;3;1,5;1,5;1,5
JIOJO|547,70451,275,153|2,4;3;1,5;1,5,3;
JIOJO|785,35737,244633,153|2;3,5;0;1,2,5,4,5,4;
JIOJO|2188,2188,139,204|1,3;;0,5;3,4,5;0,5
JIOJS|23,2185,142,57|;3;;2;4
JIOJS|1094,36046,142,57|3;3,4,1,5;0,5;2;4
JIOJT|116,2188,139,27|4;3;0,5;;1,5,4
JIOJT|547,70451,275,27|2,4;3;1,5;1,5,4;1,5,4
JIOJT|2188,2188,139,27|1,3;;0,5;;1,5,4
JIOJZ|232,232,52456,201|1,4;;1;2,5,0,5,3,2;1,4
JIOLI|23,23,1655,30583|;;;4;2,5
JIOLI|46,46,3310,61166|1;;1,5;1,4;3,5
JIOLO|46,275,29,51|1;3;1,5;3,5;1,5
JIOLO|547,70451,275,51|2,4;3;1,5;4,5;1,5
JIOLO|2188,6557,29,51|1,3;3,5,0;;3,5;1,5
JIOLS|547,70451,275,3483|2,4;3;1,5;1,5,3,1;3,4
JIOLT|46,275,29,141|1;3;1,5;1,5;4
JIOLT|2188,6557,29,141|1,3;3,5,0;;1,5;4
JIOLZ|232,281,23,201|1,4;3;;1,5,3;1,4
JIOLZ|547,70451,275,147|2,4;3;1,5;1,5;4
JIOOJ|116,2188,139,955|4;3;0,5;0;1,2,5
JIOOJ|232,232,13288,232|1,4;;0;1,5;2,5,3
JIOOJ|232,232,52456,232|1,4;;1;0,5;2,5,3
JIOOJ|547,547,46,3310|2,4;;1,5;1,5;2,0,5
JIOOJ|2188,2188,139,955|1,3;;0,5;0;1,2,5
JIOOL|46,275,29,3293|1;3;1,5;1;3,5
JIOOL|547,70451,275,29|2,4;3;1,5;1,5;4,5
JIOOL|785,785,989,3293|2;;1,5;1,5;3,5
JIOOL|2188,6557,29,3293|1,3;3,5,0;;1;3,5
JIOOL|3140,3140,3191,887|3,4;;0,5;0,5;3,1,5
JIOSJ|23,23,3287,23|;;1;3;1,5,4
JIOSJ|23,2185,142,3310|;3;;1;2,0,5
JIOSJ|1094,36046,142,3310|3;3,4,1,5;0,5;1;2,0,5
JIOSL|547,70451,275,887|2,4;3;1,5;2,5;3,1,5
JIOTJ|547,70451,275,23|2,4;3;1,5;1,5,4;1,5,4
JIOTT|23,2185,142,27|;3;;2;1,5,4
JIOTT|232,281,23,141|1,4;3;;1,5,3;4
JIOTT|1094,36046,142,27|3;3,4,1,5;0,5;2;1,5,4
JIOZJ|232,232,52456,232|1,4;;1;3,5;2,5,3
JIOZJ|547,70451,275,23|2,4;3;1,5;1,5,4;1,5,4
JIOZL|232,281,23,887|1,4;3;;;3,1,5
JISIJ|46,275,887,139|1;3;2,5;3,5;4
JISIJ|46,559278,569070,139|1;3,3,5,2;3;3,5;4
JISIJ|547,35499,192171,955|2,4;2,5,1;2;2,5;1,2,5
JISIJ|547,70451,227123,955|2,4;3;2,5;2,5;1,2,5
JISIL|23,23,4919,2491|;;3;3,5;1,3,5
JISIL|23,2185,2491,2491|;3;3;;1,3,5
JISIL|46,46,9838,887|1;;2;3,5;3,1,5
JISIL|46,275,887,887|1;3;2,5;;3,1,5
JISIL|116,2188,142,142|4;3;4;;4
JISIL|232,281,29,29|1,4;3;1,5,4;;4,5
JISIL|1094,36046,3790,29|3;3,4,1,5;4;3,5;4,5
JISIL|2188,2188,142,142|1,3;;4;;4
JISJI|46,275,887,30583|1;3;2,5;4;2,5
JISJI|46,559278,569070,61166|1;3,3,5,2;3;4;3,5
JISJO|23,2185,52873,153|;3;3,1,3;2,0,5,2,3;
JISJS|23,23,4919,2871|;;3;1,5,4;3,4
JISJS|116,2188,142,57|4;3;4;2;4
JISJS|2188,2188,142,57|1,3;;4;2;4
JISJT|547,70451,4475,27|2,4;3;1,5,2,5;1,5,4;1,5,4
JISJZ|23,2185,52873,201|;3;3,1,3;2,0,5,3;1,4
JISLI|23,23,4919,30583|;;3;1,5,3,5;2,5
JISLI|46,46,9838,61166|1;;2;3,1,5;3,5
JISLO|232,281,29,51|1,4;3;1,5,4;3,5;1,5
JISLO|547,70451,227123,51|2,4;3;2,5;3,1,5;1,5
JISLS|547,70451,4475,3483|2,4;3;1,5,2,5;1,5,3;3,4
JISLT|23,23,4919,27|;;3;1,5,3,5,1,5;1,5,4
JISLT|232,281,29,141|1,4;3;1,5,4;1,5;4
JISOJ|23,23,4919,23|;;3;1,5;1,5,4
JISOL|23,23,3191,887|;;4;0,5;3,1,5
JISOL|232,281,29,3293|1,4;3;1,5,4;1;3,5
JISOL|2188,6557,989,3293|1,3;3,5,0;2,5;1,5;3,5
JISSJ|23,23,77,23|;;1,5,3;2;1,5,4
JISSJ|23,23,4919,23|;;3;1,5,2,5;1,5,4
JISSJ|116,2188,142,3310|4;3;4;1;2,0,5
JISSJ|1094,36046,2542,3310|3;3,4,1,5;3;4;2,0,5
JISSJ|2188,2188,142,3310|1,3;;4;1;2,0,5
JISTT|23,23,4919,27|;;3;1,5,3,1,5;1,5,4
JISTT|116,2188,142,27|4;3;4;2;1,5,4
JISTT|232,281,893,141|1,4;3;2,5;3,1,5;4
JISTT|2188,2188,142,27|1,3;;4;2;1,5,4
JISZJ|23,2185,2491,955|;3;3;4;1,2,5
JITII|46,279662,423534,61166|1;3,4,1,5;3,5;3,5;3,5
JITII|46,559278,703150,61166|1;3,3,5,2;4,2;2,5;3,5
JITIJ|23,23,1847,139|;;4;2,5;4
JITIJ|23,2185,139,139|;3;4;;4
JITIJ|46,46,3694,23|1;;4;3,5;1,5,4
JITIJ|46,275,23,23|1;3;1,5,4;;1,5,4
JITIJ|1570,36522,11946,955|1,2;3,5,3,2,5;;3,5;1,2,5
JITIL|46,559278,35502,2491|1;3,3,5,2;;3,5;1,3,5
JITIL|116,2188,142,142|4;3;4;;4
JITIL|232,281,29,29|1,4;3;1,5,4;;4,5
JITIL|547,70451,5939,2491|2,4;3;1,5,4;2,5;1,3,5
JITIL|1094,5463,17751,3293|3;2,5;1,5;2,5;3,5
JITIL|1094,36046,3790,29|3;3,4,1,5;4;3,5;4,5
JITIL|2188,2188,142,142|1,3;;4;;4
JITIO|547,70451,4471,153|2,4;3;1,5,2,5;2,1,5;
JITIT|23,23,141,141|;;1,5,3;;4
JITIT|46,275,1399,141|1;3;1,5,3;3,5;4
JITIT|46,559278,577262,141|1;3,3,5,2;3;2,5;4
JITIT|116,2188,2798,27|4;3;2;3,5;1,5,4
JITIT|785,785,1909,141|2;;1,2,5,4;2,5;4
JITIT|1094,1094,1399,141|3;;2,0,5;3,5;4
JITIT|1094,36046,141,141|3;3,4,1,5;2,0,5;;4
JITIT|1094,36046,2798,27|3;3,4,1,5;3,5;3,5;1,5,4
JITIT|2188,2188,2798,27|1,3;;2;3,5;1,5,4
JITIT|2188,6557,27,27|1,3;3,5,0;2,5;;1,5,4
JITJJ|23,2185,2795,955|;3;2;2,5;1,2,5
JITJJ|46,46,36014,139|1;;3,1;2,0,5;4
JITJJ|116,2188,2750,3310|4;3;3;1,2,5;2,0,5
JITJJ|547,547,2795,955|2,4;;3,1,5;2,5;1,2,5
JITJJ|547,70451,4471,23|2,4;3;1,5,2,5;1,5,4;1,5,4
JITJJ|547,70451,4539,955|2,4;3;1,5,3,1,5;1,5;1,2,5
JITJJ|2188,2188,2750,3310|1,3;;3;1,2,5;2,0,5
JITJL|23,23,141,29|;;1,5,3;;4,5
JITJL|46,559278,577262,142|1;3,3,5,2;3;2,0,5;4
JITJL|116,2188,2493,3293|4;3;2,0;1,2,5;3,5
JITJL|232,232,312,184|1,4;;2;1,5,4;3,5,2
JITJL|547,547,1767,887|2,4;;1,2,5;2,5;3,1,5
JITJL|547,70451,4471,887|2,4;3;1,5,2,5;1,5;3,1,5
JITJL|547,70451,4539,29|2,4;3;1,5,3,1,5;1,5,2,5;4,5
JITJL|547,70451,4539,2491|2,4;3;1,5,3,1,5;1,5,4;1,3,5
JITJL|1094,36046,141,29|3;3,4,1,5;2,0,5;;4,5
JITJL|2188,2188,2493,3293|1,3;;2,0;1,2,5;3,5
JITJO|23,2185,139,204|;3;4;3,4,5;0,5
JITJO|547,70451,5939,51|2,4;3;1,5,4;1,5,4;1,5
JITJS|116,2188,142,57|4;3;4;2;4
JITJS|2188,2188,142,57|1,3;;4;2;4
JITJT|23,2185,139,27|;3;4;;1,5,4
JITLI|46,559278,35502,61166|1;3,3,5,2;;3,5;3,5
JITLI|1094,5463,17751,30583|3;2,5;1,5;3,5;2,5
JITLJ|46,275,2523,955|1;3;1,5,3,1;3,5;1,2,5
JITLJ|232,232,312,23|1,4;;2;1,5,3,5,2;1,5,4
JITLJ|547,70451,4539,23|2,4;3;1,5,3,1,5;1,5,3,5;1,5,4
JITLJ|547,70451,4539,955|2,4;3;1,5,3,1,5;4,5;1,2,5
JITLJ|2188,6557,27,139|1,3;3,5,0;2,5;1,5;4
JITLL|46,275,1495,887|1;3;1,5,2;3,5;3,1,5
JITLL|46,559278,564158,142|1;3,3,5,2;2;3,1,5;4
JITLL|232,281,1405,3293|1,4;3;1,5,3;1,3,5;3,5
JITLL|547,70451,4471,29|2,4;3;1,5,2,5;1,5,3,5;4,5
JITLL|547,70451,4471,887|2,4;3;1,5,2,5;4,5;3,1,5
JITLL|547,70451,4539,2491|2,4;3;1,5,3,1,5;1,5;1,3,5
JITLO|23,23,71,204|;;1,5;1,3,5;0,5
JITLO|232,281,29,51|1,4;3;1,5,4;3,5;1,5
JITLT|232,281,29,141|1,4;3;1,5,4;1,5;4
JITLZ|46,275,23,201|1;3;1,5,4;1,5,3;1,4
JITOI|547,70451,4471,30583|2,4;3;1,5,2,5;;2,5
JITOJ|23,2185,139,955|;3;4;0;1,2,5
JITOL|23,23,71,887|;;1,5;0,5;3,1,5
JITOL|232,281,29,3293|1,4;3;1,5,4;1;3,5
JITSI|46,559278,577262,61166|1;3,3,5,2;3;4;3,5
JITSJ|116,2188,142,3310|4;3;4;1;2,0,5
JITSJ|2188,2188,142,3310|1,3;;4;1;2,0,5
JITST|23,23,141,27|;;1,5,3;2;1,5,4
JITST|1094,36046,141,27|3;3,4,1,5;2,0,5;2;1,5,4
JITTI|46,275,1399,30583|1;3;1,5,3;4;2,5
JITTI|46,559278,577262,61166|1;3,3,5,2;3;4;3,5
JITTI|116,2188,2798,61166|4;3;2;4;3,5
JITTI|1094,1094,1399,30583|3;;2,0,5;4;2,5
JITTI|1094,36046,2798,61166|3;3,4,1,5;3,5;4;3,5
JITTI|2188,2188,2798,61166|1,3;;2;4;3,5
JITTJ|232,281,891,139|1,4;3;2,5;3,1,5;4
JITTL|23,2185,3309,29|;3;3,1;2,0,5;4,5
JITTO|1570,5939,36147,51|1,2;3,5;1,5,3;4;1,5
JITTT|46,275,23,141|1;3;1,5,4;1,5,3;4
JITTT|116,2188,142,27|4;3;4;2;1,5,4
JITTT|547,70451,4539,27|2,4;3;1,5,3,1,5;1,5,4;1,5,4
JITTT|785,785,53,141|2;;1,2,5,2;3,1,5;4
JITTT|2188,2188,142,27|1,3;;4;2;1,5,4
JITZL|46,275,23,887|1;3;1,5,4;;3,1,5
JITZS|232,232,312,156|1,4;;2;1,5,3;1,5,4
JITZT|2188,6557,27,141|1,3;3,5,0;2,5;1,3;4
JIZIJ|23,23,887,139|;;;3,5;4
JIZIJ|23,2185,139,139|;3;4;;4
JIZIJ|46,46,1774,23|1;;4;3,5;1,5,4
JIZIJ|46,275,23,23|1;3;1,5,4;;1,5,4
JIZIJ|46,279662,288638,3310|1;3,4,1,5;3,5;3,3,5,3,5;2,0,5
JIZIJ|46,559278,568254,3310|1;3,3,5,2;3;2,5;2,0,5
JIZIJ|116,2188,3310,3310|4;3;2;;2,0,5
JIZIJ|232,281,2525,2525|1,4;3;3,5,1;;2,5
JIZIJ|785,785,1907,139|2;;1,5,2,5,0;2,5;4
JIZIJ|1570,1570,3814,23|1,2;;3,4;3,5;1,5,4
JIZIJ|1570,5939,227123,955|1,2;3,5;;2,5;1,2,5
JIZIJ|2188,2188,3310,3310|1,3;;2;;2,0,5
JIZIJ|2188,6557,581021,139|1,3;3,5,0;1,2;3,5;4
JIZIJ|2188,10926,585390,139|1,3;3,5;1,5,2;3,5;4
JIZIL|23,23,887,887|;;;;3,1,5
JIZIL|116,2188,3310,29|4;3;2;3,5;4,5
JIZIL|547,70451,5939,2491|2,4;3;1,5,4;2,5;1,3,5
JIZIL|1094,1094,1655,142|3;;3,5;2,5;4
JIZIL|1094,36046,142,142|3;3,4,1,5;3,5;;4
JIZIL|2188,2188,3310,29|1,3;;2;3,5;4,5
JIZIL|2188,6557,29,29|1,3;3,5,0;2,5;;4,5
JIZIL|3140,7509,18261,3293|3,4;2,5;2;2,5;3,5
JIZJI|23,23,887,30583|;;;4;2,5
JIZJI|46,46,1774,61166|1;;4;4;3,5
JIZJO|23,2185,139,204|;3;4;3,4,5;0,5
JIZJO|547,70451,5939,51|2,4;3;1,5,4;1,5,4;1,5
JIZJS|1094,36046,142,57|3;3,4,1,5;3,5;2;4
JIZJT|23,2185,139,27|;3;4;;1,5,4
JIZLI|116,2188,3310,61166|4;3;2;1,4;3,5
JIZLI|1094,1094,1655,30583|3;;3,5;4;2,5
JIZLI|2188,2188,3310,61166|1,3;;2;1,4;3,5
JIZLO|46,275,14099,51|1;3;;3,1,5,2;1,5
JIZLO|232,281,14105,153|1,4;3;;3,1,5,2,3;
JIZLO|1570,5939,227123,51|1,2;3,5;;3,1,5;1,5
JIZLO|2188,6557,29,51|1,3;3,5,0;2,5;3,5;1,5
JIZLS|232,281,14105,57|1,4;3;;3,1,5,2;4
JIZLT|2188,6557,29,141|1,3;3,5,0;2,5;1,5;4
JIZLT|2188,6557,581021,141|1,3;3,5,0;1,2;3,5,4;4
JIZLZ|46,275,23,201|1;3;1,5,4;1,5,3;1,4
JIZLZ|46,275,14099,147|1;3;;3,1,5,2,3;4
JIZLZ|2188,6557,581021,2973|1,3;3,5,0;1,2;3,5,4,4;1,2,4
JIZOJ|23,2185,139,955|;3;4;0;1,2,5
JIZOJ|232,232,568,232|1,4;;3;1,5;2,5,3
JIZOL|2188,6557,29,3293|1,3;3,5,0;2,5;1;3,5
JIZSJ|1094,36046,142,3310|3;3,4,1,5;3,5;1;2,0,5
JIZSL|232,281,2525,3293|1,4;3;3,5,1;4;3,5
JIZSL|547,70451,4535,887|2,4;3;1,5,3,5;2,5;3,1,5
JIZTJ|547,70451,4535,23|2,4;3;1,5,3,5;1,5,4;1,5,4
JIZTT|23,2185,3307,27|;3;3;2,0,5;1,5,4
JIZTT|46,275,23,141|1;3;1,5,4;1,5,3;4
JIZTT|785,785,893,141|2;;1,5,2,5,2;3,1,5;4
JIZTT|1094,36046,142,27|3;3,4,1,5;3,5;2;1,5,4
JIZZL|46,275,23,887|1;3;1,5,4;;3,1,5
JIZZL|46,275,14099,887|1;3;;1,5,2,2;3,1,5
JJIII|46,140078,419694,61166|1;3,0;2,5;3,3,5,2,5;3,5
JJIII|46,140078,699310,61166|1;3,0;2,5,1;2,5;3,5
JJIII|547,13107,13107,30583|2,4;2,5;;2,5;2,5
JJIII|547,13107,13107,48059|2,4;2,5;;3,5;2,5
JJIII|547,13107,30583,30583|2,4;2,5;2,5;;2,5
JJIII|547,13107,48059,48059|2,4;2,5;3,5;;2,5
JJIII|547,188963,13107,30583|2,4;1;2,5;2,5;2,5
JJIII|547,188963,13107,48059|2,4;1;2,5;3,5;2,5
JJIII|1094,26214,26214,30583|3;2,5;;3,5;2,5
JJIII|1094,26214,30583,30583|3;2,5;3,5;;2,5
JJIIO|23,5911,153,153|;;2,5;;
JJIIO|23,5911,5911,153|;;;2,5;
JJIIO|23,17527,204,204|;3;3,4,1,5;;0,5
JJIIO|23,17527,17527,204|;3;;3,4,1,5;0,5
JJIIO|46,51,51,51|1;2,5;;;1,5
JJIIO|46,51,17527,204|1;2,5;2;3,4,1,5;0,5
JJIIO|46,51,35003,204|1;2,5;3;2,5;0,5
JJIIO|46,1902,35054,153|1;4;3;3,0,5;
JJIIO|46,11822,51,51|1;1;3,5;;1,5
JJIIO|46,11822,11822,51|1;1;;3,5;1,5
JJIIO|46,35054,153,153|1;1,3;3,0,5;;
JJIIO|46,35054,35054,153|1;1,3;;3,0,5;
JJIIO|116,29812,204,204|4;2,2;2,5;;0,5
JJIIO|116,29812,29812,204|4;2,2;;2,5;0,5
JJIIO|232,59624,153,153|1,4;1,4;3,5;;
JJIIO|232,59624,59624,153|1,4;1,4;;3,5;
JJIIO|547,3687,4471,153|2,4;1,2,5;3;2,1,5;
JJIIO|785,51,51,51|2;1,3,5,2;;;1,5
JJIIO|785,51,17527,204|2;1,3,5,2;2;3,4,1,5;0,5
JJIIO|785,51,35003,204|2;1,3,5,2;3;2,5;0,5
JJIIO|785,30481,153,153|2;4;2,5;;
JJIIO|785,30481,30481,153|2;4;;2,5;
JJIIO|1570,60962,51,51|1,2;4;3,5;;1,5
JJIIO|1570,60962,60962,51|1,2;4;;3,5;1,5
JJIIO|2188,204,204,204|1,3;4;;;0,5
JJIIO|2188,204,4573,51|1,3;4;2;3,5;1,5
JJIIO|2188,204,8942,51|1,3;4;3;3,5;1,5
JJIIO|3140,3687,4471,153|3,4;3,5;3;2,1,5;
JJIIS|116,6004,156,156|4;;2,5;;1,5,4
JJIIS|116,6004,6004,156|4;;;2,5;1,5,4
JJIIS|232,57,57,57|1,4;2,5,3,2;;;4
JJIIS|232,12008,57,57|1,4;1;3,5;;4
JJIIS|232,12008,12008,57|1,4;1;;3,5;4
JJIIS|785,57,57,57|2;1,2,5,2;;;4
JJIIS|2188,156,156,156|1,3;;;;1,5,4
JJIIT|23,1879,141,141|;4;2,5;;4
JJIIT|23,1879,1879,141|;4;;2,5;4
JJIIT|46,3758,27,27|1;1,4;3,5;;1,5,4
JJIIT|46,3758,3758,27|1;1,4;;3,5;1,5,4
JJIIT|785,1879,141,141|2;1,2,5,4;2,5;;4
JJIIT|785,1879,1879,141|2;1,2,5,4;;2,5;4
JJIIT|1094,1879,141,141|3;2,5,0,5;2,5;;4
JJIIT|1094,1879,1879,141|3;2,5,0,5;;2,5;4
JJIIT|1094,9846,2798,27|3;3,5;3,3,5,2,5;3,5;1,5,4
JJIIT|2188,3758,27,27|1,3;2;3,5;;1,5,4
JJIIT|2188,3758,3758,27|1,3;2;;3,5;1,5,4
JJIIT|3140,28260,1909,141|3,4;2,5;3,5;2,5;4
JJIIZ|785,2973,2973,2973|2;1,3,5;;;1,2,4
JJIIZ|2188,2973,2973,2973|1,3;2,0;;;1,2,4
JJIJJ|23,5911,5911,23|;;;1,5,4;1,5,4
JJIJJ|23,25143,3755,955|;2;3,3,5,2,5;2,5;1,2,5
JJIJJ|46,51,51,139|1;2,5;;1,3,5;4
JJIJJ|46,51,35003,139|1;2,5;3;4;4
JJIJJ|46,1902,35054,139|1;4;3;2,5;4
JJIJJ|46,1902,35054,3310|1;4;3;4;2,0,5
JJIJJ|46,11822,51,139|1;1;3,5;1,3,5;4
JJIJJ|46,35054,35054,139|1;1,3;;2,5;4
JJIJJ|46,35054,35054,3310|1;1,3;;4;2,0,5
JJIJJ|116,201076,14748,3548|4;2;3,5;1,2,5,4,4;2,5,4
JJIJJ|232,6120,6120,232|1,4;;;1,5,4;2,5,3
JJIJJ|232,59624,59624,232|1,4;1,4;;2,5,3;2,5,3
JJIJJ|232,560360,35289,139|1,4;1,3;3,5,0,5;2,5;4
JJIJJ|547,170,170,955|2,4;1,3,5;;2,5;1,2,5
JJIJJ|547,170,170,3310|2,4;1,3,5;;1,2,5;2,0,5
JJIJJ|547,170,4539,955|2,4;1,3,5;3;1,5;1,2,5
JJIJJ|547,3687,4471,23|2,4;1,2,5;3;1,5,4;1,5,4
JJIJJ|547,13107,13107,955|2,4;2,5;;1,3,5;1,2,5
JJIJJ|547,30243,3755,955|2,4;4;2,5;2,5;1,2,5
JJIJJ|547,188963,13107,955|2,4;1;2,5;1,3,5;1,2,5
JJIJJ|785,51,51,139|2;1,3,5,2;;1,3,5;4
JJIJJ|785,51,35003,139|2;1,3,5,2;3;4;4
JJIJJ|785,85,35037,2525|2;1,2,5;2;;2,5
JJIJJ|1570,60962,51,139|1,2;4;3,5;1,3,5;4
JJIJJ|2188,170,170,955|1,3;3;;2,5;1,2,5
JJIJJ|2188,170,170,3310|1,3;3;;1,2,5;2,0,5
JJIJJ|2188,170,4539,955|1,3;3;3;1,5;1,2,5
JJIJJ|2188,204,4573,23|1,3;4;2;2,5;1,5,4
JJIJJ|2188,204,4573,2525|1,3;4;2;1,5,4;2,5
JJIJJ|3140,85,35037,2525|3,4;2,5,0,5;2;;2,5
JJIJJ|3140,3687,4471,23|3,4;3,5;3;1,5,4;1,5,4
JJIJL|23,39,2186,142|;1,5;3;4;4
JJIJL|23,1879,141,29|;4;2,5;;4,5
JJIJL|23,5911,153,3293|;;2,5;1,2,5;3,5
JJIJL|46,51,35003,2491|1;2,5;3;;1,3,5
JJIJL|46,35054,153,3293|1;1,3;3,0,5;1,2,5;3,5
JJIJL|116,228,277,29|4;4;3;1,5,4;4,5
JJIJL|232,59624,153,3293|1,4;1,4;3,5;1,2,5;3,5
JJIJL|232,560360,35289,3545|1,4;1,3;3,5,0,5;4;3,5,4
JJIJL|547,170,4539,29|2,4;1,3,5;3;1,5,2,5;4,5
JJIJL|547,170,4539,2491|2,4;1,3,5;3;1,5,4;1,3,5
JJIJL|547,3687,3687,887|2,4;1,2,5;;2,5;3,1,5
JJIJL|547,3687,4471,887|2,4;1,2,5;3;1,5;3,1,5
JJIJL|547,13107,13107,887|2,4;2,5;;1,2,5;3,1,5
JJIJL|547,188963,13107,887|2,4;1;2,5;1,2,5;3,1,5
JJIJL|785,51,35003,2491|2;1,3,5,2;3;;1,3,5
JJIJL|785,85,35037,142|2;1,2,5;2;2,5;4
JJIJL|785,85,35037,3293|2;1,2,5;2;4;3,5
JJIJL|785,1879,141,29|2;1,2,5,4;2,5;;4,5
JJIJL|785,2973,2973,3293|2;1,3,5;;1,2,5;3,5
JJIJL|785,30481,153,3293|2;4;2,5;1,2,5;3,5
JJIJL|785,94993,7065,29|2;;2,5;1,5,2,5,4,5;4,5
JJIJL|785,94993,7065,3545|2;;2,5;1,5,2,5;3,5,4
JJIJL|1094,1879,141,29|3;2,5,0,5;2,5;;4,5
JJIJL|2188,170,4539,29|1,3;3;3;1,5,2,5;4,5
JJIJL|2188,170,4539,2491|1,3;3;3;1,5,4;1,3,5
JJIJL|2188,2973,2973,3293|1,3;2,0;;1,2,5;3,5
JJIJL|3140,85,35037,142|3,4;2,5,0,5;2;2,5;4
JJIJL|3140,85,35037,3293|3,4;2,5,0,5;2;4;3,5
JJIJL|3140,3687,3687,887|3,4;3,5;;2,5;3,1,5
JJIJL|3140,3687,4471,887|3,4;3,5;3;1,5;3,1,5
JJILJ|23,39,2186,139|;1,5;3;4;4
JJILJ|23,5911,153,955|;;2,5;3,5;1,2,5
JJILJ|23,5911,5911,23|;;;1,5,3,5,2;1,5,4
JJILJ|46,1902,1902,3310|1;4;;1,3,5;2,0,5
JJILJ|46,1902,35054,3310|1;4;3;;2,0,5
JJILJ|46,3758,27,139|1;1,4;3,5;1,5;4
JJILJ|46,35054,153,955|1;1,3;3,0,5;3,5;1,2,5
JJILJ|46,35054,35054,3310|1;1,3;;;2,0,5
JJILJ|116,228,277,23|4;4;3;4,5;1,5,4
JJILJ|232,59624,153,955|1,4;1,4;3,5;3,5;1,2,5
JJILJ|232,560360,35289,139|1,4;1,3;3,5,0,5;3,5,4;4
JJILJ|232,560360,35289,3001|1,4;1,3;3,5,0,5;3,5,4,4;1,2,5,4
JJILJ|547,170,4539,23|2,4;1,3,5;3;1,5,3,5;1,5,4
JJILJ|547,170,4539,955|2,4;1,3,5;3;4,5;1,2,5
JJILJ|547,13107,13107,955|2,4;2,5;;3,5,1,5;1,2,5
JJILJ|547,59939,6963,23|2,4;1,4;2,5;1,5,3,5,4,5;1,5,4
JJILJ|547,188963,13107,955|2,4;1;2,5;3,5,1,5;1,2,5
JJILJ|785,85,35037,139|2;1,2,5;2;3,5;4
JJILJ|785,85,35037,2525|2;1,2,5;2;4;2,5
JJILJ|785,30481,153,955|2;4;2,5;3,5;1,2,5
JJILJ|2188,170,4539,23|1,3;3;3;1,5,3,5;1,5,4
JJILJ|2188,170,4539,955|1,3;3;3;4,5;1,2,5
JJILJ|2188,204,4573,2525|1,3;4;2;1,5;2,5
JJILJ|2188,3758,27,139|1,3;2;3,5;1,5;4
JJILJ|3140,85,35037,139|3,4;2,5,0,5;2;3,5;4
JJILJ|3140,85,35037,2525|3,4;2,5,0,5;2;4;2,5
JJILL|23,17527,204,29|;3;3,4,1,5;2,5;4,5
JJILL|46,51,35003,142|1;2,5;3;3,5;4
JJILL|46,51,35003,2491|1;2,5;3;4;1,3,5
JJILL|46,1902,35054,142|1;4;3;4;4
JJILL|46,35054,35054,142|1;1,3;;4;4
JJILL|46,50286,3415,887|1;1,2;2,5;3,5;3,1,5
JJILL|116,29812,204,29|4;2,2;2,5;2,5;4,5
JJILL|547,170,4539,2491|2,4;1,3,5;3;1,5;1,3,5
JJILL|547,3687,4471,29|2,4;1,2,5;3;1,5,3,5;4,5
JJILL|547,3687,4471,887|2,4;1,2,5;3;4,5;3,1,5
JJILL|547,13107,13107,887|2,4;2,5;;1,2,5;3,1,5
JJILL|547,188963,13107,887|2,4;1;2,5;1,2,5;3,1,5
JJILL|785,51,35003,142|2;1,3,5,2;3;3,5;4
JJILL|785,51,35003,2491|2;1,3,5,2;3;4;1,3,5
JJILL|785,85,85,887|2;1,2,5;;3,5;3,1,5
JJILL|785,85,85,3293|2;1,2,5;;1,3,5;3,5
JJILL|785,85,35037,3293|2;1,2,5;2;;3,5
JJILL|1094,60486,3415,887|3;4;3,5;3,5;3,1,5
JJILL|2188,170,4539,2491|1,3;3;3;1,5;1,3,5
JJILL|2188,204,204,29|1,3;4;;2,5;4,5
JJILL|2188,204,4573,29|1,3;4;2;4,5;4,5
JJILL|3140,85,85,887|3,4;2,5,0,5;;3,5;3,1,5
JJILL|3140,85,85,3293|3,4;2,5,0,5;;1,3,5;3,5
JJILL|3140,85,35037,3293|3,4;2,5,0,5;2;;3,5
JJILL|3140,3687,4471,29|3,4;3,5;3;1,5,3,5;4,5
JJILL|3140,3687,4471,887|3,4;3,5;3;4,5;3,1,5
JJIOI|23,17527,17527,30583|;3;;0,5;2,5
JJIOI|46,51,17527,30583|1;2,5;2;0,5;2,5
JJIOI|46,51,35003,48059|1;2,5;3;0;2,5
JJIOI|46,1902,35054,61166|1;4;3;;3,5
JJIOI|46,35054,35054,61166|1;1,3;;;3,5
JJIOI|547,3687,4471,30583|2,4;1,2,5;3;;2,5
JJIOI|785,51,17527,30583|2;1,3,5,2;2;0,5;2,5
JJIOI|785,51,35003,48059|2;1,3,5,2;3;0;2,5
JJIOI|2188,204,4573,56797|1,3;4;2;1;3,5
JJIOI|2188,204,8942,61166|1,3;4;3;1,5;3,5
JJIOI|3140,3687,4471,30583|3,4;3,5;3;;2,5
JJIOO|547,13107,13107,51|2,4;2,5;;1,5;1,5
JJIOO|547,188963,13107,51|2,4;1;2,5;1,5;1,5
JJIOZ|232,57,57,201|1,4;2,5,3,2;;1,5;1,4
JJIOZ|232,12008,57,201|1,4;1;3,5;1,5;1,4
JJIOZ|785,57,57,201|2;1,2,5,2;;1,5;1,4
JJISO|116,6004,156,204|4;;2,5;4;0,5
JJISO|2188,156,156,204|1,3;;;4;0,5
JJISS|116,201076,14748,156|4;2;3,5;4;1,5,4
JJIST|23,1879,141,27|;4;2,5;2;1,5,4
JJIST|547,59939,6963,27|2,4;1,4;2,5;1,5,3,4;1,5,4
JJIST|785,1879,141,27|2;1,2,5,4;2,5;2;1,5,4
JJIST|1094,1879,141,27|3;2,5,0,5;2,5;2;1,5,4
JJISZ|23,5911,153,201|;;2,5;4;1,4
JJISZ|46,35054,153,201|1;1,3;3,0,5;4;1,4
JJISZ|232,59624,153,201|1,4;1,4;3,5;4;1,4
JJISZ|785,30481,153,201|2;4;2,5;4;1,4
JJITI|1094,9846,2798,61166|3;3,5;3,3,5,2,5;4;3,5
JJITJ|23,39,2186,3310|;1,5;3;3;2,0,5
JJITJ|46,51,51,139|1;2,5;;3,1,5;4
JJITJ|46,5934,35246,3310|1;;3,5;3,1,5;2,0,5
JJITJ|46,11822,51,139|1;1;3,5;3,1,5;4
JJITJ|116,228,277,2525|4;4;3;1,5,3;2,5
JJITJ|547,13107,13107,955|2,4;2,5;;3,1,5;1,2,5
JJITJ|547,188963,13107,955|2,4;1;2,5;3,1,5;1,2,5
JJITJ|785,51,51,139|2;1,3,5,2;;3,1,5;4
JJITJ|1570,60962,51,139|1,2;4;3,5;3,1,5;4
JJITL|23,39,39,142|;1,5;;3,1,5;4
JJITL|23,39,2186,2491|;1,5;3;2;1,3,5
JJITL|23,17527,204,29|;3;3,4,1,5;2,0,5;4,5
JJITL|116,228,277,887|4;4;3;1,5,2;3,1,5
JJITL|116,29812,204,29|4;2,2;2,5;2,0,5;4,5
JJITL|547,13107,13107,887|2,4;2,5;;1,2,5;3,1,5
JJITL|547,188963,13107,887|2,4;1;2,5;1,2,5;3,1,5
JJITL|2188,204,204,29|1,3;4;;2,0,5;4,5
JJITO|547,59939,6963,51|2,4;1,4;2,5;1,5,4;1,5
JJITO|785,94993,7065,153|2;;2,5;1,5,4;
JJITT|547,170,4539,27|2,4;1,3,5;3;1,5,4;1,5,4
JJITT|785,85,35037,141|2;1,2,5;2;4;4
JJITT|2188,170,4539,27|1,3;3;3;1,5,4;1,5,4
JJITT|3140,85,35037,141|3,4;2,5,0,5;2;4;4
JJIZS|23,5911,153,57|;;2,5;4;4
JJIZS|46,35054,153,57|1;1,3;3,0,5;4;4
JJIZS|232,59624,153,57|1,4;1,4;3,5;4;4
JJIZS|785,30481,153,57|2;4;2,5;4;4
JJIZT|46,3758,27,141|1;1,4;3,5;1,3;4
JJIZT|232,57,57,141|1,4;2,5,3,2;;1,5,3;4
JJIZT|232,12008,57,141|1,4;1;3,5;1,5,3;4
JJIZT|785,57,57,141|2;1,2,5,2;;1,5,3;4
JJIZT|785,94993,7065,27|2;;2,5;2;1,5,4
JJIZT|2188,3758,27,141|1,3;2;3,5;1,3;4
JJIZZ|232,560360,35289,201|1,4;1,3;3,5,0,5;3;1,4
JJJIJ|23,5911,23,23|;;1,5,4;;1,5,4
JJJIJ|23,25143,226103,955|;2;2,5;2,5;1,2,5
JJJIJ|46,51,139,139|1;2,5;1,3,5;;4
JJJIJ|46,51,1907,139|1;2,5;4;2,5;4
JJJIJ|46,1902,3694,23|1;4;4;3,5;1,5,4
JJJIJ|46,1902,477038,3310|1;4;2,2;3,5;2,0,5
JJJIJ|46,35054,139,139|1;1,3;2,5;;4
JJJIJ|46,35054,3310,3310|1;1,3;4;;2,0,5
JJJIJ|116,201076,21876,3548|4;2;1,2,5;2,5;2,5,4
JJJIJ|116,803956,21876,3548|4;3,4;2,5,0,5;2,5;2,5,4
JJJIJ|232,6120,232,232|1,4;;1,5,4;;2,5,3
JJJIJ|232,59624,232,232|1,4;1,4;2,5,3;;2,5,3
JJJIJ|232,140264,43752,3001|1,4;4,2;1,3,5;3,5;1,2,5,4
JJJIJ|232,560360,43752,3001|1,4;1,3;3;3,5;1,2,5,4
JJJIJ|547,170,955,955|2,4;1,3,5;2,5;;1,2,5
JJJIJ|547,170,3310,3310|2,4;1,3,5;1,2,5;;2,0,5
JJJIJ|547,170,11946,955|2,4;1,3,5;1;3,5;1,2,5
JJJIJ|547,3687,887,139|2,4;1,2,5;2,5;3,5;4
JJJIJ|547,13107,887,139|2,4;2,5;1,2,5;3,5;4
JJJIJ|547,13107,955,955|2,4;2,5;1,3,5;;1,2,5
JJJIJ|785,51,139,139|2;1,3,5,2;1,3,5;;4
JJJIJ|785,51,1907,139|2;1,3,5,2;4;2,5;4
JJJIJ|785,85,5973,2525|2;1,2,5;;2,5;2,5
JJJIJ|2188,170,955,955|1,3;3;2,5;;1,2,5
JJJIJ|2188,170,3310,3310|1,3;3;1,2,5;;2,0,5
JJJIJ|2188,170,11946,955|1,3;3;1;3,5;1,2,5
JJJIJ|2188,204,1774,23|1,3;4;2,5;3,5;1,5,4
JJJIJ|2188,204,59596,2525|1,3;4;1,4;3,5;2,5
JJJIJ|3140,85,5973,2525|3,4;2,5,0,5;;2,5;2,5
JJJIJ|3140,3687,887,139|3,4;3,5;2,5;3,5;4
JJJIL|23,39,1895,142|;1,5;4;2,5;4
JJJIL|23,1879,96087,29|;4;;2,5;4,5
JJJIL|46,51,5939,2491|1;2,5;;2,5;1,3,5
JJJIL|46,35054,3310,29|1;1,3;4;3,5;4,5
JJJIL|46,35054,838894,3293|1;1,3;3,4;2,5;3,5
JJJIL|232,560360,52456,3545|1,4;1,3;4;2,5;3,5,4
JJJIL|547,170,3310,29|2,4;1,3,5;1,2,5;3,5;4,5
JJJIL|547,170,59562,2491|2,4;1,3,5;3,3;3,5;1,3,5
JJJIL|547,3687,887,887|2,4;1,2,5;2,5;;3,1,5
JJJIL|547,3687,192103,887|2,4;1,2,5;1;2,5;3,1,5
JJJIL|547,13107,887,887|2,4;2,5;1,2,5;;3,1,5
JJJIL|785,51,5939,2491|2;1,3,5,2;;2,5;1,3,5
JJJIL|785,85,1655,142|2;1,2,5;2,5;2,5;4
JJJIL|785,85,29781,3293|2;1,2,5;2,5,2;2,5;3,5
JJJIL|785,1879,96087,29|2;1,2,5,4;;2,5;4,5
JJJIL|785,2973,3293,3293|2;1,3,5;1,2,5;;3,5
JJJIL|1094,1879,96087,29|3;2,5,0,5;;2,5;4,5
JJJIL|2188,170,3310,29|1,3;3;1,2,5;3,5;4,5
JJJIL|2188,170,59562,2491|1,3;3;3,3;3,5;1,3,5
JJJIL|2188,2973,3293,3293|1,3;2,0;1,2,5;;3,5
JJJIL|3140,85,1655,142|3,4;2,5,0,5;2,5;2,5;4
JJJIL|3140,85,29781,3293|3,4;2,5,0,5;2,5,2;2,5;3,5
JJJIL|3140,3687,887,887|3,4;3,5;2,5;;3,1,5
JJJIL|3140,3687,192103,887|3,4;3,5;1;2,5;3,1,5
JJJJI|46,35054,175086,61166|1;1,3;4,2;1,2,5;3,5
JJJJI|46,35054,838894,61166|1;1,3;3,4;3,5;3,5
JJJJI|46,140078,175086,61166|1;3,0;1,3,5;1,2,5;3,5
JJJJI|547,3687,887,30583|2,4;1,2,5;2,5;4;2,5
JJJJI|547,13107,887,30583|2,4;2,5;1,2,5;4;2,5
JJJJI|2188,204,1774,61166|1,3;4;2,5;4;3,5
JJJJI|3140,3687,887,30583|3,4;3,5;2,5;4;2,5
JJJJO|46,51,139,204|1;2,5;1,3,5;3,4,5;0,5
JJJJO|46,51,5939,51|1;2,5;;1,5,4;1,5
JJJJO|46,5934,46,51|1;;1,5,4;2,5;1,5
JJJJO|46,35054,139,204|1;1,3;2,5;3,4,5;0,5
JJJJO|46,35054,838894,204|1;1,3;3,4;2,5,0,5;0,5
JJJJO|232,57,2185,153|1,4;2,5,3,2;1,3;;
JJJJO|232,57,2185,204|1,4;2,5,3,2;1,3;3;0,5
JJJJO|232,560360,2185,153|1,4;1,3;2,0,5,3,2;;
JJJJO|232,560360,2185,204|1,4;1,3;2,0,5,3,2;3;0,5
JJJJO|232,560360,2188,204|1,4;1,3;2,0,5,3;4;0,5
JJJJO|232,560360,52456,204|1,4;1,3;4;2,5,0,5,3;0,5
JJJJO|785,51,139,204|2;1,3,5,2;1,3,5;3,4,5;0,5
JJJJO|785,51,5939,51|2;1,3,5,2;;1,5,4;1,5
JJJJO|785,57,2185,153|2;1,2,5,2;1,3;;
JJJJO|785,57,2185,204|2;1,2,5,2;1,3;3;0,5
JJJJO|785,94993,785,51|2;;1,5,4;1,3,5,2;1,5
JJJJO|2188,204,46,51|1,3;4;3,5;2,5;1,5
JJJJO|2188,204,6092,204|1,3;4;;1,5,4;0,5
JJJJO|2188,204,59596,204|1,3;4;1,4;2,5,3;0,5
JJJJS|232,57,5945,57|1,4;2,5,3,2;;1,5,4;4
JJJJS|232,6120,232,57|1,4;;1,5,4;2,5,3,2;4
JJJJS|232,59624,232,57|1,4;1,4;2,5,3;2,5,3,2;4
JJJJS|232,560360,2188,156|1,4;1,3;2,0,5,3;;1,5,4
JJJJS|785,57,5945,57|2;1,2,5,2;;1,5,4;4
JJJJS|785,94993,785,57|2;;1,5,4;1,2,5,2;4
JJJJS|2188,156,6044,156|1,3;;;1,5,4;1,5,4
JJJJS|2188,156,59548,156|1,3;;1,2,2,5;2,5,3;1,5,4
JJJJT|46,51,139,27|1;2,5;1,3,5;;1,5,4
JJJJT|46,35054,139,27|1;1,3;2,5;;1,5,4
JJJJT|232,57,2185,141|1,4;2,5,3,2;1,3;4;4
JJJJT|232,560360,2185,141|1,4;1,3;2,0,5,3,2;4;4
JJJJT|785,51,139,27|2;1,3,5,2;1,3,5;;1,5,4
JJJJT|785,57,2185,141|2;1,2,5,2;1,3;4;4
JJJJZ|232,560360,2188,2973|1,4;1,3;2,0,5,3;2,0;1,2,4
JJJJZ|232,560360,52456,201|1,4;1,3;4;2,5,0,5,3,2;1,4
JJJJZ|785,2973,97181,2973|2;1,3,5;;1,5,4;1,2,4
JJJJZ|785,2973,953245,2973|2;1,3,5;3,3;2,5,3;1,2,4
JJJJZ|785,94993,785,2973|2;;1,5,4;1,3,5;1,2,4
JJJJZ|2188,2973,97181,2973|1,3;2,0;;1,5,4;1,2,4
JJJJZ|2188,2973,953245,2973|1,3;2,0;3,3;2,5,3;1,2,4
JJJLI|46,35054,3310,61166|1;1,3;4;1,4;3,5
JJJLI|46,35054,838894,61166|1;1,3;3,4;3,5;3,5
JJJLI|547,170,3310,61166|2,4;1,3,5;1,2,5;1,4;3,5
JJJLI|785,85,1655,30583|2;1,2,5;2,5;4;2,5
JJJLI|2188,170,3310,61166|1,3;3;1,2,5;1,4;3,5
JJJLI|3140,85,1655,30583|3,4;2,5,0,5;2,5;4;2,5
JJJLO|116,6004,116,204|4;;1,5,4;1,3,5;0,5
JJJLO|232,57,71,204|1,4;2,5,3,2;1,2,5,4;1,3,5;0,5
JJJLO|232,57,2185,153|1,4;2,5,3,2;1,3;4;
JJJLO|232,560360,2185,153|1,4;1,3;2,0,5,3,2;4;
JJJLO|232,560360,2188,153|1,4;1,3;2,0,5,3;2;
JJJLO|232,560360,2188,204|1,4;1,3;2,0,5,3;;0,5
JJJLO|785,57,71,204|2;1,2,5,2;1,2,5,4;1,3,5;0,5
JJJLO|785,57,2185,153|2;1,2,5,2;1,3;4;
JJJLO|785,94993,785,51|2;;1,5,4;1,2,5,2;1,5
JJJLO|785,94993,785,153|2;;1,5,4;3,5,1,5;
JJJLS|23,39,12599,2871|;1,5;2;1,2,5,3;3,4
JJJLS|23,25143,226103,2871|;2;2,5;3,1,5;3,4
JJJLS|116,201076,788,156|4;2;1,2,5,2,5;3,5,1,5,2,3;1,5,4
JJJLS|785,94993,785,57|2;;1,5,4;1,2,5,3,5;4
JJJLT|232,560360,2188,141|1,4;1,3;2,0,5,3;4;4
JJJLZ|23,5911,23,201|;;1,5,4;1,5,3;1,4
JJJLZ|232,57,1913,201|1,4;2,5,3,2;4;1,3,5;1,4
JJJLZ|232,57,2185,201|1,4;2,5,3,2;1,3;;1,4
JJJLZ|232,560360,2185,201|1,4;1,3;2,0,5,3,2;;1,4
JJJLZ|785,57,1913,201|2;1,2,5,2;4;1,3,5;1,4
JJJLZ|785,57,2185,201|2;1,2,5,2;1,3;;1,4
JJJOJ|46,51,139,955|1;2,5;1,3,5;0;1,2,5
JJJOJ|46,5934,46,3310|1;;1,5,4;1,5;2,0,5
JJJOJ|46,35054,139,955|1;1,3;2,5;0;1,2,5
JJJOJ|46,35054,838894,3310|1;1,3;3,4;0,5;2,0,5
JJJOJ|232,12008,13288,232|1,4;1;2,5;1,5;2,5,3
JJJOJ|232,560360,2188,139|1,4;1,3;2,0,5,3;0,5;4
JJJOJ|232,560360,52456,232|1,4;1,3;4;0,5;2,5,3
JJJOJ|785,51,139,955|2;1,3,5,2;1,3,5;0;1,2,5
JJJOJ|2188,204,46,3310|1,3;4;3,5;1,5;2,0,5
JJJOL|46,51,3191,887|1;2,5;1,2,5;0,5;3,1,5
JJJOL|46,50286,3191,887|1;1,2;2,5,0,5;0,5;3,1,5
JJJOL|232,57,71,887|1,4;2,5,3,2;1,2,5,4;0,5;3,1,5
JJJOL|232,57,2185,142|1,4;2,5,3,2;1,3;;4
JJJOL|232,560360,2185,142|1,4;1,3;2,0,5,3,2;;4
JJJOL|785,51,3191,887|2;1,3,5,2;1,2,5;0,5;3,1,5
JJJOL|785,57,71,887|2;1,2,5,2;1,2,5,4;0,5;3,1,5
JJJOL|785,57,2185,142|2;1,2,5,2;1,3;;4
JJJOL|785,94993,785,887|2;;1,5,4;1,5,0;3,1,5
JJJOL|2188,204,989,3293|1,3;4;2,5,0;1,5;3,5
JJJSJ|23,35031,3287,23|;1,5,3;4;3;1,5,4
JJJSJ|46,35054,2542,3310|1;1,3;;4;2,0,5
JJJSJ|232,59624,14824,232|1,4;1,4;2,5,3,2;4;2,5,3
JJJSJ|232,560360,40168,232|1,4;1,3;;1,5,4;2,5,3
JJJSJ|785,2973,77,23|2;1,3,5;1,2,5,4;2;1,5,4
JJJSJ|2188,2973,77,23|1,3;2,0;1,2,5,4;2;1,5,4
JJJSL|116,201076,788,887|4;2;1,2,5,2,5;1,2,5,3,4;3,1,5
JJJSL|232,57,2185,2491|1,4;2,5,3,2;1,3;3;1,3,5
JJJSL|232,560360,2185,2491|1,4;1,3;2,0,5,3,2;3;1,3,5
JJJSL|232,560360,2188,142|1,4;1,3;2,0,5,3;4;4
JJJSL|785,57,2185,2491|2;1,2,5,2;1,3;3;1,3,5
JJJSL|785,2973,3293,29|2;1,3,5;1,2,5;3;4,5
JJJSL|2188,2973,3293,29|1,3;2,0;1,2,5;3;4,5
JJJTI|23,39,12599,30583|;1,5;2;1,2,5,4;2,5
JJJTI|46,35054,838894,61166|1;1,3;3,4;3,5;3,5
JJJTJ|232,57,2185,139|1,4;2,5,3,2;1,3;4;4
JJJTJ|232,560360,2185,139|1,4;1,3;2,0,5,3,2;4;4
JJJTJ|785,57,2185,139|2;1,2,5,2;1,3;4;4
JJJTL|23,39,12599,887|;1,5;2;1,2,5,2;3,1,5
JJJTL|232,560360,2188,142|1,4;1,3;2,0,5,3;4;4
JJJTS|23,39,12599,57|;1,5;2;3,1,5;4
JJJTT|23,5911,23,141|;;1,5,4;1,5,3;4
JJJTT|116,228,53,141|4;4;2,5;3,1,5;4
JJJZJ|46,35054,838894,3310|1;1,3;3,4;3,5;2,0,5
JJJZJ|232,57,2185,139|1,4;2,5,3,2;1,3;4;4
JJJZJ|232,560360,2185,139|1,4;1,3;2,0,5,3,2;4;4
JJJZJ|232,560360,2188,3310|1,4;1,3;2,0,5,3;2;2,0,5
JJJZJ|232,560360,52456,232|1,4;1,3;4;3,5;2,5,3
JJJZJ|547,170,955,139|2,4;1,3,5;2,5;1,5,2;4
JJJZJ|547,13107,955,139|2,4;2,5;1,3,5;1,5,2;4
JJJZJ|785,57,2185,139|2;1,2,5,2;1,3;4;4
JJJZJ|2188,170,955,139|1,3;3;2,5;1,5,2;4
JJJZL|23,39,12599,887|;1,5;2;1,5,3,5,2;3,1,5
JJJZL|23,5911,23,887|;;1,5,4;;3,1,5
JJJZL|23,25143,226103,887|;2;2,5;1,5,2;3,1,5
JJJZL|46,3758,958,142|1;1,4;2,5;1,5,2;4
JJJZL|232,560360,40168,184|1,4;1,3;;2,4;3,5,2
JJJZL|2188,156,43,142|1,3;;2,5,4;1,5,3;4
JJJZL|2188,3758,958,142|1,3;2;2,5;1,5,2;4
JJLIJ|23,39,1847,139|;1,5;4;2,5;4
JJLIJ|23,5911,23,23|;;1,5,3,5,2;;1,5,4
JJLIJ|46,1902,3310,3310|1;4;1,3,5;;2,0,5
JJLIJ|46,1902,292718,3310|1;4;;3,5;2,0,5
JJLIJ|46,3758,585390,139|1;1,4;1;3,5;4
JJLIJ|46,35054,3310,3310|1;1,3;;;2,0,5
JJLIJ|547,170,1774,23|2,4;1,3,5;3,5;3,5;1,5,4
JJLIJ|547,170,58026,955|2,4;1,3,5;3,5,3;3,5;1,2,5
JJLIJ|547,13107,887,139|2,4;2,5;1,2,5;3,5;4
JJLIJ|547,13107,955,955|2,4;2,5;3,5,1,5;;1,2,5
JJLIJ|785,85,887,139|2;1,2,5;3,5;3,5;4
JJLIJ|785,85,29013,2525|2;1,2,5;2,2;2,5;2,5
JJLIJ|1094,9846,3814,23|3;3,5;3,1,5;3,5;1,5,4
JJLIJ|2188,170,1774,23|1,3;3;3,5;3,5;1,5,4
JJLIJ|2188,170,58026,955|1,3;3;3,5,3;3,5;1,2,5
JJLIJ|2188,204,36556,2525|1,3;4;1;3,5;2,5
JJLIJ|2188,3758,585390,139|1,3;2;1;3,5;4
JJLIJ|3140,85,887,139|3,4;2,5,0,5;3,5;3,5;4
JJLIJ|3140,85,29013,2525|3,4;2,5,0,5;2,2;2,5;2,5
JJLIL|23,17527,87927,29|;3;2,5;2,5;4,5
JJLIL|23,50263,1655,142|;2,1;3,5;2,5;4
JJLIL|46,51,1655,142|1;2,5;3,5;2,5;4
JJLIL|46,51,28979,2491|1;2,5;4;2,5;1,3,5
JJLIL|46,1902,3310,29|1;4;1,3,5;3,5;4,5
JJLIL|46,35054,142,142|1;1,3;4;;4
JJLIL|46,35054,3310,29|1;1,3;;3,5;4,5
JJLIL|232,29928,52456,3545|1,4;4;1,3,5;2,5;3,5,4
JJLIL|232,560360,52456,3545|1,4;1,3;;2,5;3,5,4
JJLIL|547,170,36522,2491|2,4;1,3,5;1;3,5;1,3,5
JJLIL|547,3687,1895,142|2,4;1,2,5;4;2,5;4
JJLIL|547,3687,929383,887|2,4;1,2,5;3,3;2,5;3,1,5
JJLIL|547,13107,887,887|2,4;2,5;1,2,5;;3,1,5
JJLIL|785,51,1655,142|2;1,3,5,2;3,5;2,5;4
JJLIL|785,51,28979,2491|2;1,3,5,2;4;2,5;1,3,5
JJLIL|785,85,887,887|2;1,2,5;3,5;;3,1,5
JJLIL|785,85,3293,3293|2;1,2,5;1,3,5;;3,5
JJLIL|785,85,18261,3293|2;1,2,5;;2,5;3,5
JJLIL|2188,170,36522,2491|1,3;3;1;3,5;1,3,5
JJLIL|2188,204,29,29|1,3;4;2,5;;4,5
JJLIL|2188,204,3820,29|1,3;4;1,4;3,5;4,5
JJLIL|3140,85,887,887|3,4;2,5,0,5;3,5;;3,1,5
JJLIL|3140,85,3293,3293|3,4;2,5,0,5;1,3,5;;3,5
JJLIL|3140,85,18261,3293|3,4;2,5,0,5;;2,5;3,5
JJLIL|3140,3687,1895,142|3,4;3,5;4;2,5;4
JJLIL|3140,3687,929383,887|3,4;3,5;3,3;2,5;3,1,5
JJLJI|46,35054,240366,61166|1;1,3;2,4;1,2,5;3,5
JJLJI|547,170,1774,61166|2,4;1,3,5;3,5;4;3,5
JJLJI|547,13107,887,30583|2,4;2,5;1,2,5;4;2,5
JJLJI|785,85,887,30583|2;1,2,5;3,5;4;2,5
JJLJI|2188,170,1774,61166|1,3;3;3,5;4;3,5
JJLJI|3140,85,887,30583|3,4;2,5,0,5;3,5;4;2,5
JJLJO|232,29928,52456,204|1,4;4;1,3,5;2,5,0,5,3;0,5
JJLJO|232,560360,52456,204|1,4;1,3;;2,5,0,5,3;0,5
JJLJO|547,30243,52771,51|2,4;4;1,3,5;2,0,5;1,5
JJLJS|23,39,36391,2871|;1,5;1;2,5;3,4
JJLJS|23,25143,846391,2871|;2;1,3,5;2,0,5;3,4
JJLJS|46,35054,142,57|1;1,3;4;2;4
JJLJZ|232,29928,52456,201|1,4;4;1,3,5;2,5,0,5,3,2;1,4
JJLJZ|232,560360,52456,201|1,4;1,3;;2,5,0,5,3,2;1,4
JJLJZ|785,30481,3089,201|2;4;1,3,5;2,5,2;1,4
JJLLI|23,17527,87927,30583|;3;2,5;4,5;2,5
JJLLI|23,50263,1655,30583|;2,1;3,5;4;2,5
JJLLI|46,51,1655,30583|1;2,5;3,5;4;2,5
JJLLI|46,1902,3310,61166|1;4;1,3,5;1,4;3,5
JJLLI|46,35054,3310,61166|1;1,3;;1,4;3,5
JJLLI|46,140078,157678,61166|1;3,0;1,2,5;3,1,5;3,5
JJLLI|785,51,1655,30583|2;1,3,5,2;3,5;4;2,5
JJLLO|46,51,71,204|1;2,5;1,2,5;1,3,5;0,5
JJLLO|46,51,28979,51|1;2,5;4;1,3,5,2;1,5
JJLLO|46,51,36403,51|1;2,5;1;4;1,5
JJLLO|116,228,116,204|4;4;4;1,3,5;0,5
JJLLO|785,51,71,204|2;1,3,5,2;1,2,5;1,3,5;0,5
JJLLO|785,51,28979,51|2;1,3,5,2;4;1,3,5,2;1,5
JJLLO|785,51,36403,51|2;1,3,5,2;1;4;1,5
JJLLO|785,30481,3089,51|2;4;1,3,5;3,5,4,4;1,5
JJLLO|2188,204,29,51|1,3;4;2,5;3,5;1,5
JJLLO|2188,204,36556,204|1,3;4;1;4;0,5
JJLLS|232,57,28985,57|1,4;2,5,3,2;4;1,3,5,2;4
JJLLS|232,57,36409,57|1,4;2,5,3,2;1;4;4
JJLLS|785,57,28985,57|2;1,2,5,2;4;1,3,5,2;4
JJLLS|785,57,36409,57|2;1,2,5,2;1;4;4
JJLLS|2188,156,29084,156|1,3;;3,5,3;1,3,5,2;1,5,4
JJLLS|2188,156,36508,156|1,3;;1;4;1,5,4
JJLLT|2188,204,29,141|1,3;4;2,5;1,5;4
JJLLZ|23,5911,23,201|;;1,5,3,5,2;1,5,3;1,4
JJLLZ|785,2973,465821,2973|2;1,3,5;4;1,3,5,2;1,2,4
JJLLZ|785,2973,584605,2973|2;1,3,5;1;4;1,2,4
JJLLZ|785,30481,3089,201|2;4;1,3,5;3,5,4,3;1,4
JJLLZ|2188,2973,465821,2973|1,3;2,0;4;1,3,5,2;1,2,4
JJLLZ|2188,2973,584605,2973|1,3;2,0;1;4;1,2,4
JJLOJ|46,51,3259,955|1;2,5;3,5,1;0,5;1,2,5
JJLOJ|116,201076,12764,3548|4;2;3,5,1,5;1,5;2,5,4
JJLOJ|232,29928,52456,232|1,4;4;1,3,5;0,5;2,5,3
JJLOJ|232,560360,39400,232|1,4;1,3;2;;2,5,3
JJLOJ|232,560360,52456,232|1,4;1,3;;0,5;2,5,3
JJLOJ|785,51,3259,955|2;1,3,5,2;3,5,1;0,5;1,2,5
JJLOJ|2188,204,1006,3310|1,3;4;3,5;1,5;2,0,5
JJLOL|46,51,71,887|1;2,5;1,2,5;0,5;3,1,5
JJLOL|785,51,71,887|2;1,3,5,2;1,2,5;0,5;3,1,5
JJLOL|2188,204,29,3293|1,3;4;2,5;1;3,5
JJLSJ|23,1879,3287,23|;4;1,3,5;3;1,5,4
JJLSJ|23,35031,3287,23|;1,5,3;;3;1,5,4
JJLSJ|46,35054,142,3310|1;1,3;4;1;2,0,5
JJLSJ|785,1879,3287,23|2;1,2,5,4;1,3,5;3;1,5,4
JJLSJ|1094,1879,3287,23|3;2,5,0,5;1,3,5;3;1,5,4
JJLSL|785,85,3293,29|2;1,2,5;1,3,5;3;4,5
JJLSL|3140,85,3293,29|3,4;2,5,0,5;1,3,5;3;4,5
JJLTJ|232,560360,36328,232|1,4;1,3;4;4;2,5,3
JJLTT|23,39,202,27|;1,5;3,1,5;2,0,5;1,5,4
JJLTT|23,5911,23,141|;;1,5,3,5,2;1,5,3;4
JJLTT|46,35054,142,27|1;1,3;4;2;1,5,4
JJLZJ|232,6120,51688,232|1,4;;1,5,3;1,4;2,5,3
JJLZJ|232,29928,52456,232|1,4;4;1,3,5;3,5;2,5,3
JJLZJ|232,560360,52456,232|1,4;1,3;;3,5;2,5,3
JJLZJ|547,13107,955,139|2,4;2,5;3,5,1,5;1,5,2;4
JJLZL|23,5911,23,887|;;1,5,3,5,2;;3,1,5
JJLZL|785,30481,3089,113|2;4;1,3,5;1,4;1,3,5,2
JJLZL|2188,156,958,142|1,3;;3,5;1,5,2;4
JJOII|23,17527,30583,30583|;3;0,5;;2,5
JJOII|46,51,13107,30583|1;2,5;0;2,5;2,5
JJOII|46,51,13107,48059|1;2,5;0;3,5;2,5
JJOII|46,1902,419694,61166|1;4;;3,3,5,2,5;3,5
JJOII|46,35054,61166,61166|1;1,3;;;3,5
JJOII|547,3687,421479,30583|2,4;1,2,5;;2,5;2,5
JJOII|785,51,13107,30583|2;1,3,5,2;0;2,5;2,5
JJOII|785,51,13107,48059|2;1,3,5,2;0;3,5;2,5
JJOII|2188,204,52428,56797|1,3;4;1;2,5;3,5
JJOII|2188,204,52428,61166|1,3;4;1;3,5;3,5
JJOII|3140,3687,421479,30583|3,4;3,5;;2,5;2,5
JJOIO|46,140078,8942,51|1;3,0;1,5;3,5;1,5
JJOIO|547,13107,51,51|2,4;2,5;1,5;;1,5
JJOIS|232,140264,12008,57|1,4;4,2;1,5;3,5;4
JJOIT|23,50263,1879,141|;2,1;0,5;2,5;4
JJOIZ|232,57,201,201|1,4;2,5,3,2;1,5;;1,4
JJOIZ|232,12008,847592,201|1,4;1;1,5;3,5;1,4
JJOIZ|785,57,201,201|2;1,2,5,2;1,5;;1,4
JJOJJ|46,51,13107,955|1;2,5;0;1,3,5;1,2,5
JJOJJ|46,35054,48110,3310|1;1,3;0;1,2,5;2,0,5
JJOJJ|232,57,13113,3001|1,4;2,5,3,2;0;1,3,5;1,2,5,4
JJOJJ|232,12008,847592,232|1,4;1;1,5;2,0,5;2,5,3
JJOJJ|232,560360,35816,232|1,4;1,3;0,5;4;2,5,3
JJOJJ|547,13107,51,139|2,4;2,5;1,5;1,3,5;4
JJOJJ|785,51,13107,955|2;1,3,5,2;0;1,3,5;1,2,5
JJOJJ|785,57,13113,3001|2;1,2,5,2;0;1,3,5;1,2,5,4
JJOJJ|2188,204,52428,3310|1,3;4;1;3,5;2,0,5
JJOJL|46,51,13107,887|1;2,5;0;1,2,5;3,1,5
JJOJL|232,57,13113,887|1,4;2,5,3,2;0;1,2,5,4;3,1,5
JJOJL|785,51,13107,887|2;1,3,5,2;0;1,2,5;3,1,5
JJOJL|785,57,13113,887|2;1,2,5,2;0;1,2,5,4;3,1,5
JJOJL|2188,204,52428,3293|1,3;4;1;2,5,0,5;3,5
JJOLJ|46,51,13107,955|1;2,5;0;3,5,1,5;1,2,5
JJOLJ|46,50286,1902,3310|1;1,2;0,5;1,3,5;2,0,5
JJOLJ|232,57,13113,3001|1,4;2,5,3,2;0;3,5,1,5;1,2,5,4
JJOLJ|785,51,13107,955|2;1,3,5,2;0;3,5,1,5;1,2,5
JJOLJ|785,57,13113,3001|2;1,2,5,2;0;3,5,1,5;1,2,5,4
JJOLJ|2188,204,52428,3310|1,3;4;1;3,5;2,0,5
JJOLL|46,51,13107,887|1;2,5;0;1,2,5;3,1,5
JJOLL|785,51,13107,887|2;1,3,5,2;0;1,2,5;3,1,5
JJOLL|2188,204,52428,3293|1,3;4;1;2,5;3,5
JJOOI|46,140078,8942,61166|1;3,0;1,5;1,5;3,5
JJOOO|46,51,13107,51|1;2,5;0;1,5;1,5
JJOOO|785,51,13107,51|2;1,3,5,2;0;1,5;1,5
JJOOO|2188,204,52428,204|1,3;4;1;0,5;0,5
JJOOS|232,57,201,57|1,4;2,5,3,2;1,5;0,5;4
JJOOS|232,57,13113,57|1,4;2,5,3,2;0;1,5;4
JJOOS|785,57,201,57|2;1,2,5,2;1,5;0,5;4
JJOOS|785,57,13113,57|2;1,2,5,2;0;1,5;4
JJOOZ|785,2973,211869,2973|2;1,3,5;0;1,5;1,2,4
JJOOZ|785,2973,838557,2973|2;1,3,5;1;0,5;1,2,4
JJOOZ|2188,2973,211869,2973|1,3;2,0;0;1,5;1,2,4
JJOOZ|2188,2973,838557,2973|1,3;2,0;1;0,5;1,2,4
JJOSO|232,57,13113,51|1,4;2,5,3,2;0;3,1,5,3;1,5
JJOSO|785,57,13113,51|2;1,2,5,2;0;3,1,5,3;1,5
JJOST|232,57,201,27|1,4;2,5,3,2;1,5;2;1,5,4
JJOST|785,57,201,27|2;1,2,5,2;1,5;2;1,5,4
JJOTJ|23,39,3303,23|;1,5;1,5;2,0,5;1,5,4
JJOTJ|46,51,13107,955|1;2,5;0;3,1,5;1,2,5
JJOTJ|232,57,13113,3001|1,4;2,5,3,2;0;3,1,5;1,2,5,4
JJOTJ|547,13107,51,139|2,4;2,5;1,5;3,1,5;4
JJOTJ|785,51,13107,955|2;1,3,5,2;0;3,1,5;1,2,5
JJOTJ|785,57,13113,3001|2;1,2,5,2;0;3,1,5;1,2,5,4
JJOTJ|2188,204,52428,3310|1,3;4;1;3,5;2,0,5
JJOTL|46,51,13107,887|1;2,5;0;1,2,5;3,1,5
JJOTL|785,51,13107,887|2;1,3,5,2;0;1,2,5;3,1,5
JJOTL|2188,204,52428,3293|1,3;4;1;2,0,5;3,5
JJOZO|785,2973,211869,51|2;1,3,5;0;1,5,2,5,4;1,5
JJOZO|2188,2973,211869,51|1,3;2,0;0;1,5,2,5,4;1,5
JJOZZ|785,2973,211869,2973|2;1,3,5;0;1,5,2,5;1,2,4
JJOZZ|2188,2973,211869,2973|1,3;2,0;0;1,5,2,5;1,2,4
JJSIO|232,560360,36584,153|1,4;1,3;4;3,5;
JJSIO|2188,156,204,204|1,3;;4;;0,5
JJSIZ|46,35054,846062,201|1;1,3;3,2;3,5;1,4
JJSJJ|46,35054,846062,3310|1;1,3;3,2;2,0,5,3;2,0,5
JJSJL|232,560360,36584,184|1,4;1,3;4;2,5;3,5,2
JJSLJ|232,560360,36584,232|1,4;1,3;4;4;2,5,3
JJSLL|785,85,4981,29|2;1,2,5;3;1,5,3,1,5;4,5
JJSLL|2188,156,204,29|1,3;;4;2,5;4,5
JJSLL|2188,204,30,142|1,3;4;2;1,5;4
JJSLL|3140,85,4981,29|3,4;2,5,0,5;3;1,5,3,1,5;4,5
JJSSI|23,50263,25687,30583|;2,1;;1,2,4;2,5
JJSTI|23,50263,55159,30583|;2,1;3,5;4;2,5
JJSTJ|23,39,78,23|;1,5;3,1,5;2,0,5;1,5,4
JJSTJ|547,13107,891,139|2,4;2,5;3,1,5;3,1,5;4
JJSTL|2188,156,204,29|1,3;;4;2,0,5;4,5
JJSZS|2188,156,5052,156|1,3;;3;1,5,2;1,5,4
JJTIJ|23,39,18023,3310|;1,5;3;3,5,3,3,5;2,0,5
JJTIJ|23,50263,5463,2525|;2,1;2,0,5;2,5;2,5
JJTIJ|46,51,139,139|1;2,5;3,1,5;;4
JJTIJ|46,140078,10926,955|1;3,0;3,1,5;3,5;1,2,5
JJTIJ|547,13107,887,139|2,4;2,5;1,2,5;3,5;4
JJTIJ|547,13107,955,955|2,4;2,5;3,1,5;;1,2,5
JJTIJ|785,51,139,139|2;1,3,5,2;3,1,5;;4
JJTIL|23,39,142,142|;1,5;3,1,5;;4
JJTIL|23,39,4919,2491|;1,5;2;3,5;1,3,5
JJTIL|23,17527,95607,29|;3;2,0,5;2,5;4,5
JJTIL|46,50286,9838,887|1;1,2;3,5;3,5;3,1,5
JJTIL|46,140078,9838,887|1;3,0;1,2,5;3,5;3,1,5
JJTIL|547,13107,887,887|2,4;2,5;1,2,5;;3,1,5
JJTIL|2188,204,29,29|1,3;4;2,0,5;;4,5
JJTIO|116,6004,18292,204|4;;1,5;2,5;0,5
JJTIO|232,560360,36584,153|1,4;1,3;4;3,5;
JJTIT|46,35054,2798,27|1;1,3;;3,5;1,5,4
JJTIT|547,170,3818,27|2,4;1,3,5;4;3,5;1,5,4
JJTIT|785,85,1909,141|2;1,2,5;4;2,5;4
JJTIT|2188,170,3818,27|1,3;3;4;3,5;1,5,4
JJTIT|3140,85,1909,141|3,4;2,5,0,5;4;2,5;4
JJTIZ|23,5911,18199,201|;;1,5;2,5;1,4
JJTJI|23,39,18023,30583|;1,5;3;2,0,5;2,5
JJTJI|23,50263,5463,30583|;2,1;2,0,5;2,5;2,5
JJTJI|46,35054,178926,61166|1;1,3;4,2;1,2,5;3,5
JJTJI|46,140078,10926,61166|1;3,0;3,1,5;1,2,5;3,5
JJTJI|547,13107,887,30583|2,4;2,5;1,2,5;4;2,5
JJTJJ|23,35031,135,23|;1,5,3;4;;1,5,4
JJTJL|23,39,3687,887|;1,5;4;2,5;3,1,5
JJTJL|232,560360,36584,184|1,4;1,3;4;2,5;3,5,2
JJTJO|46,51,139,204|1;2,5;3,1,5;3,4,5;0,5
JJTJO|785,51,139,204|2;1,3,5,2;3,1,5;3,4,5;0,5
JJTJO|2188,156,46,51|1,3;;2,5;2,5;1,5
JJTJO|2188,204,46,51|1,3;4;3,5;2,5;1,5
JJTJS|23,39,142,57|;1,5;3,1,5;2;4
JJTJS|23,39,4919,2871|;1,5;2;1,5,4;3,4
JJTJT|23,5911,36119,141|;;1,5,3;2,5,2;4
JJTJT|46,51,139,27|1;2,5;3,1,5;;1,5,4
JJTJT|785,51,139,27|2;1,3,5,2;3,1,5;;1,5,4
JJTLI|23,39,4919,30583|;1,5;2;1,5,3,5;2,5
JJTLI|23,50263,59255,30583|;2,1;3,5;4;2,5
JJTLI|46,50286,9838,61166|1;1,2;3,5;3,1,5;3,5
JJTLI|46,140078,9838,61166|1;3,0;1,2,5;3,1,5;3,5
JJTLJ|232,560360,36584,232|1,4;1,3;4;4;2,5,3
JJTLO|46,51,71,204|1;2,5;1,2,5;1,3,5;0,5
JJTLO|785,51,71,204|2;1,3,5,2;1,2,5;1,3,5;0,5
JJTLO|2188,204,29,51|1,3;4;2,0,5;3,5;1,5
JJTLS|23,5911,36119,2871|;;1,5,3;3,5;3,4
JJTLT|23,39,4919,27|;1,5;2;1,5,3,5,1,5;1,5,4
JJTLT|232,560360,2200,141|1,4;1,3;2,0,5;3,5,1,2;4
JJTLT|2188,204,29,141|1,3;4;2,0,5;1,5;4
JJTOJ|23,39,4919,23|;1,5;2;1,5;1,5,4
JJTOJ|46,51,139,955|1;2,5;3,1,5;0;1,2,5
JJTOJ|232,57,36025,3001|1,4;2,5,3,2;3,1;0,5;1,2,5,4
JJTOJ|785,51,139,955|2;1,3,5,2;3,1,5;0;1,2,5
JJTOJ|785,57,36025,3001|2;1,2,5,2;3,1;0,5;1,2,5,4
JJTOJ|2188,156,46,3310|1,3;;2,5;1,5;2,0,5
JJTOJ|2188,204,46,3310|1,3;4;3,5;1,5;2,0,5
JJTOL|46,51,71,887|1;2,5;1,2,5;0,5;3,1,5
JJTOL|232,560360,2200,142|1,4;1,3;2,0,5;;4
JJTOL|785,51,71,887|2;1,3,5,2;1,2,5;0,5;3,1,5
JJTOL|2188,204,29,3293|1,3;4;2,0,5;1;3,5
JJTSJ|23,39,142,3310|;1,5;3,1,5;1;2,0,5
JJTSJ|23,39,4919,23|;1,5;2;1,5,2,5;1,5,4
JJTSJ|232,57,77,23|1,4;2,5,3,2;1,2,5;2;1,5,4
JJTSJ|232,560360,2200,139|1,4;1,3;2,0,5;1,4;4
JJTSJ|785,57,77,23|2;1,2,5,2;1,2,5;2;1,5,4
JJTTI|46,35054,2798,61166|1;1,3;;4;3,5
JJTTJ|23,5911,36119,23|;;1,5,3;4;1,5,4
JJTTJ|232,6120,36328,232|1,4;;1,5,3;4;2,5,3
JJTTJ|232,560360,2200,139|1,4;1,3;2,0,5;3,1,5,2;4
JJTTL|232,560360,2200,184|1,4;1,3;2,0,5;4;3,5,2
JJTTO|232,560360,2200,204|1,4;1,3;2,0,5;3,1,5;0,5
JJTTS|116,228,308,156|4;4;2;1,5,3,1,5;1,5,4
JJTTT|23,39,142,27|;1,5;3,1,5;2;1,5,4
JJTTT|23,39,4919,27|;1,5;2;1,5,3,1,5;1,5,4
JJTZJ|547,13107,955,139|2,4;2,5;3,1,5;1,5,2;4
JJTZL|232,560360,2200,184|1,4;1,3;2,0,5;4;3,5,2
JJZIS|23,5911,227095,57|;;;2,5;4
JJZIT|232,57,141,141|1,4;2,5,3,2;1,5,3;;4
JJZIT|785,57,141,141|2;1,2,5,2;1,5,3;;4
JJZIZ|232,560360,847592,201|1,4;1,3;2;3,5;1,4
JJZJJ|46,51,135,23|1;2,5;1,5,3;;1,5,4
JJZJJ|46,35054,2750,3310|1;1,3;3;1,2,5;2,0,5
JJZJJ|232,560360,2216,139|1,4;1,3;3,5;2,5,3;4
JJZJJ|232,560360,2216,232|1,4;1,3;3,5;4;2,5,3
JJZJJ|232,560360,2216,3001|1,4;1,3;3,5;2,5,3,2;1,2,5,4
JJZJJ|232,560360,2216,3310|1,4;1,3;3,5;2,5,3,3;2,0,5
JJZJJ|232,560360,847592,232|1,4;1,3;2;2,0,5;2,5,3
JJZJJ|547,170,36074,139|2,4;1,3,5;1,2;2,0,5;4
JJZJJ|785,51,135,23|2;1,3,5,2;1,5,3;;1,5,4
JJZJJ|2188,170,36074,139|1,3;3;1,2;2,0,5;4
JJZJL|23,39,1767,887|;1,5;4;2,5;3,1,5
JJZJL|23,25143,61047,887|;2;3,4;2,5;3,1,5
JJZJL|232,57,141,29|1,4;2,5,3,2;1,5,3;;4,5
JJZJL|785,57,141,29|2;1,2,5,2;1,5,3;;4,5
JJZJL|2188,156,36060,142|1,3;;3,4;2,5,4;4
JJZLJ|23,5911,227095,23|;;;3,1,5;1,5,4
JJZLJ|232,6120,227304,232|1,4;;;3,1,5;2,5,3
JJZLJ|785,2973,35997,139|2;1,3,5;1,2;3,5;4
JJZLJ|2188,156,36060,3548|1,3;;3,4;4;2,5,4
JJZLJ|2188,2973,35997,139|1,3;2,0;1,2;3,5;4
JJZLL|232,560360,2216,142|1,4;1,3;3,5;3,5,2;4
JJZLL|232,560360,2216,184|1,4;1,3;3,5;4;3,5,2
JJZLL|232,560360,2216,2491|1,4;1,3;3,5;3,5,2,2;1,3,5
JJZLL|2188,156,36060,142|1,3;;3,4;3,5;4
JJZOO|2188,156,60,204|1,3;;4;1,5;0,5
JJZOZ|785,2973,35997,2973|2;1,3,5;1,2;0,5;1,2,4
JJZOZ|2188,2973,35997,2973|1,3;2,0;1,2;0,5;1,2,4
JJZSS|2188,156,36060,156|1,3;;3,4;3;1,5,4
JJZST|232,57,141,27|1,4;2,5,3,2;1,5,3;2;1,5,4
JJZST|785,57,141,27|2;1,2,5,2;1,5,3;2;1,5,4
JJZTI|46,35054,48878,61166|1;1,3;;4;3,5
JJZTJ|23,35031,3303,23|;1,5,3;3;2,0,5;1,5,4
JJZTJ|2188,156,78,23|1,3;;2;2,0,5;1,5,4
JJZTL|785,2973,35997,142|2;1,3,5;1,2;3,5,4;4
JJZTL|1570,14130,54,142|1,2;2,5;1,5,2;3,1,5;4
JJZTL|2188,2973,35997,142|1,3;2,0;1,2;3,5,4;4
JJZZT|785,2973,35997,141|2;1,3,5;1,2;2,0,2;4
JJZZT|2188,2973,35997,141|1,3;2,0;1,2;2,0,2;4
JLIII|46,205358,484974,61166|1;2,4;2,5;3,5;3,5
JLIII|46,205358,764590,61166|1;2,4;3,5;2,5;3,5
JLIII|547,926243,13107,30583|2,4;3,5,3;2,5;2,5;2,5
JLIII|547,926243,13107,48059|2,4;3,5,3;2,5;3,5;2,5
JLIIO|23,28951,153,153|;3,3,5;2,5;;
JLIIO|23,28951,28951,153|;3,3,5;;2,5;
JLIIO|46,57902,51,51|1;1,2,2,5;3,5;;1,5
JLIIO|46,57902,57902,51|1;1,2,2,5;;3,5;1,5
JLIIO|116,204,204,204|4;1,3,5;;;0,5
JLIIO|116,204,4573,51|4;1,3,5;2;3,5;1,5
JLIIO|116,204,8942,51|4;1,3,5;3;3,5;1,5
JLIIO|116,18292,204,204|4;;2,5;;0,5
JLIIO|116,18292,18292,204|4;;;2,5;0,5
JLIIO|232,36584,153,153|1,4;1;3,5;;
JLIIO|232,36584,36584,153|1,4;1;;3,5;
JLIIO|547,102,4471,153|2,4;1,2,5;3;2,1,5;
JLIIO|547,102,35054,153|2,4;1,2,5;3,3,5,2,5;3,0,5;
JLIIO|785,51,51,51|2;1,2,5,2;;;1,5
JLIIO|785,51,17527,204|2;1,2,5,2;2;3,4,1,5;0,5
JLIIO|785,51,35003,204|2;1,2,5,2;3;2,5;0,5
JLIIO|785,153,153,153|2;3,5,1,5;;;
JLIIO|2188,153,153,153|1,3;2;;;
JLIIO|2188,204,204,204|1,3;;;;0,5
JLIIO|2188,204,4573,51|1,3;;2;3,5;1,5
JLIIO|2188,204,8942,51|1,3;;3;3,5;1,5
JLIIO|3140,102,4471,153|3,4;3,5;3;2,1,5;
JLIIO|3140,102,35054,153|3,4;3,5;3,3,5,2,5;3,0,5;
JLIIS|46,51374,3483,3483|1;3,1;2,5;;3,4
JLIIS|46,51374,51374,3483|1;3,1;;2,5;3,4
JLIIS|116,29044,156,156|4;4;2,5;;1,5,4
JLIIS|116,29044,29044,156|4;4;;2,5;1,5,4
JLIIS|232,58088,57,57|1,4;3,3;3,5;;4
JLIIS|232,58088,58088,57|1,4;3,3;;3,5;4
JLIIS|785,57,57,57|2;1,2,5,3,5;;;4
JLIIT|46,25710,1879,141|1;3;3,5;2,5;4
JLIIT|547,26211,61163,27|2,4;3,5;3,5,3,2,5;2,5;1,5,4
JLIIT|547,26211,96115,27|2,4;3,5;3,5;2,5;1,5,4
JLIIT|1094,58950,1879,141|3;1,4;3,5;2,5;4
JLIIT|2188,141,141,141|1,3;4;;;4
JLIIZ|23,201,201,201|;1,5,3;;;1,4
JLIIZ|23,18199,201,201|;;2,5;;1,4
JLIIZ|23,18199,18199,201|;;;2,5;1,4
JLIIZ|46,36398,147,147|1;1;3,5;;4
JLIIZ|46,36398,36398,147|1;1;;3,5;4
JLIIZ|1094,30022,3534,3534|3;4;2,5;;2,4
JLIIZ|1094,30022,30022,3534|3;4;;2,5;2,4
JLIJJ|23,135,135,23|;1,5;;;1,5,4
JLIJJ|23,8823,170,955|;2;2,1,5;2,5;1,2,5
JLIJJ|23,8823,170,3310|;2;2,1,5;1,2,5;2,0,5
JLIJJ|46,18222,36014,139|1;;3,5;2,0,5;4
JLIJJ|46,57902,51,139|1;1,2,2,5;3,5;1,3,5;4
JLIJJ|116,204,4573,23|4;1,3,5;2;2,5;1,5,4
JLIJJ|116,204,4573,2525|4;1,3,5;2;1,5,4;2,5
JLIJJ|116,70516,6588,3548|4;2;2,5,1,5;1,5,2,5;2,5,4
JLIJJ|232,120,120,232|1,4;4;;4;2,5,3
JLIJJ|547,102,4471,23|2,4;1,2,5;3;1,5,4;1,5,4
JLIJJ|547,102,35054,139|2,4;1,2,5;3,3,5,2,5;2,5;4
JLIJJ|547,102,35054,3310|2,4;1,2,5;3,3,5,2,5;4;2,0,5
JLIJJ|547,3755,3755,955|2,4;3,5,1,5;;2,5;1,2,5
JLIJJ|547,3755,4539,955|2,4;3,5,1,5;3;1,5;1,2,5
JLIJJ|547,926243,13107,955|2,4;3,5,3;2,5;1,3,5;1,2,5
JLIJJ|785,51,51,139|2;1,2,5,2;;1,3,5;4
JLIJJ|785,51,35003,139|2;1,2,5,2;3;4;4
JLIJJ|785,1885,35037,2525|2;1,2,5;3;;2,5
JLIJJ|1570,30498,170,955|1,2;4;2,5;2,5;1,2,5
JLIJJ|1570,30498,170,3310|1,2;4;2,5;1,2,5;2,0,5
JLIJJ|2188,204,4573,23|1,3;;2;2,5;1,5,4
JLIJJ|2188,204,4573,2525|1,3;;2;1,5,4;2,5
JLIJJ|2188,2990,2990,3310|1,3;3;;1,2,5;2,0,5
JLIJJ|3140,102,4471,23|3,4;3,5;3;1,5,4;1,5,4
JLIJJ|3140,102,35054,139|3,4;3,5;3,3,5,2,5;2,5;4
JLIJJ|3140,102,35054,3310|3,4;3,5;3,3,5,2,5;4;2,0,5
JLIJL|23,28951,153,3293|;3,3,5;2,5;1,2,5;3,5
JLIJL|46,1854,35006,142|1;4;3;4;4
JLIJL|232,36584,153,3293|1,4;1;3,5;1,2,5;3,5
JLIJL|232,36584,36584,184|1,4;1;;2,5;3,5,2
JLIJL|547,102,102,887|2,4;1,2,5;;2,5;3,1,5
JLIJL|547,102,4471,887|2,4;1,2,5;3;1,5;3,1,5
JLIJL|547,3755,4539,29|2,4;3,5,1,5;3;1,5,2,5;4,5
JLIJL|547,3755,4539,2491|2,4;3,5,1,5;3;1,5,4;1,3,5
JLIJL|547,926243,13107,887|2,4;3,5,3;2,5;1,2,5;3,1,5
JLIJL|785,51,35003,2491|2;1,2,5,2;3;;1,3,5
JLIJL|785,153,153,3293|2;3,5,1,5;;1,2,5;3,5
JLIJL|785,1885,35037,142|2;1,2,5;3;2,5;4
JLIJL|785,1885,35037,3293|2;1,2,5;3;4;3,5
JLIJL|2188,141,141,29|1,3;4;;;4,5
JLIJL|2188,153,153,3293|1,3;2;;1,2,5;3,5
JLIJL|3140,102,102,887|3,4;3,5;;2,5;3,1,5
JLIJL|3140,102,4471,887|3,4;3,5;3;1,5;3,1,5
JLILJ|23,28951,153,955|;3,3,5;2,5;3,5;1,2,5
JLILJ|46,51374,3483,955|1;3,1;2,5;3,5;1,2,5
JLILJ|116,204,4573,2525|4;1,3,5;2;1,5;2,5
JLILJ|232,36584,153,955|1,4;1;3,5;3,5;1,2,5
JLILJ|232,36584,36584,232|1,4;1;;4;2,5,3
JLILJ|232,821480,51609,3001|1,4;1,3;2,5;3,5,4,5,4;1,2,5,4
JLILJ|547,102,102,3310|2,4;1,2,5;;1,3,5;2,0,5
JLILJ|547,102,35054,3310|2,4;1,2,5;3,3,5,2,5;;2,0,5
JLILJ|547,3755,4539,23|2,4;3,5,1,5;3;1,5,3,5;1,5,4
JLILJ|547,3755,4539,955|2,4;3,5,1,5;3;4,5;1,2,5
JLILJ|547,926243,13107,955|2,4;3,5,3;2,5;3,5,1,5;1,2,5
JLILJ|785,153,153,955|2;3,5,1,5;;3,5;1,2,5
JLILJ|785,1885,35037,139|2;1,2,5;3;3,5;4
JLILJ|785,1885,35037,2525|2;1,2,5;3;4;2,5
JLILJ|2188,153,153,955|1,3;2;;3,5;1,2,5
JLILJ|2188,204,4573,2525|1,3;;2;1,5;2,5
JLILJ|3140,102,102,3310|3,4;3,5;;1,3,5;2,0,5
JLILJ|3140,102,35054,3310|3,4;3,5;3,3,5,2,5;;2,0,5
JLILL|46,17646,85,887|1;1,2;2,5;3,5;3,1,5
JLILL|46,17646,85,3293|1;1,2;2,5;1,3,5;3,5
JLILL|116,204,204,29|4;1,3,5;;2,5;4,5
JLILL|116,204,4573,29|4;1,3,5;2;4,5;4,5
JLILL|116,18292,204,29|4;;2,5;2,5;4,5
JLILL|547,102,4471,29|2,4;1,2,5;3;1,5,3,5;4,5
JLILL|547,102,4471,887|2,4;1,2,5;3;4,5;3,1,5
JLILL|547,102,35054,142|2,4;1,2,5;3,3,5,2,5;4;4
JLILL|547,3755,4539,2491|2,4;3,5,1,5;3;1,5;1,3,5
JLILL|547,926243,13107,887|2,4;3,5,3;2,5;1,2,5;3,1,5
JLILL|785,51,35003,142|2;1,2,5,2;3;3,5;4
JLILL|785,51,35003,2491|2;1,2,5,2;3;4;1,3,5
JLILL|785,1885,1885,3293|2;1,2,5;;1,3,5;3,5
JLILL|785,1885,35037,3293|2;1,2,5;3;;3,5
JLILL|2188,204,204,29|1,3;;;2,5;4,5
JLILL|2188,204,4573,29|1,3;;2;4,5;4,5
JLILL|3140,102,4471,29|3,4;3,5;3;1,5,3,5;4,5
JLILL|3140,102,4471,887|3,4;3,5;3;4,5;3,1,5
JLILL|3140,102,35054,142|3,4;3,5;3,3,5,2,5;4;4
JLILL|3140,3415,3415,887|3,4;2,5;;3,5;3,1,5
JLILL|3140,60996,85,887|3,4;1,4;3,5;3,5;3,1,5
JLILL|3140,60996,85,3293|3,4;1,4;3,5;1,3,5;3,5
JLIOI|116,204,4573,56797|4;1,3,5;2;1;3,5
JLIOI|116,204,8942,61166|4;1,3,5;3;1,5;3,5
JLIOI|547,102,4471,30583|2,4;1,2,5;3;;2,5
JLIOI|547,102,35054,61166|2,4;1,2,5;3,3,5,2,5;;3,5
JLIOI|785,51,17527,30583|2;1,2,5,2;2;0,5;2,5
JLIOI|785,51,35003,48059|2;1,2,5,2;3;0;2,5
JLIOI|2188,204,4573,56797|1,3;;2;1;3,5
JLIOI|2188,204,8942,61166|1,3;;3;1,5;3,5
JLIOI|3140,102,4471,30583|3,4;3,5;3;;2,5
JLIOI|3140,102,35054,61166|3,4;3,5;3,3,5,2,5;;3,5
JLIOO|547,926243,13107,51|2,4;3,5,3;2,5;1,5;1,5
JLIOS|23,201,201,57|;1,5,3;;0,5;4
JLIOS|23,18199,201,57|;;2,5;0,5;4
JLIOZ|232,58088,57,201|1,4;3,3;3,5;1,5;1,4
JLIOZ|785,57,57,201|2;1,2,5,3,5;;1,5;1,4
JLISI|23,25687,25687,30583|;4,2;;1,2,4;2,5
JLISI|46,51374,51374,61166|1;3,1;;3,4;3,5
JLISO|116,29044,156,204|4;4;2,5;4;0,5
JLIST|23,201,201,27|;1,5,3;;2;1,5,4
JLIST|23,18199,201,27|;;2,5;2;1,5,4
JLIST|2188,141,141,27|1,3;4;;2;1,5,4
JLISZ|23,28951,153,201|;3,3,5;2,5;4;1,4
JLISZ|232,36584,153,201|1,4;1;3,5;4;1,4
JLISZ|785,153,153,201|2;3,5,1,5;;4;1,4
JLISZ|2188,153,153,201|1,3;2;;4;1,4
JLITI|1094,13926,48878,61166|3;3,5;2,5;4;3,5
JLITJ|46,1854,35006,3310|1;4;3;3;2,0,5
JLITJ|46,57902,51,139|1;1,2,2,5;3,5;3,1,5;4
JLITJ|547,926243,13107,955|2,4;3,5,3;2,5;3,1,5;1,2,5
JLITJ|785,51,51,139|2;1,2,5,2;;3,1,5;4
JLITL|116,204,204,29|4;1,3,5;;2,0,5;4,5
JLITL|116,18292,204,29|4;;2,5;2,0,5;4,5
JLITL|547,926243,13107,887|2,4;3,5,3;2,5;1,2,5;3,1,5
JLITL|2188,204,204,29|1,3;;;2,0,5;4,5
JLITT|547,3755,4539,27|2,4;3,5,1,5;3;1,5,4;1,5,4
JLITT|785,1885,35037,141|2;1,2,5;3;4;4
JLIZO|46,36398,147,51|1;1;3,5;4,4;1,5
JLIZO|232,821480,51609,153|1,4;1,3;2,5;1,4;
JLIZO|547,582179,37683,51|2,4;1;2,5;4;1,5
JLIZS|23,28951,153,57|;3,3,5;2,5;4;4
JLIZS|232,36584,153,57|1,4;1;3,5;4;4
JLIZS|785,153,153,57|2;3,5,1,5;;4;4
JLIZS|2188,153,153,57|1,3;2;;4;4
JLIZT|232,58088,57,141|1,4;3,3;3,5;1,5,3;4
JLIZT|785,57,57,141|2;1,2,5,3,5;;1,5,3;4
JLIZT|2188,10988,957,141|1,3;3,4;3,5;1,5,2;4
JLJIJ|23,135,23,23|;1,5;;;1,5,4
JLJIJ|23,8823,209783,955|;2;2,5;3,5;1,2,5
JLJIJ|116,204,1774,23|4;1,3,5;2,5;3,5;1,5,4
JLJIJ|116,204,59596,2525|4;1,3,5;1,4;3,5;2,5
JLJIJ|232,120,232,232|1,4;4;4;;2,5,3
JLJIJ|547,102,887,139|2,4;1,2,5;2,5;3,5;4
JLJIJ|547,102,3814,23|2,4;1,2,5;4;3,5;1,5,4
JLJIJ|547,102,29798,3310|2,4;1,2,5;2,5,2;2,5;2,0,5
JLJIJ|547,3755,955,955|2,4;3,5,1,5;2,5;;1,2,5
JLJIJ|547,3755,192171,955|2,4;3,5,1,5;1;2,5;1,2,5
JLJIJ|785,51,139,139|2;1,2,5,2;1,3,5;;4
JLJIJ|785,51,1907,139|2;1,2,5,2;4;2,5;4
JLJIJ|785,1885,96093,2525|2;1,2,5;;3,5;2,5
JLJIJ|1094,52422,3814,23|3;1,3,5;3,5;3,5;1,5,4
JLJIJ|2188,204,1774,23|1,3;;2,5;3,5;1,5,4
JLJIJ|2188,204,59596,2525|1,3;;1,4;3,5;2,5
JLJIJ|2188,2990,3310,3310|1,3;3;1,2,5;;2,0,5
JLJIJ|3140,102,887,139|3,4;3,5;2,5;3,5;4
JLJIJ|3140,102,3814,23|3,4;3,5;4;3,5;1,5,4
JLJIJ|3140,102,29798,3310|3,4;3,5;2,5,2;2,5;2,0,5
JLJIL|23,12855,1655,142|;3;1,2,5;2,5;4
JLJIL|232,36584,184,184|1,4;1;2,5;;3,5,2
JLJIL|232,821480,52456,3545|1,4;1,3;3,5,3;2,5;3,5,4
JLJIL|547,102,887,887|2,4;1,2,5;2,5;;3,1,5
JLJIL|547,102,11878,887|2,4;1,2,5;1;3,5;3,1,5
JLJIL|547,3755,954027,2491|2,4;3,5,1,5;1,4;2,5;1,3,5
JLJIL|785,51,5939,2491|2;1,2,5,2;;2,5;1,3,5
JLJIL|785,153,3293,3293|2;3,5,1,5;1,2,5;;3,5
JLJIL|785,1885,477021,3293|2;1,2,5;2,2;3,5;3,5
JLJIL|2188,141,29,29|1,3;4;;;4,5
JLJIL|2188,153,3293,3293|1,3;2;1,2,5;;3,5
JLJIL|2188,2990,3310,29|1,3;3;1,2,5;3,5;4,5
JLJIL|3140,102,887,887|3,4;3,5;2,5;;3,1,5
JLJIL|3140,102,11878,887|3,4;3,5;1;3,5;3,1,5
JLJIL|3140,3415,1655,142|3,4;2,5;2,5;2,5;4
JLJJI|23,8823,209783,30583|;2;2,5;1,2,5;2,5
JLJJI|23,8823,812663,30583|;2;1,2,5;2,0,5;2,5
JLJJI|46,205358,240366,61166|1;2,4;1,3,5;1,2,5;3,5
JLJJI|116,204,1774,61166|4;1,3,5;2,5;4;3,5
JLJJI|547,102,887,30583|2,4;1,2,5;2,5;4;2,5
JLJJI|2188,204,1774,61166|1,3;;2,5;4;3,5
JLJJI|3140,102,887,30583|3,4;3,5;2,5;4;2,5
JLJJO|116,204,46,51|4;1,3,5;3,5;2,5;1,5
JLJJO|116,204,6092,204|4;1,3,5;;1,5,4;0,5
JLJJO|116,204,59596,204|4;1,3,5;1,4;2,5,3;0,5
JLJJO|232,36584,184,204|1,4;1;2,5;1,2,5;0,5
JLJJO|232,821480,3208,153|1,4;1,3;2,5,0,5,3;2,5,0,5;
JLJJO|232,821480,3208,204|1,4;1,3;2,5,0,5,3;3,5,3;0,5
JLJJO|232,821480,52456,204|1,4;1,3;3,5,3;2,5,0,5,3;0,5
JLJJO|785,51,139,204|2;1,2,5,2;1,3,5;3,4,5;0,5
JLJJO|785,51,5939,51|2;1,2,5,2;;1,5,4;1,5
JLJJO|785,57,2185,153|2;1,2,5,3,5;1,3;;
JLJJO|785,57,2185,204|2;1,2,5,3,5;1,3;3;0,5
JLJJO|785,153,6041,153|2;3,5,1,5;;1,5,4;
JLJJO|785,153,59545,153|2;3,5,1,5;3,5,3;2,5,3;
JLJJO|2188,153,6041,153|1,3;2;;1,5,4;
JLJJO|2188,153,59545,153|1,3;2;3,5,3;2,5,3;
JLJJO|2188,204,46,51|1,3;;3,5;2,5;1,5
JLJJO|2188,204,6092,204|1,3;;;1,5,4;0,5
JLJJO|2188,204,59596,204|1,3;;1,4;2,5,3;0,5
JLJJS|232,120,232,57|1,4;4;4;2,5,3,2;4
JLJJS|785,57,5945,57|2;1,2,5,3,5;;1,5,4;4
JLJJT|785,51,139,27|2;1,2,5,2;1,3,5;;1,5,4
JLJJT|785,57,2185,141|2;1,2,5,3,5;1,3;4;4
JLJJZ|23,201,6089,201|;1,5,3;;1,5,4;1,4
JLJJZ|23,201,59593,201|;1,5,3;1,4;2,5,3;1,4
JLJJZ|232,821480,3208,201|1,4;1,3;2,5,0,5,3;3,5,2,5;1,4
JLJJZ|232,821480,51385,201|1,4;1,3;2,5,0,5,3,2;2,5,0,2;1,4
JLJJZ|232,821480,52456,201|1,4;1,3;3,5,3;2,5,0,5,3,2;1,4
JLJLI|23,8823,209783,30583|;2;2,5;1,2,5;2,5
JLJLI|23,12855,1655,30583|;3;1,2,5;4;2,5
JLJLI|46,17646,157678,61166|1;1,2;3,5;3,1,5;3,5
JLJLI|2188,2990,3310,61166|1,3;3;1,2,5;1,4;3,5
JLJLI|3140,3415,1655,30583|3,4;2,5;2,5;4;2,5
JLJLO|23,8823,209783,51|;2;2,5;3,5,1,5;1,5
JLJLO|46,17646,71,204|1;1,2;2,5,0,5;1,3,5;0,5
JLJLO|232,821480,3208,204|1,4;1,3;2,5,0,5,3;2,5,3;0,5
JLJLO|785,57,71,204|2;1,2,5,3,5;1,2,5,4;1,3,5;0,5
JLJLO|785,57,2185,153|2;1,2,5,3,5;1,3;4;
JLJLO|2188,141,29,51|1,3;4;;3,5;1,5
JLJLO|3140,60996,836,204|3,4;1,4;2,5;3,1,5;0,5
JLJLS|23,3639,12599,2871|;4;2;1,2,5,3;3,4
JLJLS|232,821480,3208,3483|1,4;1,3;2,5,0,5,3;2,5;3,4
JLJLT|2188,141,29,141|1,3;4;;1,5;4
JLJLZ|23,135,23,201|;1,5;;1,5,3;1,4
JLJLZ|232,821480,3208,201|1,4;1,3;2,5,0,5,3;2,5,2;1,4
JLJLZ|785,57,1913,201|2;1,2,5,3,5;4;1,3,5;1,4
JLJLZ|785,57,2185,201|2;1,2,5,3,5;1,3;;1,4
JLJOJ|46,51374,3259,955|1;3,1;2,5,0,5;0,5;1,2,5
JLJOJ|116,204,46,3310|4;1,3,5;3,5;1,5;2,0,5
JLJOJ|232,58088,13288,232|1,4;3,3;2,5;1,5;2,5,3
JLJOJ|232,70632,13288,232|1,4;2;1,5;1,5;2,5,3
JLJOJ|232,70632,39400,232|1,4;2;1,5,3;;2,5,3
JLJOJ|232,821480,3208,3310|1,4;1,3;2,5,0,5,3;0,5,1;2,0,5
JLJOJ|232,821480,51385,3001|1,4;1,3;2,5,0,5,3,2;0,5;1,2,5,4
JLJOJ|232,821480,52456,232|1,4;1,3;3,5,3;0,5;2,5,3
JLJOJ|785,51,139,955|2;1,2,5,2;1,3,5;0;1,2,5
JLJOJ|2188,204,46,3310|1,3;;3,5;1,5;2,0,5
JLJOL|23,8823,209783,887|;2;2,5;1,5;3,1,5
JLJOL|46,17646,71,887|1;1,2;2,5,0,5;0,5;3,1,5
JLJOL|116,204,989,3293|4;1,3,5;2,5,0;1,5;3,5
JLJOL|785,51,3191,887|2;1,2,5,2;1,2,5;0,5;3,1,5
JLJOL|785,57,71,887|2;1,2,5,3,5;1,2,5,4;0,5;3,1,5
JLJOL|785,57,2185,142|2;1,2,5,3,5;1,3;;4
JLJOL|2188,141,29,3293|1,3;4;;1;3,5
JLJOL|2188,204,989,3293|1,3;;2,5,0;1,5;3,5
JLJSJ|785,153,77,23|2;3,5,1,5;3,5;2;1,5,4
JLJSJ|1094,52422,3287,23|3;1,3,5;2,5,0,5;3;1,5,4
JLJSJ|2188,153,77,23|1,3;2;3,5;2;1,5,4
JLJSL|23,8823,209783,887|;2;2,5;1,2,5;3,1,5
JLJSL|785,57,2185,2491|2;1,2,5,3,5;1,3;3;1,3,5
JLJSL|785,153,3293,29|2;3,5,1,5;1,2,5;3;4,5
JLJSL|2188,153,3293,29|1,3;2;1,2,5;3;4,5
JLJTI|23,3639,12599,30583|;4;2;1,2,5,4;2,5
JLJTI|23,8823,209783,30583|;2;2,5;1,2,5;2,5
JLJTJ|232,36584,184,232|1,4;1;2,5;4;2,5,3
JLJTJ|232,70632,7144,232|1,4;2;1,5,4;1,5,4;2,5,3
JLJTJ|785,57,2185,139|2;1,2,5,3,5;1,3;4;4
JLJTL|23,3639,12599,887|;4;2;1,2,5,2;3,1,5
JLJTS|23,3639,12599,57|;4;2;3,1,5;4
JLJTT|23,135,23,141|;1,5;;1,5,3;4
JLJZJ|232,821480,51688,232|1,4;1,3;3,5,2,5;1,4;2,5,3
JLJZJ|232,821480,52456,232|1,4;1,3;3,5,3;3,5;2,5,3
JLJZJ|547,3755,955,139|2,4;3,5,1,5;2,5;1,5,2;4
JLJZJ|785,57,2185,139|2;1,2,5,3,5;1,3;4;4
JLJZL|23,135,23,887|;1,5;;;3,1,5
JLJZL|23,3639,12599,887|;4;2;1,5,3,5,2;3,1,5
JLLIJ|23,3639,1847,139|;4;4;2,5;4
JLLIJ|23,28951,1847,139|;3,3,5;1,3,5,3;2,5;4
JLLIJ|46,25710,488558,3310|1;3;4;3,5;2,0,5
JLLIJ|116,204,36556,2525|4;1,3,5;1;3,5;2,5
JLLIJ|116,70516,21876,3548|4;2;1,5,2;2,5;2,5,4
JLLIJ|116,281716,21876,3548|4;3,4;2,5;2,5;2,5,4
JLLIJ|232,36584,232,232|1,4;1;4;;2,5,3
JLLIJ|232,205544,43752,3001|1,4;2,4;3,5,1,5;3,5;1,2,5,4
JLLIJ|232,821480,43752,3001|1,4;1,3;3,5;3,5;1,2,5,4
JLLIJ|547,102,3310,3310|2,4;1,2,5;1,3,5;;2,0,5
JLLIJ|547,102,18278,3310|2,4;1,2,5;;2,5;2,0,5
JLLIJ|547,3755,929451,955|2,4;3,5,1,5;3,3;2,5;1,2,5
JLLIJ|785,153,955,955|2;3,5,1,5;3,5;;1,2,5
JLLIJ|785,1885,464733,2525|2;1,2,5;4;3,5;2,5
JLLIJ|785,463633,464733,2525|2;4;1,3,5,2,2;3,5;2,5
JLLIJ|1094,13926,3814,23|3;3,5;3,1,5;3,5;1,5,4
JLLIJ|1094,52422,3814,23|3;1,3,5;3,5;3,5;1,5,4
JLLIJ|2188,153,955,955|1,3;2;3,5;;1,2,5
JLLIJ|2188,204,36556,2525|1,3;;1;3,5;2,5
JLLIJ|2188,2990,1774,23|1,3;3;3,5;3,5;1,5,4
JLLIJ|3140,102,3310,3310|3,4;3,5;1,3,5;;2,0,5
JLLIJ|3140,102,18278,3310|3,4;3,5;;2,5;2,0,5
JLLIJ|3140,3415,887,139|3,4;2,5;3,5;3,5;4
JLLIL|23,12855,1895,142|;3;1,2,5;2,5;4
JLLIL|23,17623,1895,142|;2,1;3,5;2,5;4
JLLIL|46,17646,838894,3293|1;1,2;1,3,5;2,5;3,5
JLLIL|116,204,29,29|4;1,3,5;2,5;;4,5
JLLIL|116,204,3820,29|4;1,3,5;1,4;3,5;4,5
JLLIL|232,18408,52456,3545|1,4;;1,3,5;2,5;3,5,4
JLLIL|232,821480,52456,3545|1,4;1,3;2,5,3;2,5;3,5,4
JLLIL|547,102,1910,142|2,4;1,2,5;4;2,5;4
JLLIL|547,102,3310,29|2,4;1,2,5;1,3,5;3,5;4,5
JLLIL|547,102,57958,887|2,4;1,2,5;3,3;3,5;3,1,5
JLLIL|547,3755,585387,2491|2,4;3,5,1,5;1;2,5;1,3,5
JLLIL|785,51,1655,142|2;1,2,5,2;3,5;2,5;4
JLLIL|785,51,28979,2491|2;1,2,5,2;4;2,5;1,3,5
JLLIL|785,1885,3293,3293|2;1,2,5;1,3,5;;3,5
JLLIL|785,1885,292701,3293|2;1,2,5;;3,5;3,5
JLLIL|785,463633,28979,2491|2;4;1,3,5,2,2,2;2,5;1,3,5
JLLIL|1094,5494,1910,142|3;2,5;4,5;2,5;4
JLLIL|2188,204,29,29|1,3;;2,5;;4,5
JLLIL|2188,204,3820,29|1,3;;1,4;3,5;4,5
JLLIL|3140,102,1910,142|3,4;3,5;4;2,5;4
JLLIL|3140,102,3310,29|3,4;3,5;1,3,5;3,5;4,5
JLLIL|3140,102,57958,887|3,4;3,5;3,3;3,5;3,1,5
JLLIL|3140,3415,887,887|3,4;2,5;3,5;;3,1,5
JLLJI|23,8823,290423,30583|;2;1,2,5;2,0,5;2,5
JLLJI|46,17646,838894,61166|1;1,2;1,3,5;3,5;3,5
JLLJI|2188,2990,1774,61166|1,3;3;3,5;4;3,5
JLLJI|3140,3415,887,30583|3,4;2,5;3,5;4;2,5
JLLJO|23,201,46,51|;1,5,3;3,5,4;2,5;1,5
JLLJO|23,201,281,153|;1,5,3;2;1,5,4;
JLLJO|23,8823,46,51|;2;3,5,1,5;2,5;1,5
JLLJO|46,17646,838894,204|1;1,2;1,3,5;2,5,0,5;0,5
JLLJO|46,36398,46,51|1;1;4;2,5;1,5
JLLJO|116,70516,284,51|4;2;1,5,3,1,5;2,5,4;1,5
JLLJO|232,120,3208,153|1,4;4;1,3;2,5,0,5;
JLLJO|232,120,3208,204|1,4;4;1,3;3,5,3;0,5
JLLJO|232,18408,52456,204|1,4;;1,3,5;2,5,0,5,3;0,5
JLLJO|232,821480,3208,153|1,4;1,3;2,5,2,5;2,5,0,5;
JLLJO|232,821480,3208,204|1,4;1,3;2,5,2,5;3,5,3;0,5
JLLJO|232,821480,52456,204|1,4;1,3;2,5,3;2,5,0,5,3;0,5
JLLJO|785,463633,785,51|2;4;1,3,5,2;1,3,5,2;1,5
JLLJO|785,582417,785,51|2;1;4;1,3,5,2;1,5
JLLJO|1570,30498,3106,51|1,2;4;1,3,5;2,0,5;1,5
JLLJS|23,201,281,57|;1,5,3;2;1,5;4
JLLJS|23,201,3817,57|;1,5,3;1,4;2,5;4
JLLJS|23,3639,585271,2871|;4;1;2,5;3,4
JLLJS|116,70516,284,156|4;2;1,5,3,1,5;1,5,4;1,5,4
JLLJS|232,36584,232,57|1,4;1;4;2,5,3,2;4
JLLJS|785,463633,785,57|2;4;1,3,5,2;1,2,5,2;4
JLLJS|785,582417,785,57|2;1;4;1,2,5,2;4
JLLJT|2188,141,36493,141|1,3;4;4,1,4;2,5,3;4
JLLJZ|232,120,3208,201|1,4;4;1,3;3,5,2,5;1,4
JLLJZ|232,18408,52456,201|1,4;;1,3,5;2,5,0,5,3,2;1,4
JLLJZ|232,821480,3208,201|1,4;1,3;2,5,2,5;3,5,2,5;1,4
JLLJZ|232,821480,52456,201|1,4;1,3;2,5,3;2,5,0,5,3,2;1,4
JLLJZ|785,463633,785,2973|2;4;1,3,5,2;1,3,5;1,2,4
JLLJZ|785,582417,785,2973|2;1;4;1,3,5;1,2,4
JLLJZ|2188,141,36493,2973|1,3;4;4,1,4;2,5,3,2;1,2,4
JLLLI|46,17646,222958,61166|1;1,2;3,5;3,1,5;3,5
JLLLI|46,17646,838894,61166|1;1,2;1,3,5;3,5;3,5
JLLLI|46,205358,222958,61166|1;2,4;1,2,5;3,1,5;3,5
JLLLI|547,102,3310,61166|2,4;1,2,5;1,3,5;1,4;3,5
JLLLI|785,51,1655,30583|2;1,2,5,2;3,5;4;2,5
JLLLI|3140,102,3310,61166|3,4;3,5;1,3,5;1,4;3,5
JLLLO|23,135,71,204|;1,5;;1,3,5;0,5
JLLLO|23,201,281,51|;1,5,3;2;2,5;1,5
JLLLO|23,201,281,153|;1,5,3;2;1,5;
JLLLO|116,204,29,51|4;1,3,5;2,5;3,5;1,5
JLLLO|116,204,36556,204|4;1,3,5;1;4;0,5
JLLLO|116,29044,116,204|4;4;1,3,5,2;1,3,5;0,5
JLLLO|116,36468,116,204|4;1;4;1,3,5;0,5
JLLLO|232,120,3208,204|1,4;4;1,3;2,5,3;0,5
JLLLO|232,821480,3208,204|1,4;1,3;2,5,2,5;2,5,3;0,5
JLLLO|785,51,71,204|2;1,2,5,2;1,2,5;1,3,5;0,5
JLLLO|785,51,28979,51|2;1,2,5,2;4;1,3,5,2;1,5
JLLLO|785,51,36403,51|2;1,2,5,2;1;4;1,5
JLLLO|785,153,29081,153|2;3,5,1,5;2,5,2;1,3,5,2;
JLLLO|785,153,36505,153|2;3,5,1,5;1;4;
JLLLO|785,463633,785,51|2;4;1,3,5,2;1,2,5,2;1,5
JLLLO|785,463633,785,153|2;4;1,3,5,2;3,5,1,5;
JLLLO|785,463633,28979,51|2;4;1,3,5,2,2,2;1,3,5,2;1,5
JLLLO|785,463633,29081,153|2;4;1,3,5,2,2,2,2;1,3,5,2;
JLLLO|785,582417,785,51|2;1;4;1,2,5,2;1,5
JLLLO|785,582417,785,153|2;1;4;3,5,1,5;
JLLLO|2188,153,29081,153|1,3;2;2,5,2;1,3,5,2;
JLLLO|2188,153,36505,153|1,3;2;1;4;
JLLLO|2188,204,29,51|1,3;;2,5;3,5;1,5
JLLLO|2188,204,36556,204|1,3;;1;4;0,5
JLLLS|23,28951,51479,2871|;3,3,5;1,3,5,3,2;3,5,4,4;3,4
JLLLS|116,70516,284,156|4;2;1,5,3,1,5;1,5;1,5,4
JLLLS|232,120,3208,3483|1,4;4;1,3;2,5;3,4
JLLLS|232,821480,3208,3483|1,4;1,3;2,5,2,5;2,5;3,4
JLLLS|785,57,28985,57|2;1,2,5,3,5;4;1,3,5,2;4
JLLLS|785,57,36409,57|2;1,2,5,3,5;1;4;4
JLLLS|785,463633,785,57|2;4;1,3,5,2;1,2,5,3,5;4
JLLLS|785,463633,28985,57|2;4;1,3,5,2,2,3,5;1,3,5,2;4
JLLLS|785,582417,785,57|2;1;4;1,2,5,3,5;4
JLLLT|23,201,281,27|;1,5,3;2;4,5;1,5,4
JLLLT|116,204,29,141|4;1,3,5;2,5;1,5;4
JLLLT|2188,141,36493,141|1,3;4;4,1,4;4;4
JLLLT|2188,204,29,141|1,3;;2,5;1,5;4
JLLLZ|23,201,36553,201|;1,5,3;1;4;1,4
JLLLZ|232,120,3208,201|1,4;4;1,3;2,5,2;1,4
JLLLZ|232,821480,3208,201|1,4;1,3;2,5,2,5;2,5,2;1,4
JLLOJ|23,201,46,3310|;1,5,3;3,5,4;1,5;2,0,5
JLLOJ|23,201,281,23|;1,5,3;2;;1,5,4
JLLOJ|23,8823,46,3310|;2;3,5,1,5;1,5;2,0,5
JLLOJ|23,18199,52247,23|;;1,3,5;0,5;1,5,4
JLLOJ|46,17646,838894,3310|1;1,2;1,3,5;0,5;2,0,5
JLLOJ|46,36398,46,3310|1;1;4;1,5;2,0,5
JLLOJ|116,204,1006,3310|4;1,3,5;3,5;1,5;2,0,5
JLLOJ|116,70516,284,3548|4;2;1,5,3,1,5;1;2,5,4
JLLOJ|232,120,3208,3310|1,4;4;1,3;0,5,1;2,0,5
JLLOJ|232,18408,52456,232|1,4;;1,3,5;0,5;2,5,3
JLLOJ|232,70632,13288,232|1,4;2;4,5;1,5;2,5,3
JLLOJ|232,821480,3208,3310|1,4;1,3;2,5,2,5;0,5,1;2,0,5
JLLOJ|232,821480,52456,232|1,4;1,3;2,5,3;0,5;2,5,3
JLLOJ|785,51,3259,955|2;1,2,5,2;3,5,1;0,5;1,2,5
JLLOJ|2188,204,1006,3310|1,3;;3,5;1,5;2,0,5
JLLOL|23,135,71,887|;1,5;;0,5;3,1,5
JLLOL|116,204,29,3293|4;1,3,5;2,5;1;3,5
JLLOL|785,51,71,887|2;1,2,5,2;1,2,5;0,5;3,1,5
JLLOL|785,463633,785,887|2;4;1,3,5,2;1,5,0;3,1,5
JLLOL|785,582417,785,887|2;1;4;1,5,0;3,1,5
JLLOL|2188,204,29,3293|1,3;;2,5;1;3,5
JLLSJ|116,70516,284,23|4;2;1,5,3,1,5;1,5,4;1,5,4
JLLSJ|232,70632,891880,232|1,4;2;1,5,3,1;3,4;2,5,3
JLLSJ|232,821480,891880,232|1,4;1,3;2,5;3,4;2,5,3
JLLSJ|2188,141,77,23|1,3;4;;2;1,5,4
JLLSL|23,135,4535,887|;1,5;2;2,5;3,1,5
JLLSL|23,201,281,29|;1,5,3;2;1,5,4;4,5
JLLSL|785,1885,3293,29|2;1,2,5;1,3,5;3;4,5
JLLTI|46,17646,838894,61166|1;1,2;1,3,5;3,5;3,5
JLLTJ|23,135,4535,23|;1,5;2;1,5,4;1,5,4
JLLTL|23,201,281,29|;1,5,3;2;1,5,4;4,5
JLLTL|2188,141,4541,29|1,3;4;2;1,5,4;4,5
JLLZJ|23,201,281,2525|;1,5,3;2;3,5,1;2,5
JLLZJ|23,28951,51479,23|;3,3,5;1,3,5,3,2;1,4;1,5,4
JLLZJ|46,17646,838894,3310|1;1,2;1,3,5;3,5;2,0,5
JLLZJ|232,18408,52456,232|1,4;;1,3,5;3,5;2,5,3
JLLZJ|232,70632,37864,232|1,4;2;1,5;4;2,5,3
JLLZJ|232,821480,52456,232|1,4;1,3;2,5,3;3,5;2,5,3
JLLZJ|785,153,955,139|2;3,5,1,5;3,5;1,5,2;4
JLLZJ|2188,141,4541,2525|1,3;4;2;1,5,2;2,5
JLLZJ|2188,153,955,139|1,3;2;3,5;1,5,2;4
JLLZL|785,153,43,142|2;3,5,1,5;2,5;1,5,3;4
JLLZL|2188,141,58,142|1,3;4;3;1,5,3;4
JLLZL|2188,153,43,142|1,3;2;2,5;1,5,3;4
JLOII|116,204,52428,56797|4;1,3,5;1;2,5;3,5
JLOII|116,204,52428,61166|4;1,3,5;1;3,5;3,5
JLOII|547,102,26214,30583|2,4;1,2,5;;3,5;2,5
JLOII|785,51,13107,30583|2;1,2,5,2;0;2,5;2,5
JLOII|785,51,13107,48059|2;1,2,5,2;0;3,5;2,5
JLOII|2188,204,52428,56797|1,3;;1;2,5;3,5
JLOII|2188,204,52428,61166|1,3;;1;3,5;3,5
JLOII|3140,102,26214,30583|3,4;3,5;;3,5;2,5
JLOIO|116,281716,18292,204|4;3,4;0,5;2,5;0,5
JLOIS|23,201,57,57|;1,5,3;0,5;;4
JLOIS|23,18199,227095,57|;;0,5;2,5;4
JLOIZ|232,821480,847592,201|1,4;1,3;0,5,1;3,5;1,4
JLOIZ|785,57,201,201|2;1,2,5,3,5;1,5;;1,4
JLOJJ|46,51374,2990,3310|1;3,1;0,5;1,2,5;2,0,5
JLOJJ|116,204,52428,3310|4;1,3,5;1;3,5;2,0,5
JLOJJ|232,821480,847592,232|1,4;1,3;0,5,1;2,0,5;2,5,3
JLOJJ|785,51,13107,955|2;1,2,5,2;0;1,3,5;1,2,5
JLOJJ|785,57,13113,3001|2;1,2,5,3,5;0;1,3,5;1,2,5,4
JLOJJ|2188,204,52428,3310|1,3;;1;3,5;2,0,5
JLOJL|23,135,1767,887|;1,5;;2,5;3,1,5
JLOJL|23,201,52425,3545|;1,5,3;1;2,5,0,5;3,5,4
JLOJL|23,8823,61047,887|;2;1,5;2,5;3,1,5
JLOJL|116,204,52428,3293|4;1,3,5;1;2,5,0,5;3,5
JLOJL|785,51,13107,887|2;1,2,5,2;0;1,2,5;3,1,5
JLOJL|785,57,13113,887|2;1,2,5,3,5;0;1,2,5,4;3,1,5
JLOJL|2188,204,52428,3293|1,3;;1;2,5,0,5;3,5
JLOLJ|23,201,52425,3310|;1,5,3;1;3,5,4;2,0,5
JLOLJ|23,18199,227095,23|;;0,5;3,1,5;1,5,4
JLOLJ|46,17646,30702,3310|1;1,2;0,5;1,3,5;2,0,5
JLOLJ|116,204,52428,3310|4;1,3,5;1;3,5;2,0,5
JLOLJ|232,18408,227304,232|1,4;;0,5;3,1,5;2,5,3
JLOLJ|232,70632,7656,232|1,4;2;1,5;4,5;2,5,3
JLOLJ|785,51,13107,955|2;1,2,5,2;0;3,5,1,5;1,2,5
JLOLJ|785,57,13113,3001|2;1,2,5,3,5;0;3,5,1,5;1,2,5,4
JLOLJ|2188,204,52428,3310|1,3;;1;3,5;2,0,5
JLOLL|23,201,52425,3545|;1,5,3;1;2,5;3,5,4
JLOLL|116,204,52428,3293|4;1,3,5;1;2,5;3,5
JLOLL|232,120,13176,184|1,4;4;0;3,5,1,5;3,5,2
JLOLL|785,51,13107,887|2;1,2,5,2;0;1,2,5;3,1,5
JLOLL|2188,204,52428,3293|1,3;;1;2,5;3,5
JLOOI|46,205358,208622,61166|1;2,4;1,5;1,5;3,5
JLOOO|116,204,52428,204|4;1,3,5;1;0,5;0,5
JLOOO|785,51,13107,51|2;1,2,5,2;0;1,5;1,5
JLOOO|2188,204,52428,204|1,3;;1;0,5;0,5
JLOOS|785,57,201,57|2;1,2,5,3,5;1,5;0,5;4
JLOOS|785,57,13113,57|2;1,2,5,3,5;0;1,5;4
JLOOZ|23,201,57,201|;1,5,3;0,5;1,5;1,4
JLOOZ|23,201,52425,201|;1,5,3;1;0,5;1,4
JLOSO|785,57,13113,51|2;1,2,5,3,5;0;3,1,5,3;1,5
JLOST|785,57,201,27|2;1,2,5,3,5;1,5;2;1,5,4
JLOTJ|116,204,52428,3310|4;1,3,5;1;3,5;2,0,5
JLOTJ|785,51,13107,955|2;1,2,5,2;0;3,1,5;1,2,5
JLOTJ|785,57,13113,3001|2;1,2,5,3,5;0;3,1,5;1,2,5,4
JLOTJ|1094,52422,198,23|3;1,3,5;0,5;2,0,5;1,5,4
JLOTJ|2188,204,52428,3310|1,3;;1;3,5;2,0,5
JLOTL|23,201,52425,3545|;1,5,3;1;2,0,5;3,5,4
JLOTL|116,204,52428,3293|4;1,3,5;1;2,0,5;3,5
JLOTL|232,120,13176,184|1,4;4;0;3,1,5;3,5,2
JLOTL|785,51,13107,887|2;1,2,5,2;0;1,2,5;3,1,5
JLOTL|2188,204,52428,3293|1,3;;1;2,0,5;3,5
JLOZO|23,201,52425,204|;1,5,3;1;2,0,5,2;0,5
JLOZT|23,201,57,141|;1,5,3;0,5;1,5,3;4
JLOZT|2188,141,957,141|1,3;4;0;1,5,2;4
JLSII|23,25687,30583,30583|;4,2;1,2,4;;2,5
JLSII|46,51374,61166,61166|1;3,1;3,4;;3,5
JLSIT|23,201,27,27|;1,5,3;2;;1,5,4
JLSIT|23,17623,1399,141|;2,1;3,5;3,5;4
JLSIT|2188,141,27,27|1,3;4;2;;1,5,4
JLSIZ|232,36584,847592,201|1,4;1;1;3,5;1,4
JLSIZ|785,153,201,201|2;3,5,1,5;4;;1,4
JLSIZ|2188,153,201,201|1,3;2;4;;1,4
JLSJJ|232,36584,847592,232|1,4;1;1;2,0,5;2,5,3
JLSJJ|785,153,5049,23|2;3,5,1,5;3;1,5,2,5,4;1,5,4
JLSJJ|785,153,5049,3001|2;3,5,1,5;3;1,5,4;1,2,5,4
JLSJJ|2188,153,5049,23|1,3;2;3;1,5,2,5,4;1,5,4
JLSJJ|2188,153,5049,3001|1,3;2;3;1,5,4;1,2,5,4
JLSJL|23,8823,1767,887|;2;1,2,5;2,5;3,1,5
JLSJL|116,70516,340,887|4;2;1,5,2,5;2,5,4;3,1,5
JLSJL|785,153,5049,29|2;3,5,1,5;3;1,5,2,5,4,4;4,5
JLSJL|2188,153,5049,29|1,3;2;3;1,5,2,5,4,4;4,5
JLSLJ|23,201,27,139|;1,5,3;2;1,5;4
JLSLJ|116,70516,340,3548|4;2;1,5,2,5;1,5,3,5;2,5,4
JLSLJ|232,70632,227304,232|1,4;2;2,5;3,1,5;2,5,3
JLSLJ|2188,141,27,139|1,3;4;2;1,5;4
JLSLL|116,204,30,142|4;1,3,5;2;1,5;4
JLSLL|2188,204,30,142|1,3;;2;1,5;4
JLSLL|3140,3415,4951,29|3,4;2,5;3;1,5,3,1,5;4,5
JLSOS|785,153,201,57|2;3,5,1,5;4;0,5;4
JLSOS|2188,153,201,57|1,3;2;4;0,5;4
JLSST|785,153,201,27|2;3,5,1,5;4;2;1,5,4
JLSST|2188,153,201,27|1,3;2;4;2;1,5,4
JLSTI|23,17623,1399,30583|;2,1;3,5;4;2,5
JLSTJ|23,135,3303,23|;1,5;1;2,0,5;1,5,4
JLSTL|23,12855,54,142|;3;3,1,5;3,1,5;4
JLSTL|2188,141,3309,29|1,3;4;1;2,0,5;4,5
JLSZO|785,153,5049,153|2;3,5,1,5;3;1,5,2;
JLSZO|2188,153,5049,153|1,3;2;3;1,5,2;
JLSZT|23,201,27,141|;1,5,3;2;1,3;4
JLSZT|2188,141,27,141|1,3;4;2;1,3;4
JLTIJ|46,51374,10926,955|1;3,1;3,5;3,5;1,2,5
JLTIJ|785,51,139,139|2;1,2,5,2;3,1,5;;4
JLTIJ|1094,52422,3814,23|3;1,3,5;3,5;3,5;1,5,4
JLTIL|23,3639,4919,2491|;4;2;3,5;1,3,5
JLTIL|23,17623,1655,142|;2,1;3,5;2,5;4
JLTIL|116,204,29,29|4;1,3,5;2,0,5;;4,5
JLTIL|2188,204,29,29|1,3;;2,0,5;;4,5
JLTIO|46,36398,11822,51|1;1;;3,5;1,5
JLTIS|116,70516,6004,156|4;2;1,5,4;2,5;1,5,4
JLTIS|232,36584,12008,57|1,4;1;;3,5;4
JLTIT|46,51374,3758,27|1;3,1;2,0,5,3;3,5;1,5,4
JLTIT|2188,2990,3758,27|1,3;3;4;3,5;1,5,4
JLTIT|3140,3415,1879,141|3,4;2,5;4;2,5;4
JLTJI|23,8823,321143,30583|;2;1,2,5;2,0,5;2,5
JLTJI|46,51374,10926,61166|1;3,1;3,5;1,2,5;3,5
JLTJJ|232,70632,6120,232|1,4;2;1,5,4;1,5,4;2,5,3
JLTJL|232,821480,51944,184|1,4;1,3;3,5,3;2,0,5;3,5,2
JLTJO|116,204,46,51|4;1,3,5;3,5;2,5;1,5
JLTJO|785,51,139,204|2;1,2,5,2;3,1,5;3,4,5;0,5
JLTJO|2188,141,46,51|1,3;4;2;2,5;1,5
JLTJO|2188,204,46,51|1,3;;3,5;2,5;1,5
JLTJS|23,3639,4919,2871|;4;2;1,5,4;3,4
JLTJT|232,120,2248,141|1,4;4;1,3;2,5,0,3;4
JLTJT|785,51,139,27|2;1,2,5,2;3,1,5;;1,5,4
JLTLI|23,3639,4919,30583|;4;2;1,5,3,5;2,5
JLTLI|23,17623,1655,30583|;2,1;3,5;4;2,5
JLTLI|46,17646,161518,61166|1;1,2;3,5;3,1,5;3,5
JLTLJ|232,120,10104,232|1,4;4;;3,1,5;2,5,3
JLTLO|116,204,29,51|4;1,3,5;2,0,5;3,5;1,5
JLTLO|785,51,71,204|2;1,2,5,2;1,2,5;1,3,5;0,5
JLTLO|2188,204,29,51|1,3;;2,0,5;3,5;1,5
JLTLT|23,3639,4919,27|;4;2;1,5,3,5,1,5;1,5,4
JLTLT|116,204,29,141|4;1,3,5;2,0,5;1,5;4
JLTLT|2188,204,29,141|1,3;;2,0,5;1,5;4
JLTOJ|23,3639,4919,23|;4;2;1,5;1,5,4
JLTOJ|116,204,46,3310|4;1,3,5;3,5;1,5;2,0,5
JLTOJ|232,120,2248,139|1,4;4;1,3;0,5;4
JLTOJ|785,51,139,955|2;1,2,5,2;3,1,5;0;1,2,5
JLTOJ|785,57,36025,3001|2;1,2,5,3,5;3,1;0,5;1,2,5,4
JLTOJ|2188,141,46,3310|1,3;4;2;1,5;2,0,5
JLTOJ|2188,204,46,3310|1,3;;3,5;1,5;2,0,5
JLTOL|23,201,5081,3545|;1,5,3;2,0;1,5;3,5,4
JLTOL|116,204,29,3293|4;1,3,5;2,0,5;1;3,5
JLTOL|785,51,71,887|2;1,2,5,2;1,2,5;0,5;3,1,5
JLTOL|2188,204,29,3293|1,3;;2,0,5;1;3,5
JLTSJ|23,135,5015,23|;1,5;2;2,5,2;1,5,4
JLTSJ|23,3639,4919,23|;4;2;1,5,2,5;1,5,4
JLTSJ|116,70516,404,23|4;2;1,5,3,1,5;1,5,4;1,5,4
JLTSJ|232,120,2248,232|1,4;4;1,3;4;2,5,3
JLTSJ|232,821480,51640,232|1,4;1,3;3,5,2,5,2;3,4;2,5,3
JLTSJ|785,57,77,23|2;1,2,5,3,5;1,2,5;2;1,5,4
JLTSJ|785,153,77,23|2;3,5,1,5;1,3,5;2;1,5,4
JLTSJ|1094,52422,3287,23|3;1,3,5;2,0,5;3;1,5,4
JLTSJ|2188,153,77,23|1,3;2;1,3,5;2;1,5,4
JLTTJ|232,120,2248,232|1,4;4;1,3;4;2,5,3
JLTTJ|232,36584,7144,232|1,4;1;2;1,5,4;2,5,3
JLTTL|23,135,39,142|;1,5;;3,1,5;4
JLTTL|232,120,2248,142|1,4;4;1,3;2,0,5,3;4
JLTTO|232,120,2248,153|1,4;4;1,3;2,0,5;
JLTTT|23,3639,4919,27|;4;2;1,5,3,1,5;1,5,4
JLTZL|23,201,43,142|;1,5,3;3,5;1,5,3;4
JLTZL|23,12855,58,142|;3;3,1,5;1,5,3;4
JLTZL|232,120,2248,142|1,4;4;1,3;3,5,3;4
JLTZL|232,821480,51640,184|1,4;1,3;3,5,2,5,2;1,4;3,5,2
JLTZL|785,153,43,142|2;3,5,1,5;2,5;1,5,3;4
JLTZL|2188,141,43,142|1,3;4;3;1,5,3;4
JLTZL|2188,153,43,142|1,3;2;2,5;1,5,3;4
JLZII|1094,13926,26214,30583|3;3,5;4;3,5;2,5
JLZIS|116,70516,6004,156|4;2;1,5,4;2,5;1,5,4
JLZIS|785,153,57,57|2;3,5,1,5;4;;4
JLZIS|2188,153,57,57|1,3;2;4;;4
JLZIT|46,51374,3758,27|1;3,1;1,4;3,5;1,5,4
JLZIT|785,57,141,141|2;1,2,5,3,5;1,5,3;;4
JLZIT|2188,10988,585452,141|1,3;3,4;1,5,2;3,5;4
JLZJJ|232,70632,6120,232|1,4;2;1,5,4;1,5,4;2,5,3
JLZJJ|785,51,135,23|2;1,2,5,2;1,5,3;;1,5,4
JLZJJ|2188,2990,36014,139|1,3;3;1,2;2,0,5;4
JLZJL|785,57,141,29|2;1,2,5,3,5;1,5,3;;4,5
JLZLJ|46,17646,1662,3310|1;1,2;3,5;1,3,5;2,0,5
JLZLJ|232,120,13944,232|1,4;4;;3,1,5;2,5,3
JLZLJ|785,153,36057,139|2;3,5,1,5;3,4;3,5,4,4;4
JLZLJ|2188,141,36045,2525|1,3;4;3,4;2,5;2,5
JLZLJ|2188,153,36057,139|1,3;2;3,4;3,5,4,4;4
JLZLL|785,153,36057,142|2;3,5,1,5;3,4;3,5,4;4
JLZLL|785,153,36057,3545|2;3,5,1,5;3,4;4;3,5,4
JLZLL|2188,141,36045,142|1,3;4;3,4;3,5;4
JLZLL|2188,153,36057,142|1,3;2;3,4;3,5,4;4
JLZLL|2188,153,36057,3545|1,3;2;3,4;4;3,5,4
JLZOT|2188,141,36045,141|1,3;4;3,4;0,5;4
JLZOZ|785,153,57,201|2;3,5,1,5;4;1,5;1,4
JLZOZ|2188,153,57,201|1,3;2;4;1,5;1,4
JLZSO|785,153,36057,153|2;3,5,1,5;3,4;3;
JLZSO|2188,153,36057,153|1,3;2;3,4;3;
JLZST|785,57,141,27|2;1,2,5,3,5;1,5,3;2;1,5,4
JLZST|2188,141,36045,141|1,3;4;3,4;2,5;4
JLZTJ|1094,52422,3303,23|3;1,3,5;3,5;2,0,5;1,5,4
JLZTJ|2188,141,78,23|1,3;4;2;2,0,5;1,5,4
JLZTJ|2188,141,36045,2525|1,3;4;3,4;2,0,5;2,5
JLZTL|2188,141,36045,142|1,3;4;3,4;3,5;4
JLZZT|785,153,57,141|2;3,5,1,5;4;1,5,3;4
JLZZT|2188,153,57,141|1,3;2;4;1,5,3;4
JOIIJ|46,3310,3310,3310|1;1,5;;;2,0,5
JOIIJ|46,13102,292718,3310|1;0;2,5;3,5;2,0,5
JOIIJ|46,13102,572334,3310|1;0;3,5;2,5;2,0,5
JOIIJ|46,26158,1907,139|1;;3,5;2,5;4
JOIIJ|785,887,139,139|2;1,5,0;3,5;;4
JOIIJ|785,887,887,139|2;1,5,0;;3,5;4
JOIIJ|2188,139,139,139|1,3;0,5;;;4
JOIIL|23,1655,142,142|;;2,5;;4
JOIIL|23,1655,1655,142|;;;2,5;4
JOIIL|46,3310,29,29|1;1,5;3,5;;4,5
JOIIL|46,3310,3310,29|1;1,5;;3,5;4,5
JOIIL|116,26228,3820,29|4;;3,3,5,2,5;3,5;4,5
JOIIL|232,52456,3545,3545|1,4;1;2,5;;3,5,4
JOIIL|232,52456,52456,3545|1,4;1;;2,5;3,5,4
JOIIL|785,887,887,887|2;1,5,0;;;3,1,5
JOIIL|1094,1910,142,142|3;0,5;2,5;;4
JOIIL|1094,1910,1910,142|3;0,5;;2,5;4
JOIIL|2188,3820,29,29|1,3;;3,5;;4,5
JOIIL|2188,3820,3820,29|1,3;;;3,5;4,5
JOIJI|785,887,887,30583|2;1,5,0;;4;2,5
JOIJO|116,13172,3004,204|4;0;3,5;1,2,5;0,5
JOIJO|232,52456,52456,204|1,4;1;;2,5,0,5,3;0,5
JOIJO|547,46,46,51|2,4;1,5;;2,5;1,5
JOIJO|547,46,275,51|2,4;1,5;3;1,5;1,5
JOIJO|547,46,275,153|2,4;1,5;3;1,5,3;
JOIJO|785,887,139,204|2;1,5,0;3,5;3,4,5;0,5
JOIJO|785,209681,244633,153|2;0;3,5;1,2,5,4,5,4;
JOIJO|2188,139,139,204|1,3;0,5;;3,4,5;0,5
JOIJS|23,1655,142,57|;;2,5;2;4
JOIJS|1094,1910,142,57|3;0,5;2,5;2;4
JOIJT|547,46,275,27|2,4;1,5;3;1,5,4;1,5,4
JOIJT|785,887,139,27|2;1,5,0;3,5;;1,5,4
JOIJT|2188,139,139,27|1,3;0,5;;;1,5,4
JOIJZ|232,52456,52456,201|1,4;1;;2,5,0,5,3,2;1,4
JOILI|23,1655,1655,30583|;;;4;2,5
JOILI|46,3310,3310,61166|1;1,5;;1,4;3,5
JOILO|46,3310,29,51|1;1,5;3,5;3,5;1,5
JOILO|547,46,275,51|2,4;1,5;3;4,5;1,5
JOILO|2188,3820,29,51|1,3;;3,5;3,5;1,5
JOILS|232,52456,3545,57|1,4;1;2,5;3,5,4,4;4
JOILS|547,46,275,3483|2,4;1,5;3;1,5,3,1;3,4
JOILT|46,3310,29,141|1;1,5;3,5;1,5;4
JOILT|2188,3820,29,141|1,3;;3,5;1,5;4
JOILZ|232,26344,1913,201|1,4;;3,5;1,3,5;1,4
JOILZ|547,46,275,147|2,4;1,5;3;1,5;4
JOIOJ|232,13288,13288,232|1,4;0;;1,5;2,5,3
JOIOJ|232,52456,52456,232|1,4;1;;0,5;2,5,3
JOIOJ|547,46,46,3310|2,4;1,5;;1,5;2,0,5
JOIOJ|785,887,139,955|2;1,5,0;3,5;0;1,2,5
JOIOJ|2188,139,139,955|1,3;0,5;;0;1,2,5
JOIOL|46,3310,29,3293|1;1,5;3,5;1;3,5
JOIOL|547,46,275,29|2,4;1,5;3;1,5;4,5
JOIOL|785,989,989,3293|2;1,5;;1,5;3,5
JOIOL|2188,3820,29,3293|1,3;;3,5;1;3,5
JOIOL|3140,3191,3191,887|3,4;0,5;;0,5;3,1,5
JOISJ|23,1655,142,3310|;;2,5;1;2,0,5
JOISJ|23,3287,3287,23|;1;;3;1,5,4
JOISJ|1094,1910,142,3310|3;0,5;2,5;1;2,0,5
JOISL|547,46,275,887|2,4;1,5;3;2,5;3,1,5
JOITJ|547,46,275,23|2,4;1,5;3;1,5,4;1,5,4
JOITT|23,1655,142,27|;;2,5;2;1,5,4
JOITT|1094,1910,142,27|3;0,5;2,5;2;1,5,4
JOIZJ|232,52456,52456,232|1,4;1;;3,5;2,5,3
JOIZJ|547,46,275,23|2,4;1,5;3;1,5,4;1,5,4
JOJII|785,887,30583,30583|2;1,5,0;4;;2,5
JOJII|785,209681,13107,30583|2;0;1,3,5,2;2,5;2,5
JOJII|785,209681,13107,48059|2;0;1,3,5,2;3,5;2,5
JOJIO|46,3310,8942,51|1;1,5;3;3,5;1,5
JOJIO|232,52456,204,204|1,4;1;2,5,0,5,3;;0,5
JOJIO|547,46,51,51|2,4;1,5;2,5;;1,5
JOJIO|547,46,11822,51|2,4;1,5;1;3,5;1,5
JOJIO|547,46,35054,153|2,4;1,5;1,3;3,0,5;
JOJIO|2188,139,204,204|1,3;0,5;3,4,5;;0,5
JOJIS|23,1655,202615,57|;;2;3,5;4
JOJIS|232,52456,12008,57|1,4;1;3,5;3,5;4
JOJIT|547,46,3758,27|2,4;1,5;1,4;3,5;1,5,4
JOJIT|785,887,95095,27|2;1,5,0;;2,5;1,5,4
JOJIT|2188,139,27,27|1,3;0,5;;;1,5,4
JOJIZ|232,52456,201,201|1,4;1;2,5,0,5,3,2;;1,4
JOJJJ|46,3310,97518,3310|1;1,5;;1,5,4;2,0,5
JOJJJ|46,3310,953582,3310|1;1,5;1,4;2,5,3;2,0,5
JOJJJ|46,13102,48110,3310|1;0;1,3,5;1,2,5;2,0,5
JOJJJ|232,13288,35816,232|1,4;0;1,3,5;4;2,5,3
JOJJJ|547,46,51,139|2,4;1,5;2,5;1,3,5;4
JOJJJ|547,46,35054,139|2,4;1,5;1,3;2,5;4
JOJJJ|547,46,35054,3310|2,4;1,5;1,3;4;2,0,5
JOJJJ|785,989,35037,2525|2;1,5;1,3;;2,5
JOJJJ|785,209681,13107,955|2;0;1,3,5,2;1,3,5;1,2,5
JOJJJ|785,209681,13113,3001|2;0;1,2,5,2;1,3,5;1,2,5,4
JOJJJ|2188,139,59531,232|1,3;0,5;3,4,5,2;2,5,2,5;2,5,3
JOJJL|23,1655,61047,887|;;4;2,5;3,1,5
JOJJL|23,1655,202615,887|;;2;1,3,5,3;3,1,5
JOJJL|23,3287,1767,887|;1;2,5;2,5;3,1,5
JOJJL|785,887,95095,887|2;1,5,0;;1,5,4;3,1,5
JOJJL|785,989,35037,142|2;1,5;1,3;2,5;4
JOJJL|785,989,35037,3293|2;1,5;1,3;4;3,5
JOJJL|785,209681,13107,887|2;0;1,3,5,2;1,2,5;3,1,5
JOJJL|785,209681,13113,887|2;0;1,2,5,2;1,2,5,4;3,1,5
JOJLJ|46,13102,1902,3310|1;0;1,2,5;1,3,5;2,0,5
JOJLJ|232,26344,227304,232|1,4;;2,5;3,1,5;2,5,3
JOJLJ|547,46,1902,3310|2,4;1,5;4;1,3,5;2,0,5
JOJLJ|547,46,35054,3310|2,4;1,5;1,3;;2,0,5
JOJLJ|785,989,35037,139|2;1,5;1,3;3,5;4
JOJLJ|785,989,35037,2525|2;1,5;1,3;4;2,5
JOJLJ|785,209681,13107,955|2;0;1,3,5,2;3,5,1,5;1,2,5
JOJLJ|785,209681,13113,3001|2;0;1,2,5,2;3,5,1,5;1,2,5,4
JOJLJ|2188,139,27,139|1,3;0,5;;1,5;4
JOJLJ|2188,139,12699,955|1,3;0,5;2;3,5,1,3;1,2,5
JOJLL|232,52456,204,29|1,4;1;2,5,0,5,3;2,5;4,5
JOJLL|547,46,35054,142|2,4;1,5;1,3;4;4
JOJLL|785,989,30685,3293|2;1,5;4;1,3,5;3,5
JOJLL|785,989,35037,3293|2;1,5;1,3;;3,5
JOJLL|785,209681,13107,887|2;0;1,3,5,2;1,2,5;3,1,5
JOJLL|2188,139,204,29|1,3;0,5;3,4,5;2,5;4,5
JOJLL|3140,3191,204151,887|3,4;0,5;2,0;3,5,1,3;3,1,5
JOJOI|46,3310,8942,61166|1;1,5;3;1,5;3,5
JOJOI|547,46,35054,61166|2,4;1,5;1,3;;3,5
JOJOI|785,887,804727,30583|2;1,5,0;1,2;0,5;2,5
JOJOO|785,209681,13107,51|2;0;1,3,5,2;1,5;1,5
JOJOO|2188,3820,60,204|1,3;;2,5;1,5;0,5
JOJOS|232,52456,201,57|1,4;1;2,5,0,5,3,2;0,5;4
JOJOS|785,209681,13113,57|2;0;1,2,5,2;1,5;4
JOJOS|2188,139,12699,3483|1,3;0,5;2;1,5;3,4
JOJOZ|785,209681,211869,2973|2;0;1,3,5;1,5;1,2,4
JOJSI|23,1655,202615,30583|;;2;4;2,5
JOJSO|785,209681,13113,51|2;0;1,2,5,2;3,1,5,3;1,5
JOJSO|2188,139,12699,51|1,3;0,5;2;1,2,5,4;1,5
JOJST|232,52456,201,27|1,4;1;2,5,0,5,3,2;2;1,5,4
JOJTI|23,1655,202615,30583|;;2;3,1,5,2;2,5
JOJTJ|547,46,51,139|2,4;1,5;2,5;3,1,5;4
JOJTJ|785,209681,13107,955|2;0;1,3,5,2;3,1,5;1,2,5
JOJTJ|785,209681,13113,3001|2;0;1,2,5,2;3,1,5;1,2,5,4
JOJTL|232,52456,204,29|1,4;1;2,5,0,5,3;2,0,5;4,5
JOJTL|785,209681,13107,887|2;0;1,3,5,2;1,2,5;3,1,5
JOJTL|2188,139,204,29|1,3;0,5;3,4,5;2,0,5;4,5
JOJTT|785,989,35037,141|2;1,5;1,3;4;4
JOJZI|3140,3191,204151,30583|3,4;0,5;2,0;1,5,2,4;2,5
JOJZO|785,209681,211869,51|2;0;1,3,5;1,5,2,5,4;1,5
JOJZT|2188,139,27,141|1,3;0,5;;1,3;4
JOJZZ|785,209681,211869,2973|2;0;1,3,5;1,5,2,5;1,2,4
JOLII|23,1655,30583,30583|;;4;;2,5
JOLII|46,3310,61166,61166|1;1,5;1,4;;3,5
JOLII|785,209681,13107,30583|2;0;1,2,5,2;2,5;2,5
JOLII|785,209681,13107,48059|2;0;1,2,5,2;3,5;2,5
JOLIO|116,13172,18292,204|4;0;1,2,5;2,5;0,5
JOLIO|547,46,57902,51|2,4;1,5;1,2,2,5;3,5;1,5
JOLIO|785,887,17527,204|2;1,5,0;1,2;3,4,1,5;0,5
JOLIO|3140,3191,4471,153|3,4;0,5;2;2,1,5;
JOLIS|547,46,51374,3483|2,4;1,5;3,1;2,5;3,4
JOLIT|46,3310,584942,141|1;1,5;1;3,5;4
JOLIT|2188,3820,585452,141|1,3;;1;3,5;4
JOLIZ|232,26344,847592,201|1,4;;1,3,5;3,5;1,4
JOLIZ|547,46,36398,147|2,4;1,5;1;3,5;4
JOLJJ|46,13102,2990,3310|1;0;3,5,1,5;1,2,5;2,0,5
JOLJJ|232,26344,847592,232|1,4;;1,3,5;2,0,5;2,5,3
JOLJJ|785,209681,13107,955|2;0;1,2,5,2;1,3,5;1,2,5
JOLJJ|785,209681,13113,3001|2;0;1,2,5,3,5;1,3,5;1,2,5,4
JOLJJ|2188,139,3755,955|1,3;0,5;4,1;2,5;1,2,5
JOLJJ|2188,139,4539,955|1,3;0,5;2;1,5;1,2,5
JOLJJ|2188,139,36491,139|1,3;0,5;4,1,4;2,5,3;4
JOLJJ|3140,3191,4471,23|3,4;0,5;2;1,5,4;1,5,4
JOLJL|785,989,822237,3293|2;1,5;3,1;2,5,0,2;3,5
JOLJL|785,209681,13107,887|2;0;1,2,5,2;1,2,5;3,1,5
JOLJL|785,209681,13113,887|2;0;1,2,5,3,5;1,2,5,4;3,1,5
JOLJL|2188,139,4539,29|1,3;0,5;2;1,5,2,5;4,5
JOLJL|2188,139,4539,2491|1,3;0,5;2;1,5,4;1,3,5
JOLJL|2188,139,36491,142|1,3;0,5;4,1,4;2,5,2;4
JOLJL|3140,3191,4471,887|3,4;0,5;2;1,5;3,1,5
JOLJL|3140,3191,61047,887|3,4;0,5;1,4;2,5;3,1,5
JOLLJ|23,3287,4567,23|;1;2;4,5;1,5,4
JOLLJ|46,3310,584942,3310|1;1,5;1;4;2,0,5
JOLLJ|46,13102,30702,3310|1;0;1,2,5;1,3,5;2,0,5
JOLLJ|232,52456,7656,232|1,4;1;2,5;4,5;2,5,3
JOLLJ|785,209681,13107,955|2;0;1,2,5,2;3,5,1,5;1,2,5
JOLLJ|785,209681,13113,3001|2;0;1,2,5,3,5;3,5,1,5;1,2,5,4
JOLLJ|2188,139,4539,23|1,3;0,5;2;1,5,3,5;1,5,4
JOLLJ|2188,139,4539,955|1,3;0,5;2;4,5;1,2,5
JOLLJ|2188,139,36491,139|1,3;0,5;4,1,4;4;4
JOLLL|785,887,463735,887|2;1,5,0;4;1,3,5,2;3,1,5
JOLLL|785,887,582519,887|2;1,5,0;1;4;3,1,5
JOLLL|785,209681,13107,887|2;0;1,2,5,2;1,2,5;3,1,5
JOLLL|2188,139,4539,2491|1,3;0,5;2;1,5;1,3,5
JOLLL|3140,3191,4471,29|3,4;0,5;2;1,5,3,5;4,5
JOLLL|3140,3191,4471,887|3,4;0,5;2;4,5;3,1,5
JOLOI|46,3310,208622,61166|1;1,5;3;1,5;3,5
JOLOI|785,887,17527,30583|2;1,5,0;1,2;0,5;2,5
JOLOI|3140,3191,4471,30583|3,4;0,5;2;;2,5
JOLOO|116,13172,60,204|4;0;3,5,1,5;1,5;0,5
JOLOO|785,209681,13107,51|2;0;1,2,5,2;1,5;1,5
JOLOO|785,209681,13209,153|2;0;3,5,1,5;1,5;
JOLOS|785,209681,13113,57|2;0;1,2,5,3,5;1,5;4
JOLSI|547,46,51374,61166|2,4;1,5;3,1;3,4;3,5
JOLSO|785,209681,13113,51|2;0;1,2,5,3,5;3,1,5,3;1,5
JOLSS|785,209681,13209,57|2;0;3,5,1,5;3,1,5,3;4
JOLTJ|23,1655,3303,23|;;1,3,5;2,0,5;1,5,4
JOLTJ|785,209681,13107,955|2;0;1,2,5,2;3,1,5;1,2,5
JOLTJ|785,209681,13113,3001|2;0;1,2,5,3,5;3,1,5;1,2,5,4
JOLTJ|1094,1910,198,23|3;0,5;1,3,5;2,0,5;1,5,4
JOLTL|23,3287,4567,887|;1;2;1,5,2;3,1,5
JOLTL|785,209681,13107,887|2;0;1,2,5,2;1,2,5;3,1,5
JOLTT|2188,139,4539,27|1,3;0,5;2;1,5,4;1,5,4
JOOIJ|232,13288,232,232|1,4;0;1,5;;2,5,3
JOOIJ|232,52456,232,232|1,4;1;0,5;;2,5,3
JOOIJ|547,46,3310,3310|2,4;1,5;1,5;;2,0,5
JOOIJ|785,887,209783,955|2;1,5,0;0;3,5;1,2,5
JOOIJ|785,209681,209783,955|2;0;1,5,0;3,5;1,2,5
JOOIJ|2188,139,955,955|1,3;0,5;0;;1,2,5
JOOIJ|3140,3191,887,139|3,4;0,5;0,5;3,5;4
JOOIL|46,3310,838894,3293|1;1,5;1;2,5;3,5
JOOIL|547,46,3310,29|2,4;1,5;1,5;3,5;4,5
JOOIL|785,989,3293,3293|2;1,5;1,5;;3,5
JOOIL|2188,3820,839404,3293|1,3;;1;2,5;3,5
JOOIL|3140,3191,887,887|3,4;0,5;0,5;;3,1,5
JOOJI|46,3310,838894,61166|1;1,5;1;3,5;3,5
JOOJI|785,887,209783,30583|2;1,5,0;0;1,2,5;2,5
JOOJI|785,209681,209783,30583|2;0;1,5,0;1,2,5;2,5
JOOJI|3140,3191,887,30583|3,4;0,5;0,5;4;2,5
JOOJO|46,3310,838894,204|1;1,5;1;2,5,0,5;0,5
JOOJO|2188,3820,839404,204|1,3;;1;2,5,0,5;0,5
JOOJS|232,13288,232,57|1,4;0;1,5;2,5,3,2;4
JOOJS|232,52456,232,57|1,4;1;0,5;2,5,3,2;4
JOOLI|46,3310,838894,61166|1;1,5;1;3,5;3,5
JOOLI|547,46,3310,61166|2,4;1,5;1,5;1,4;3,5
JOOLI|785,887,209783,30583|2;1,5,0;0;1,2,5;2,5
JOOLI|785,209681,209783,30583|2;0;1,5,0;1,2,5;2,5
JOOLO|116,13172,116,204|4;0;1,5;1,3,5;0,5
JOOLO|116,52340,116,204|4;1;0,5;1,3,5;0,5
JOOLO|785,887,209783,51|2;1,5,0;0;3,5,1,5;1,5
JOOLO|785,209681,209783,51|2;0;1,5,0;3,5,1,5;1,5
JOOOJ|46,3310,1006,3310|1;1,5;0,5;1,5;2,0,5
JOOOJ|46,3310,838894,3310|1;1,5;1;0,5;2,0,5
JOOOJ|46,13102,1006,3310|1;0;1,5;1,5;2,0,5
JOOOL|785,887,3191,887|2;1,5,0;1,5;0,5;3,1,5
JOOOL|785,887,209783,887|2;1,5,0;0;1,5;3,1,5
JOOOL|785,209681,209783,887|2;0;1,5,0;1,5;3,1,5
JOOSL|785,887,209783,887|2;1,5,0;0;1,2,5;3,1,5
JOOSL|785,989,3293,29|2;1,5;1,5;3;4,5
JOOSL|785,209681,209783,887|2;0;1,5,0;1,2,5;3,1,5
JOOTI|46,3310,838894,61166|1;1,5;1;3,5;3,5
JOOTI|785,887,209783,30583|2;1,5,0;0;1,2,5;2,5
JOOTI|785,209681,209783,30583|2;0;1,5,0;1,2,5;2,5
JOOZJ|46,3310,838894,3310|1;1,5;1;3,5;2,0,5
JOOZJ|2188,139,955,139|1,3;0,5;0;1,5,2;4
JOSIJ|23,3287,23,23|;1;3;;1,5,4
JOSIJ|46,3310,1774,23|1;1,5;;3,5;1,5,4
JOSIL|547,46,9838,887|2,4;1,5;2;3,5;3,1,5
JOSIL|3140,3191,1655,142|3,4;0,5;;2,5;4
JOSJI|23,1655,812663,30583|;;1;2,0,5;2,5
JOSJI|46,3310,1774,61166|1;1,5;;4;3,5
JOSJO|2188,139,46,51|1,3;0,5;2;2,5;1,5
JOSLI|547,46,9838,61166|2,4;1,5;2;3,1,5;3,5
JOSLI|3140,3191,1655,30583|3,4;0,5;;4;2,5
JOSLO|116,13172,116,204|4;0;1,2,5;1,3,5;0,5
JOSLO|785,887,71,204|2;1,5,0;1,2,5;1,3,5;0,5
JOSLZ|23,3287,23,201|;1;3;1,5,3;1,4
JOSOJ|2188,139,46,3310|1,3;0,5;2;1,5;2,0,5
JOSOL|785,887,71,887|2;1,5,0;1,2,5;0,5;3,1,5
JOSTT|23,3287,23,141|;1;3;1,5,3;4
JOSTT|2188,139,3307,27|1,3;0,5;1;2,0,5;1,5,4
JOSZL|23,3287,23,887|;1;3;;3,1,5
JOTIJ|547,46,3694,23|2,4;1,5;4;3,5;1,5,4
JOTIO|116,13172,18292,204|4;0;1,2,5;2,5;0,5
JOTIS|232,52456,12008,57|1,4;1;3,5;3,5;4
JOTIT|23,1655,79735,27|;;2;3,5;1,5,4
JOTJI|23,1655,321143,30583|;;1;2,0,5;2,5
JOTJI|46,3310,32494,61166|1;1,5;4;4;3,5
JOTJJ|46,13102,2990,3310|1;0;3,1,5;1,2,5;2,0,5
JOTJJ|232,13288,35816,232|1,4;0;3,1,5;4;2,5,3
JOTJJ|547,46,36014,139|2,4;1,5;3,1;2,0,5;4
JOTJJ|785,887,135,23|2;1,5,0;3,1,5;;1,5,4
JOTJL|2188,139,5019,29|1,3;0,5;2;1,5,2,5;4,5
JOTLI|785,887,59255,30583|2;1,5,0;4;4;2,5
JOTLJ|23,1655,79735,23|;;2;1,5,3,1,5;1,5,4
JOTLJ|46,13102,1902,3310|1;0;1,2,5;1,3,5;2,0,5
JOTLJ|232,52456,216,232|1,4;1;2,0,5;4;2,5,3
JOTLL|46,3310,30,142|1;1,5;2,0,5;1,5;4
JOTOI|46,3310,147182,61166|1;1,5;3;1,5;3,5
JOTOI|785,887,313207,30583|2;1,5,0;1,2;0,5;2,5
JOTOS|2188,139,5019,3483|1,3;0,5;2;1,5;3,4
JOTST|2188,139,5019,27|1,3;0,5;2;2,5,2;1,5,4
JOTTI|23,1655,79735,30583|;;2;1,5,4;2,5
JOTTJ|2188,139,78,23|1,3;0,5;3;2,0,5;1,5,4
JOTTJ|2188,139,5019,23|1,3;0,5;2;1,5,2,5,4;1,5,4
JOTTL|23,3287,39,142|;1;3,5;3,1,5;4
JOTZI|23,1655,79735,30583|;;2;4;2,5
JOTZL|2188,139,43,142|1,3;0,5;;1,5,3;4
JOZIJ|232,52456,232,232|1,4;1;3,5;;2,5,3
JOZIJ|547,46,1774,23|2,4;1,5;4;3,5;1,5,4
JOZIJ|785,209681,210803,955|2;0;1,5,2,5,0;3,5;1,2,5
JOZIL|785,887,1655,142|2;1,5,0;4;2,5;4
JOZJI|547,46,1774,61166|2,4;1,5;4;4;3,5
JOZJI|3140,3191,290423,30583|3,4;0,5;2;2,0,5;2,5
JOZJO|46,3310,46,51|1;1,5;3,5;2,5;1,5
JOZJS|232,52456,232,57|1,4;1;3,5;2,5,3,2;4
JOZLI|785,887,1655,30583|2;1,5,0;4;4;2,5
JOZLO|785,209681,210803,51|2;0;1,5,2,5,0;3,5,1,5;1,5
JOZOJ|46,3310,46,3310|1;1,5;3,5;1,5;2,0,5
JOZOJ|2188,139,36043,139|1,3;0,5;3,4;0,5;4
JOZSL|23,3287,224471,887|;1;;1,2,5,4;3,1,5
JSIIJ|46,9838,887,139|1;2;3,5;3,5;4
JSIIJ|547,157219,227123,955|2,4;2;2,5;2,5;1,2,5
JSIIJ|3140,1604,5973,2525|3,4;;3,5;2,5;2,5
JSIIJ|3140,1604,36556,2525|3,4;;3,5,3,2,5;3,5;2,5
JSIIL|23,4919,2491,2491|;3;3,5;;1,3,5
JSIIL|23,4919,4919,2491|;3;;3,5;1,3,5
JSIIL|46,9838,887,887|1;2;3,5;;3,1,5
JSIIL|46,9838,9838,887|1;2;;3,5;3,1,5
JSIIL|116,1220,5589,887|4;1,2;2,5;3,5;3,1,5
JSIIL|116,1220,9958,887|4;1,2;3,5;3,5;3,1,5
JSIIL|1094,26438,3790,29|3;;2,5;3,5;4,5
JSIIL|2188,142,142,142|1,3;4;;;4
JSIJI|46,9838,887,30583|1;2;3,5;4;2,5
JSIJO|2188,142,281,153|1,3;4;3;1,5,4;
JSIJS|23,4919,4919,2871|;3;;1,5,4;3,4
JSIJS|2188,142,142,57|1,3;4;;2;4
JSIJS|2188,142,281,57|1,3;4;3;1,5;4
JSIJT|547,1771,4475,27|2,4;3,1,5;3;1,5,4;1,5,4
JSILI|23,4919,4919,30583|;3;;1,5,3,5;2,5
JSILI|46,9838,9838,61166|1;2;;3,1,5;3,5
JSILO|547,157219,227123,51|2,4;2;2,5;3,1,5;1,5
JSILO|2188,142,281,51|1,3;4;3;2,5;1,5
JSILO|2188,142,281,153|1,3;4;3;1,5;
JSILO|3140,1604,36556,204|3,4;;3,5,3,2,5;4;0,5
JSILS|547,1771,4475,3483|2,4;3,1,5;3;1,5,3;3,4
JSILT|23,4919,4919,27|;3;;1,5,3,5,1,5;1,5,4
JSILT|2188,142,281,27|1,3;4;3;4,5;1,5,4
JSIOJ|23,4919,4919,23|;3;;1,5;1,5,4
JSIOJ|2188,142,281,23|1,3;4;3;;1,5,4
JSIOL|23,3191,3191,887|;4;;0,5;3,1,5
JSIOL|2188,11980,989,3293|1,3;2,4,4;3,5;1,5;3,5
JSISJ|23,77,77,23|;1,5,3;;2;1,5,4
JSISJ|23,4919,4919,23|;3;;1,5,2,5;1,5,4
JSISJ|1094,5990,2542,3310|3;3;2,5;4;2,0,5
JSISJ|2188,142,142,3310|1,3;4;;1;2,0,5
JSISL|2188,142,281,29|1,3;4;3;1,5,4;4,5
JSITL|2188,142,281,29|1,3;4;3;1,5,4;4,5
JSITT|23,4919,4919,27|;3;;1,5,3,1,5;1,5,4
JSITT|2188,142,142,27|1,3;4;;2;1,5,4
JSIZJ|23,4919,2491,955|;3;3,5;4;1,2,5
JSIZJ|2188,142,281,2525|1,3;4;3;3,5,1;2,5
JSJII|46,9838,484974,61166|1;2;4;3,5;3,5
JSJIO|2188,142,59534,153|1,3;4;3,4,2,5;3,5;
JSJIS|23,4919,2871,2871|;3;1,5,4;;3,4
JSJIS|2188,142,57,57|1,3;4;2;;4
JSJIS|2188,142,11918,57|1,3;4;3,2;3,5;4
JSJIT|547,1771,61163,27|2,4;3,1,5;4;2,5;1,5,4
JSJIZ|1094,812102,30022,3534|3;3,4,1,5,3;2,0,5;2,5;2,4
JSJJJ|232,50920,120,232|1,4;1;2,0,5;4;2,5,3
JSJJL|23,77,102,887|;1,5,3;2,5;2,5;3,1,5
JSJJL|116,1220,1767,887|4;1,2;3,5;2,5;3,1,5
JSJJL|1094,5990,102,887|3;3;1,5,4;2,5;3,1,5
JSJLJ|23,77,102,3310|;1,5,3;2,5;1,3,5;2,0,5
JSJLJ|1094,5990,102,3310|3;3;1,5,4;1,3,5;2,0,5
JSJLL|23,3191,204151,887|;4;2,0;3,5,1,3;3,1,5
JSJLL|785,2009,96217,3545|2;4,5,2;;1,5,3,5;3,5,4
JSJLL|2188,142,30,142|1,3;4;;1,5;4
JSJOO|2188,11980,13260,204|1,3;2,4,4;2,5;1,5;0,5
JSJOZ|2188,142,57,201|1,3;4;2;1,5;1,4
JSJTI|23,4919,55159,30583|;3;1,5,2,5;4;2,5
JSJTJ|547,1771,891,139|2,4;3,1,5;2,5;3,1,5;4
JSJZI|23,3191,204151,30583|;4;2,0;1,5,2,4;2,5
JSJZI|2188,142,25262,61166|1,3;4;4,3;3,4;3,5
JSJZT|2188,142,57,141|1,3;4;2;1,5,3;4
JSLII|23,4919,30583,30583|;3;1,5,3,5;;2,5
JSLII|46,9838,61166,61166|1;2;3,1,5;;3,5
JSLIO|23,3191,4471,153|;4;2;2,1,5;
JSLIO|547,157219,978467,51|2,4;2;3,1,5;2,5;1,5
JSLIO|2188,142,8942,51|1,3;4;2,1;3,5;1,5
JSLIO|2188,142,36494,153|1,3;4;3,2;3,5;
JSLIO|3140,1604,30532,204|3,4;;4;2,5;0,5
JSLIS|547,1771,823019,3483|2,4;3,1,5;1,3;2,5;3,4
JSLIT|23,4919,27,27|;3;1,5,3,5,1,5;;1,5,4
JSLIT|23,4919,1399,141|;3;1,5,2,5;3,5;4
JSLIT|2188,142,3758,27|1,3;4;3,3;3,5;1,5,4
JSLJJ|23,77,51405,2525|;1,5,3;1,3;2,5,0,5;2,5
JSLJJ|23,77,51405,3310|;1,5,3;1,3;3,5,4;2,0,5
JSLJJ|23,3191,4471,23|;4;2;1,5,4;1,5,4
JSLJL|23,77,4477,29|;1,5,3;2;1,5,4;4,5
JSLJL|23,3191,4471,887|;4;2;1,5;3,1,5
JSLJL|23,3191,61047,887|;4;1,4;2,5;3,1,5
JSLJL|785,2009,51417,3545|2;4,5,2;1,3;2,5,0,3;3,5,4
JSLJL|2188,142,36494,142|1,3;4;3,2;2,5,3;4
JSLLJ|23,4919,27,139|;3;1,5,3,5,1,5;1,5;4
JSLLL|23,77,1885,3293|;1,5,3;4;1,3,5;3,5
JSLLL|23,77,51405,3293|;1,5,3;1,3;2,5,2;3,5
JSLLL|23,3191,4471,29|;4;2;1,5,3,5;4,5
JSLLL|23,3191,4471,887|;4;2;4,5;3,1,5
JSLLL|116,1220,1495,887|4;1,2;2,5;3,5;3,1,5
JSLLL|2188,142,36494,142|1,3;4;3,2;4;4
JSLOI|23,3191,4471,30583|;4;2;;2,5
JSLOI|2188,142,8942,61166|1,3;4;2,1;1,5;3,5
JSLSZ|23,77,51405,201|;1,5,3;1,3;2,5;1,4
JSLTI|23,4919,1399,30583|;3;1,5,2,5;4;2,5
JSLTJ|23,77,4477,2525|;1,5,3;2;1,5,3;2,5
JSLTJ|2188,142,78,23|1,3;4;;2,0,5;1,5,4
JSLTL|23,77,54,142|;1,5,3;3,5;3,1,5;4
JSLTZ|785,2009,51417,201|2;4,5,2;1,3;3,5,3;1,4
JSLZT|23,4919,27,141|;3;1,5,3,5,1,5;1,3;4
JSOIJ|23,3191,887,139|;4;0,5;3,5;4
JSOIJ|23,4919,23,23|;3;1,5;;1,5,4
JSOIJ|2188,142,1774,23|1,3;4;;3,5;1,5,4
JSOIL|23,3191,887,887|;4;0,5;;3,1,5
JSOIL|2188,11980,847564,3293|1,3;2,4,4;1,5;3,5;3,5
JSOJI|23,3191,887,30583|;4;0,5;4;2,5
JSOJI|2188,142,1774,61166|1,3;4;;4;3,5
JSOJO|2188,11980,847564,204|1,3;2,4,4;1,5;2,0,5;0,5
JSOLO|116,1220,71,204|4;1,2;0,5;1,3,5;0,5
JSOLZ|23,4919,23,201|;3;1,5;1,5,3;1,4
JSOOL|116,1220,71,887|4;1,2;0,5;0,5;3,1,5
JSOSJ|785,983,3287,23|2;4,5;1,5;3;1,5,4
JSOTT|23,77,893,141|;1,5,3;0,5;3,1,5;4
JSOTT|23,4919,23,141|;3;1,5;1,5,3;4
JSOZL|23,4919,23,887|;3;1,5;;3,1,5
JSOZL|2188,142,958,142|1,3;4;0;1,5,2;4
JSSIJ|23,77,23,23|;1,5,3;2;;1,5,4
JSSIJ|23,4919,23,23|;3;1,5,2,5;;1,5,4
JSSIJ|2188,142,3310,3310|1,3;4;1;;2,0,5
JSSIL|23,3191,1655,142|;4;;2,5;4
JSSIL|2188,142,3310,29|1,3;4;1;3,5;4,5
JSSIL|3140,1604,1910,142|3,4;;1,2,4;2,5;4
JSSJO|2188,2494,46,51|1,3;2;2,5;2,5;1,5
JSSLI|23,3191,1655,30583|;4;;4;2,5
JSSLI|2188,142,3310,61166|1,3;4;1;1,4;3,5
JSSLZ|23,77,23,201|;1,5,3;2;1,5,3;1,4
JSSLZ|23,4919,23,201|;3;1,5,2,5;1,5,3;1,4
JSSOJ|2188,2494,46,3310|1,3;2;2,5;1,5;2,0,5
JSSTT|23,77,23,141|;1,5,3;2;1,5,3;4
JSSTT|23,4919,23,141|;3;1,5,2,5;1,5,3;4
JSSZL|23,77,23,887|;1,5,3;2;;3,1,5
JSSZL|23,4919,23,887|;3;1,5,2,5;;3,1,5
JSTIJ|23,4919,1847,139|;3;1,5,4;2,5;4
JSTIJ|1094,5990,18278,3310|3;3;1,5;2,5;2,0,5
JSTIL|2188,142,3790,29|1,3;4;4,1;3,5;4,5
JSTIL|3140,3446,1910,142|3,4;2,5;4;2,5;4
JSTIS|116,50804,6004,156|4;1;2,0,5;2,5;1,5,4
JSTIT|23,4919,27,27|;3;1,5,3,1,5;;1,5,4
JSTIT|23,4919,1399,141|;3;1,5,2,5;3,5;4
JSTIT|2188,142,27,27|1,3;4;2;;1,5,4
JSTJJ|232,50920,6120,232|1,4;1;2,0,5;1,5,4;2,5,3
JSTJJ|547,1771,577259,139|2,4;3,1,5;1,3;2,0,5;4
JSTJL|116,1220,102,887|4;1,2;3,5;2,5;3,1,5
JSTJO|2188,142,46,51|1,3;4;;2,5;1,5
JSTLJ|23,77,36045,2525|;1,5,3;1,3;2,5;2,5
JSTLJ|23,4919,27,139|;3;1,5,3,1,5;1,5;4
JSTLJ|116,1220,102,3310|4;1,2;3,5;1,3,5;2,0,5
JSTLJ|785,2009,36057,139|2;4,5,2;1,3;3,5,4,4;4
JSTLJ|2188,142,27,139|1,3;4;2;1,5;4
JSTLL|23,77,36045,142|;1,5,3;1,3;3,5;4
JSTLL|116,1220,85,887|4;1,2;2,0,5;3,5;3,1,5
JSTLL|116,1220,85,3293|4;1,2;2,0,5;1,3,5;3,5
JSTLL|785,2009,36057,142|2;4,5,2;1,3;3,5,4;4
JSTLL|785,2009,36057,3545|2;4,5,2;1,3;4;3,5,4
JSTOJ|2188,142,46,3310|1,3;4;;1,5;2,0,5
JSTOT|23,77,36045,141|;1,5,3;1,3;0,5;4
JSTSO|785,2009,36057,153|2;4,5,2;1,3;3;
JSTST|23,77,36045,141|;1,5,3;1,3;2,5;4
JSTTI|23,4919,1399,30583|;3;1,5,2,5;4;2,5
JSTTJ|23,77,4957,2525|;1,5,3;2,0;1,5,3,1,5;2,5
JSTTJ|23,77,36045,2525|;1,5,3;1,3;2,0,5;2,5
JSTTJ|2188,2494,78,23|1,3;2;1,3,5;2,0,5;1,5,4
JSTTL|23,77,39,142|;1,5,3;3,5;3,1,5;4
JSTTL|23,77,36045,142|;1,5,3;1,3;3,5;4
JSTZT|23,4919,27,141|;3;1,5,3,1,5;1,3;4
JSTZT|2188,142,27,141|1,3;4;2;1,3;4
JSZIJ|23,4919,1847,139|;3;4;2,5;4
JSZIJ|23,4919,226103,955|;3;;2,5;1,2,5
JSZIJ|46,25390,3694,23|1;;3,4;3,5;1,5,4
JSZIJ|2188,142,36046,2525|1,3;4;4,3,1;2,5;2,5
JSZIJ|3140,3446,18038,3310|3,4;2,5;2;3,3,5,3,5;2,0,5
JSZJI|23,3191,290423,30583|;4;2;2,0,5;2,5
JSZJI|2188,142,36046,61166|1,3;4;4,3,1;2,5;3,5
JSZJT|2188,142,36046,141|1,3;4;4,3,1;2,5,0,5;4
JSZLS|23,4919,226103,2871|;3;;3,1,5;3,4
JSZLZ|2188,142,36046,3534|1,3;4;4,3,1;4;2,4
JSZOJ|2188,142,1006,3310|1,3;4;;1,5;2,0,5
JSZOL|2188,142,36046,142|1,3;4;4,3,1;0,5;4
JSZSL|23,77,13901,887|;1,5,3;;1,2,5,4;3,1,5
JSZTT|2188,142,36046,141|1,3;4;4,3,1;2,0,5;4
JSZZL|23,4919,2423,887|;3;1,5,2;4;3,1,5
JSZZL|23,4919,226103,887|;3;;1,5,2;3,1,5
JSZZL|2188,142,43,142|1,3;4;2;1,5,3;4
JSZZL|2188,142,36046,142|1,3;4;4,3,1;3,5;4
JSZZL|2188,2494,958,142|1,3;2;4;1,5,2;4
JTIII|46,143918,423534,61166|1;2,2,5,2;2,5;3,5;3,5
JTIII|46,143918,703150,61166|1;2,2,5,2;3,5;2,5;3,5
JTIIJ|23,1847,139,139|;4;2,5;;4
JTIIJ|23,1847,1847,139|;4;;2,5;4
JTIIJ|46,3694,23,23|1;4;3,5;;1,5,4
JTIIJ|46,3694,3694,23|1;4;;3,5;1,5,4
JTIIJ|1570,161314,11946,955|1,2;;2,5;3,5;1,2,5
JTIIL|46,10030,35502,2491|1;;3,5;3,5;1,3,5
JTIIL|46,29230,35502,2491|1;2,2,5;3,5;3,5;1,3,5
JTIIL|547,58915,5939,2491|2,4;4;2,5;2,5;1,3,5
JTIIL|1094,30278,3790,29|3;4;2,5;3,5;4,5
JTIIL|1094,320582,17751,3293|3;1;3,5;2,5;3,5
JTIIL|2188,142,142,142|1,3;4;;;4
JTIIO|547,1767,4471,153|2,4;1,2,5;3;2,1,5;
JTIIT|23,141,141,141|;1,5,3;;;4
JTIIT|46,18030,1399,141|1;3;3,5;3,5;4
JTIIT|785,1909,141,141|2;1,2,5,4;2,5;;4
JTIIT|785,1909,1909,141|2;1,2,5,4;;2,5;4
JTIIT|1094,1399,141,141|3;2,0,5;3,5;;4
JTIIT|1094,1399,1399,141|3;2,0,5;;3,5;4
JTIIT|1094,10086,2798,27|3;3,5;2,5;3,5;1,5,4
JTIIT|2188,2798,27,27|1,3;2;3,5;;1,5,4
JTIIT|2188,2798,2798,27|1,3;2;;3,5;1,5,4
JTIJJ|23,9783,2795,955|;2;3,3,5,2,5;2,5;1,2,5
JTIJJ|46,36014,36014,139|1;3,1;;2,0,5;4
JTIJJ|116,2244,6613,23|4;1,3;2,5;2,5;1,5,4
JTIJJ|116,78196,7068,3548|4;2;3,5;1,5,2,5;2,5,4
JTIJJ|547,1767,4471,23|2,4;1,2,5;3;1,5,4;1,5,4
JTIJJ|547,2795,2795,955|2,4;3,1,5;;2,5;1,2,5
JTIJJ|547,2795,4539,955|2,4;3,1,5;3;1,5;1,2,5
JTIJJ|2188,2750,2750,3310|1,3;3;;1,2,5;2,0,5
JTIJL|23,141,141,29|;1,5,3;;;4,5
JTIJL|232,312,312,184|1,4;2;;1,5,4;3,5,2
JTIJL|547,1767,1767,887|2,4;1,2,5;;2,5;3,1,5
JTIJL|547,1767,4471,887|2,4;1,2,5;3;1,5;3,1,5
JTIJL|547,2795,4539,29|2,4;3,1,5;3;1,5,2,5;4,5
JTIJL|547,2795,4539,2491|2,4;3,1,5;3;1,5,4;1,3,5
JTIJL|785,1909,141,29|2;1,2,5,4;2,5;;4,5
JTIJL|1094,1399,141,29|3;2,0,5;3,5;;4,5
JTIJL|2188,2493,2493,3293|1,3;2,0;;1,2,5;3,5
JTIJO|23,71,2188,204|;1,5;3;4;0,5
JTIJO|23,1847,139,204|;4;2,5;3,4,5;0,5
JTIJO|547,58915,5939,51|2,4;4;2,5;1,5,4;1,5
JTIJO|2188,142,281,153|1,3;4;3;1,5,4;
JTIJS|23,71,2188,156|;1,5;3;;1,5,4
JTIJS|2188,142,142,57|1,3;4;;2;4
JTIJS|2188,142,281,57|1,3;4;3;1,5;4
JTIJT|23,1847,139,27|;4;2,5;;1,5,4
JTIJT|785,53,35005,141|2;1,2,5,2;3;4;4
JTIJZ|23,71,2188,2973|;1,5;3;2,0;1,2,4
JTILI|46,10030,35502,61166|1;;3,5;3,5;3,5
JTILI|46,29230,35502,61166|1;2,2,5;3,5;3,5;3,5
JTILI|1094,320582,17751,30583|3;1;3,5;3,5;2,5
JTILJ|46,36014,2523,955|1;3,1;2,5;3,5;1,2,5
JTILJ|232,312,312,23|1,4;2;;1,5,3,5,2;1,5,4
JTILJ|232,575720,36249,139|1,4;1,3;2,5;3,5,4,5;4
JTILJ|232,575720,36249,3001|1,4;1,3;2,5;3,5;1,2,5,4
JTILJ|547,2795,4539,23|2,4;3,1,5;3;1,5,3,5;1,5,4
JTILJ|547,2795,4539,955|2,4;3,1,5;3;4,5;1,2,5
JTILJ|2188,2798,27,139|1,3;2;3,5;1,5;4
JTILL|46,4926,564158,142|1;2;3,5;3,1,5;4
JTILL|46,19566,1495,887|1;1,2;2,5;3,5;3,1,5
JTILL|547,1767,4471,29|2,4;1,2,5;3;1,5,3,5;4,5
JTILL|547,1767,4471,887|2,4;1,2,5;3;4,5;3,1,5
JTILL|547,2795,4539,2491|2,4;3,1,5;3;1,5;1,3,5
JTILO|23,71,71,204|;1,5;;1,3,5;0,5
JTILO|23,71,2188,153|;1,5;3;2;
JTILO|23,71,2188,204|;1,5;3;;0,5
JTILO|2188,142,281,51|1,3;4;3;2,5;1,5
JTILO|2188,142,281,153|1,3;4;3;1,5;
JTILT|23,71,2188,141|;1,5;3;4;4
JTILT|2188,142,281,27|1,3;4;3;4,5;1,5,4
JTILZ|46,3694,23,201|1;4;3,5;1,5,3;1,4
JTIOI|547,1767,4471,30583|2,4;1,2,5;3;;2,5
JTIOJ|23,71,2188,139|;1,5;3;0,5;4
JTIOJ|23,1847,139,955|;4;2,5;0;1,2,5
JTIOJ|2188,142,281,23|1,3;4;3;;1,5,4
JTIOL|23,71,71,887|;1,5;;0,5;3,1,5
JTISJ|2188,142,142,3310|1,3;4;;1;2,0,5
JTISL|23,71,2188,142|;1,5;3;4;4
JTISL|2188,142,281,29|1,3;4;3;1,5,4;4,5
JTIST|23,141,141,27|;1,5,3;;2;1,5,4
JTIST|232,575720,36249,141|1,4;1,3;2,5;3,4;4
JTIST|785,1909,141,27|2;1,2,5,4;2,5;2;1,5,4
JTIST|1094,1399,141,27|3;2,0,5;3,5;2;1,5,4
JTITI|46,18030,1399,30583|1;3;3,5;4;2,5
JTITI|1094,1399,1399,30583|3;2,0,5;;4;2,5
JTITI|1094,10086,2798,61166|3;3,5;2,5;4;3,5
JTITI|2188,2798,2798,61166|1,3;2;;4;3,5
JTITL|23,71,2188,142|;1,5;3;4;4
JTITL|23,18007,3309,29|;3,1;3,3,5,3,5;2,0,5;4,5
JTITL|2188,142,281,29|1,3;4;3;1,5,4;4,5
JTITL|2188,172,4541,29|1,3;;3;1,5,4;4,5
JTITO|232,575720,36249,153|1,4;1,3;2,5;4;
JTITO|1570,577058,36147,51|1,2;1,3;2,5;4;1,5
JTITS|116,78196,7068,156|4;2;3,5;1,5,4;1,5,4
JTITT|46,3694,23,141|1;4;3,5;1,5,3;4
JTITT|547,2795,4539,27|2,4;3,1,5;3;1,5,4;1,5,4
JTITT|785,53,53,141|2;1,2,5,2;;3,1,5;4
JTITT|2188,142,142,27|1,3;4;;2;1,5,4
JTIZJ|23,71,2188,3310|;1,5;3;2;2,0,5
JTIZJ|2188,142,281,2525|1,3;4;3;3,5,1;2,5
JTIZJ|2188,172,4541,2525|1,3;;3;1,5,2;2,5
JTIZL|46,3694,23,887|1;4;3,5;;3,1,5
JTIZS|232,312,312,156|1,4;2;;1,5,3;1,5,4
JTIZT|2188,2798,27,141|1,3;2;3,5;1,3;4
JTJIJ|23,9783,210743,955|;2;2,5;3,5;1,2,5
JTJIJ|46,36014,139,139|1;3,1;2,0,5;;4
JTJIJ|46,36014,10926,955|1;3,1;3;3,5;1,2,5
JTJIJ|116,2244,3814,23|4;1,3;2,5;3,5;1,5,4
JTJIJ|547,1767,887,139|2,4;1,2,5;2,5;3,5;4
JTJIJ|547,1767,61159,23|2,4;1,2,5;4;2,5;1,5,4
JTJIJ|547,2795,955,955|2,4;3,1,5;2,5;;1,2,5
JTJIJ|547,2795,191211,955|2,4;3,1,5;1;2,5;1,2,5
JTJIJ|2188,2750,3310,3310|1,3;3;1,2,5;;2,0,5
JTJIL|23,141,29,29|;1,5,3;;;4,5
JTJIL|46,18030,30590,142|1;3;2,0,5;3,5;4
JTJIL|46,19566,9838,887|1;1,2;3,5;3,5;3,1,5
JTJIL|46,143918,9838,887|1;2,2,5,2;1,2,5;3,5;3,1,5
JTJIL|232,312,184,184|1,4;2;1,5,4;;3,5,2
JTJIL|547,1767,887,887|2,4;1,2,5;2,5;;3,1,5
JTJIL|547,1767,190183,887|2,4;1,2,5;1;2,5;3,1,5
JTJIL|547,2795,953067,2491|2,4;3,1,5;3,3;2,5;1,3,5
JTJIL|785,1909,96117,29|2;1,2,5,4;;2,5;4,5
JTJIL|1094,1399,95607,29|3;2,0,5;;2,5;4,5
JTJIL|2188,2493,3293,3293|1,3;2,0;1,2,5;;3,5
JTJIL|2188,2750,3310,29|1,3;3;1,2,5;3,5;4,5
JTJIO|23,71,29767,204|;1,5;3,3,5;2,5;0,5
JTJIO|46,29230,57902,51|1;2,2,5;4;3,5;1,5
JTJIO|2188,142,59534,153|1,3;4;3,4,2,5;3,5;
JTJIS|23,71,5959,156|;1,5;;2,5;1,5,4
JTJIS|232,29416,58088,57|1,4;4;4;3,5;4
JTJIS|2188,142,57,57|1,3;4;2;;4
JTJIS|2188,142,11918,57|1,3;4;3,2;3,5;4
JTJIT|23,1847,96055,27|;4;;2,5;1,5,4
JTJIT|785,53,1909,141|2;1,2,5,2;4;2,5;4
JTJIZ|23,71,12631,2973|;1,5;2,0;3,5;1,2,4
JTJIZ|23,3671,12631,2973|;1,5,4;2;3,5;1,2,4
JTJIZ|1094,320582,30022,3534|3;1;2,0,5;2,5;2,4
JTJJI|46,36014,10926,61166|1;3,1;3;1,2,5;3,5
JTJJI|46,143918,178926,61166|1;2,2,5,2;1,3,5;1,2,5;3,5
JTJJI|547,1767,887,30583|2,4;1,2,5;2,5;4;2,5
JTJJI|2188,2798,32494,61166|1,3;2;4;4;3,5
JTJJI|2188,2798,953070,61166|1,3;2;3,3;2,5,2;3,5
JTJJJ|232,20200,120,232|1,4;1;2,0,5;4;2,5,3
JTJJO|46,36014,139,204|1;3,1;2,0,5;3,4,5;0,5
JTJJO|232,312,184,204|1,4;2;1,5,4;1,2,5;0,5
JTJJT|46,36014,139,27|1;3,1;2,0,5;;1,5,4
JTJJT|232,575720,2248,141|1,4;1,3;2,5,0,5,3;2,5,0,3;4
JTJLI|23,9015,59255,30583|;3;1,2,5;4;2,5
JTJLI|46,19566,9838,61166|1;1,2;3,5;3,1,5;3,5
JTJLI|46,143918,9838,61166|1;2,2,5,2;1,2,5;3,1,5;3,5
JTJLI|2188,2750,3310,61166|1,3;3;1,2,5;1,4;3,5
JTJLL|2188,142,30,142|1,3;4;;1,5;4
JTJLO|23,141,29,51|;1,5,3;;3,5;1,5
JTJLO|46,19566,71,204|1;1,2;2,5,0,5;1,3,5;0,5
JTJLT|23,141,29,141|;1,5,3;;1,5;4
JTJLT|232,312,2200,141|1,4;2;1,5,3;3,5,1,2;4
JTJOJ|46,36014,139,955|1;3,1;2,0,5;0;1,2,5
JTJOJ|232,312,568,232|1,4;2;1,5;1,5;2,5,3
JTJOJ|232,575720,2248,139|1,4;1,3;2,5,0,5,3;0,5;4
JTJOJ|232,575720,36025,3001|1,4;1,3;2,5,0,5,3,2;0,5;1,2,5,4
JTJOL|23,141,29,3293|;1,5,3;;1;3,5
JTJOL|46,19566,71,887|1;1,2;2,5,0,5;0,5;3,1,5
JTJOL|232,312,2200,142|1,4;2;1,5,3;;4
JTJOZ|2188,142,57,201|1,3;4;2;1,5;1,4
JTJSJ|232,312,2200,139|1,4;2;1,5,3;1,4;4
JTJSJ|232,575720,2248,232|1,4;1,3;2,5,0,5,3;4;2,5,3
JTJSL|2188,2493,3293,29|1,3;2,0;1,2,5;3;4,5
JTJTJ|232,312,184,232|1,4;2;1,5,4;4;2,5,3
JTJTJ|232,312,2200,139|1,4;2;1,5,3;3,1,5,2;4
JTJTJ|232,575720,2248,232|1,4;1,3;2,5,0,5,3;4;2,5,3
JTJTL|46,3694,894,142|1;4;2,5;3,1,5;4
JTJTL|232,312,2200,184|1,4;2;1,5,3;4;3,5,2
JTJTL|232,575720,2248,142|1,4;1,3;2,5,0,5,3;2,0,5,3;4
JTJTO|232,312,2200,204|1,4;2;1,5,3;3,1,5;0,5
JTJTO|232,575720,2248,153|1,4;1,3;2,5,0,5,3;2,0,5;
JTJTS|23,9783,210743,2871|;2;2,5;3,1,5;3,4
JTJTS|116,78196,308,156|4;2;1,5,3,5,3;1,5,3,1,5;1,5,4
JTJZI|23,71,12631,30583|;1,5;2,0;1,5,2,4;2,5
JTJZI|23,3671,12631,30583|;1,5,4;2;1,5,2,4;2,5
JTJZI|2188,142,25262,61166|1,3;4;4,3;3,4;3,5
JTJZJ|547,2795,955,139|2,4;3,1,5;2,5;1,5,2;4
JTJZL|232,312,2200,184|1,4;2;1,5,3;4;3,5,2
JTJZL|232,575720,2248,142|1,4;1,3;2,5,0,5,3;3,5,3;4
JTJZL|2188,2798,958,142|1,3;2;2,5;1,5,2;4
JTJZT|2188,142,57,141|1,3;4;2;1,5,3;4
JTJZT|2188,172,957,141|1,3;;2,5;1,5,2;4
JTLIJ|23,19543,5463,2525|;2,1;2,5;2,5;2,5
JTLIJ|46,143918,10926,955|1;2,2,5,2;3,5,1,5;3,5;1,2,5
JTLIJ|232,312,23,23|1,4;2;1,5,3,5,2;;1,5,4
JTLIJ|547,2795,928491,955|2,4;3,1,5;3,4,2;2,5;1,2,5
JTLIJ|1094,10086,3814,23|3;3,5;3,1,5;3,5;1,5,4
JTLIJ|2188,2750,1774,23|1,3;3;3,5;3,5;1,5,4
JTLIJ|2188,2798,584430,139|1,3;2;1;3,5;4
JTLIL|23,9015,1655,142|;3;1,2,5;2,5;4
JTLIL|46,4926,30590,142|1;2;1,5,3,5;3,5;4
JTLIL|547,1767,927463,887|2,4;1,2,5;3,3;2,5;3,1,5
JTLIL|547,2795,584427,2491|2,4;3,1,5;1;2,5;1,3,5
JTLIL|3140,3702,1910,142|3,4;3,5;4;2,5;4
JTLIO|23,71,204,204|;1,5;1,3,5;;0,5
JTLIO|23,71,4471,153|;1,5;2;2,1,5;
JTLIO|23,71,18247,204|;1,5;;2,5;0,5
JTLIO|116,58484,29812,204|4;1,4;4;2,5;0,5
JTLIO|785,59153,30481,153|2;4;4;2,5;
JTLIO|1570,161314,60962,51|1,2;;3,1,5;3,5;1,5
JTLIO|2188,142,8942,51|1,3;4;2,1;3,5;1,5
JTLIO|2188,142,36494,153|1,3;4;3,2;3,5;
JTLIT|23,71,1879,141|;1,5;4;2,5;4
JTLIT|23,3671,1879,141|;1,5,4;4;2,5;4
JTLIT|46,10030,3758,27|1;;3,1,5;3,5;1,5,4
JTLIT|2188,142,3758,27|1,3;4;3,3;3,5;1,5,4
JTLJI|23,19543,5463,30583|;2,1;2,5;2,5;2,5
JTLJI|46,143918,10926,61166|1;2,2,5,2;3,5,1,5;1,2,5;3,5
JTLJI|2188,2750,1774,61166|1,3;3;3,5;4;3,5
JTLJJ|23,71,4471,23|;1,5;2;1,5,4;1,5,4
JTLJL|23,71,3687,887|;1,5;1,4;2,5;3,1,5
JTLJL|23,71,4471,887|;1,5;2;1,5;3,1,5
JTLJL|232,10216,51944,184|1,4;;3,1,5;2,0,5;3,5,2
JTLJL|232,29416,51944,184|1,4;4;1,3,5;2,0,5;3,5,2
JTLJL|2188,142,36494,142|1,3;4;3,2;2,5,3;4
JTLJT|23,141,36493,141|;1,5,3;4,1,4;2,5,3;4
JTLJT|232,575720,2248,141|1,4;1,3;2,5,2;2,5,0,3;4
JTLJZ|23,141,36493,2973|;1,5,3;4,1,4;2,5,3,2;1,2,4
JTLLI|23,9015,1655,30583|;3;1,2,5;4;2,5
JTLLI|46,143918,161518,61166|1;2,2,5,2;1,2,5;3,1,5;3,5
JTLLI|1094,1399,59255,30583|3;2,0,5;4;4;2,5
JTLLI|1094,1399,464247,30583|3;2,0,5;2,2;1,3,5,3;2,5
JTLLJ|46,3694,1902,3310|1;4;4;1,3,5;2,0,5
JTLLL|23,71,204,29|;1,5;1,3,5;2,5;4,5
JTLLL|23,71,4471,29|;1,5;2;1,5,3,5;4,5
JTLLL|23,71,4471,887|;1,5;2;4,5;3,1,5
JTLLL|2188,142,36494,142|1,3;4;3,2;4;4
JTLLO|232,312,1916,204|1,4;2;1,5,3,5;1,3,5;0,5
JTLLT|23,141,36493,141|;1,5,3;4,1,4;4;4
JTLLZ|232,312,23,201|1,4;2;1,5,3,5,2;1,5,3;1,4
JTLOI|23,71,4471,30583|;1,5;2;;2,5
JTLOI|2188,142,8942,61166|1,3;4;2,1;1,5;3,5
JTLOJ|116,78196,5084,3548|4;2;1,5,3,5,1,5;1,5;2,5,4
JTLOJ|232,575720,2248,139|1,4;1,3;2,5,2;0,5;4
JTLSJ|23,141,77,23|;1,5,3;;2;1,5,4
JTLSJ|232,575720,2248,232|1,4;1,3;2,5,2;4;2,5,3
JTLSJ|785,1909,197,23|2;1,2,5,4;1,3,5;2;1,5,4
JTLSJ|1094,1399,3287,23|3;2,0,5;1,3,5;3;1,5,4
JTLSL|232,312,2104,142|1,4;2;1,5;4;4
JTLTJ|232,575720,2248,232|1,4;1,3;2,5,2;4;2,5,3
JTLTJ|2188,142,78,23|1,3;4;;2,0,5;1,5,4
JTLTL|23,71,204,29|;1,5;1,3,5;2,0,5;4,5
JTLTL|23,141,4541,29|;1,5,3;2;1,5,4;4,5
JTLTL|23,10007,39,142|;;3,1,5,2;3,1,5;4
JTLTL|232,575720,2248,142|1,4;1,3;2,5,2;2,0,5,3;4
JTLTO|232,312,2104,204|1,4;2;1,5;3,4;0,5
JTLTO|232,575720,2248,153|1,4;1,3;2,5,2;2,0,5;
JTLTT|232,312,23,141|1,4;2;1,5,3,5,2;1,5,3;4
JTLZJ|23,141,4541,2525|;1,5,3;2;1,5,2;2,5
JTLZJ|232,312,2104,232|1,4;2;1,5;4;2,5,3
JTLZL|23,141,58,142|;1,5,3;3;1,5,3;4
JTLZL|23,9015,43,142|;3;3,5,1,5;1,5,3;4
JTLZL|232,312,23,887|1,4;2;1,5,3,5,2;;3,1,5
JTLZL|232,575720,2248,142|1,4;1,3;2,5,2;3,5,3;4
JTLZL|232,575720,55528,184|1,4;1,3;4;2,4;3,5,2
JTOII|547,1767,419559,30583|2,4;1,2,5;;2,5;2,5
JTOIJ|23,71,887,139|;1,5;0,5;3,5;4
JTOIJ|23,1847,210743,955|;4;0;3,5;1,2,5
JTOIJ|2188,142,1774,23|1,3;4;;3,5;1,5,4
JTOIL|23,71,887,887|;1,5;0,5;;3,1,5
JTOIO|116,312436,18292,204|4;3,4;0,5;2,5;0,5
JTOIS|232,144104,12008,57|1,4;4,2;1,5;3,5;4
JTOIT|23,19543,1879,141|;2,1;0,5;2,5;4
JTOJI|23,71,887,30583|;1,5;0,5;4;2,5
JTOJI|2188,142,1774,61166|1,3;4;;4;3,5
JTOJJ|46,36014,2990,3310|1;3,1;0,5;1,2,5;2,0,5
JTOJJ|116,2244,135,23|4;1,3;0,5;;1,5,4
JTOJJ|232,575720,35816,232|1,4;1,3;0,5;4;2,5,3
JTOLJ|46,19566,1902,3310|1;1,2;0,5;1,3,5;2,0,5
JTOLJ|232,312,216,232|1,4;2;1,5;4;2,5,3
JTOLL|46,4926,30,142|1;2;1,5;1,5;4
JTOOI|46,143918,147182,61166|1;2,2,5,2;1,5;1,5;3,5
JTOSJ|785,53,197,23|2;1,2,5,2;1,5;2;1,5,4
JTOTL|23,9015,39,142|;3;1,5;3,1,5;4
JTOTS|23,1847,210743,2871|;4;0;3,1,5;3,4
JTOZL|2188,142,958,142|1,3;4;0;1,5,2;4
JTOZT|23,141,957,141|;1,5,3;0;1,5,2;4
JTSII|46,18030,423534,61166|1;3;;3,5;3,5
JTSIJ|1094,320582,18278,3310|3;1;3;2,5;2,0,5
JTSIJ|2188,142,3310,3310|1,3;4;1;;2,0,5
JTSIL|23,71,1655,142|;1,5;;2,5;4
JTSIL|2188,142,3310,29|1,3;4;1;3,5;4,5
JTSIO|232,575720,59624,153|1,4;1,3;4;3,5;
JTSIO|1570,577058,60962,51|1,2;1,3;4;3,5;1,5
JTSIS|116,78196,6004,156|4;2;2,5,2;2,5;1,5,4
JTSIT|23,141,27,27|;1,5,3;2;;1,5,4
JTSIT|23,19543,1399,141|;2,1;3,5;3,5;4
JTSIT|46,36014,3758,27|1;3,1;4;3,5;1,5,4
JTSIT|1094,1399,79735,27|3;2,0,5;3;3,5;1,5,4
JTSJJ|232,575720,59624,232|1,4;1,3;4;2,5,3;2,5,3
JTSJL|2188,2493,80829,29|1,3;2,0;3;1,5,2,5;4,5
JTSLI|23,71,1655,30583|;1,5;;4;2,5
JTSLI|2188,142,3310,61166|1,3;4;1;1,4;3,5
JTSLJ|23,141,27,139|;1,5,3;2;1,5;4
JTSLJ|232,312,10104,232|1,4;2;2,5;3,1,5;2,5,3
JTSLJ|1094,1399,79735,23|3;2,0,5;3;1,5,3,1,5;1,5,4
JTSLL|232,312,30,142|1,4;2;2,5,2;1,5;4
JTSLL|3140,3445,4981,29|3,4;2,0,5;3;1,5,3,1,5;4,5
JTSSJ|785,53,77,23|2;1,2,5,2;3,1,5;2;1,5,4
JTSTI|23,19543,1399,30583|;2,1;3,5;4;2,5
JTSTI|1094,1399,79735,30583|3;2,0,5;3;1,5,4;2,5
JTSTL|23,141,3309,29|;1,5,3;1;2,0,5;4,5
JTSTL|23,9015,39,142|;3;3,1,5;3,1,5;4
JTSZI|1094,1399,79735,30583|3;2,0,5;3;4;2,5
JTSZI|2188,2798,408302,61166|1,3;2;;3,4;3,5
JTSZT|23,141,27,141|;1,5,3;2;1,3;4
JTTII|46,18030,484974,61166|1;3;4;3,5;3,5
JTTII|1094,1399,30583,30583|3;2,0,5;4;;2,5
JTTII|2188,2798,61166,61166|1,3;2;4;;3,5
JTTIJ|116,78196,21876,3548|4;2;1,5,2,5;2,5;2,5,4
JTTIJ|116,312436,21876,3548|4;3,4;2,0,5;2,5;2,5,4
JTTIJ|232,144104,43752,3001|1,4;4,2;3,1,5;3,5;1,2,5,4
JTTIJ|232,575720,43752,3001|1,4;1,3;3,5;3,5;1,2,5,4
JTTIL|23,71,1895,142|;1,5;4;2,5;4
JTTIL|23,9015,1655,142|;3;1,2,5;2,5;4
JTTIL|23,18007,96087,29|;3,1;2,0,5;2,5;4,5
JTTIL|23,19543,1655,142|;2,1;3,5;2,5;4
JTTIL|2188,142,3790,29|1,3;4;4,1;3,5;4,5
JTTIL|2188,172,3820,29|1,3;;4;3,5;4,5
JTTIO|232,10216,36584,153|1,4;;3,1,5;3,5;
JTTIO|232,575720,36584,153|1,4;1,3;2,0,5,3;3,5;
JTTIO|232,575720,59624,153|1,4;1,3;4;3,5;
JTTIO|1570,577058,60962,51|1,2;1,3;4;3,5;1,5
JTTIS|116,20084,6004,156|4;1;2,0,5;2,5;1,5,4
JTTIS|116,78196,6004,156|4;2;1,5,3,1,5,2;2,5;1,5,4
JTTIS|116,78196,29044,156|4;2;1,5,4;2,5;1,5,4
JTTIT|46,36014,3758,27|1;3,1;4;3,5;1,5,4
JTTIT|547,2795,61163,27|2,4;3,1,5;4;2,5;1,5,4
JTTIT|785,53,141,141|2;1,2,5,2;3,1,5;;4
JTTIT|2188,142,27,27|1,3;4;2;;1,5,4
JTTIT|3140,3445,1909,141|3,4;2,0,5;4;2,5;4
JTTIZ|46,10030,36398,147|1;;3,1,5;3,5;4
JTTJJ|232,312,120,232|1,4;2;1,5,4;4;2,5,3
JTTJJ|232,20200,6120,232|1,4;1;2,0,5;1,5,4;2,5,3
JTTJJ|232,575720,59624,232|1,4;1,3;4;2,5,3;2,5,3
JTTJL|232,10216,36584,184|1,4;;3,1,5;2,5;3,5,2
JTTJL|232,575720,36584,184|1,4;1,3;2,0,5,3;2,5;3,5,2
JTTJL|785,53,141,29|2;1,2,5,2;3,1,5;;4,5
JTTJO|23,141,46,51|;1,5,3;2;2,5;1,5
JTTJO|2188,142,46,51|1,3;4;;2,5;1,5
JTTJS|23,9783,585271,2871|;2;3,1,5;2,5;3,4
JTTLI|23,9015,1655,30583|;3;1,2,5;4;2,5
JTTLI|23,19543,1655,30583|;2,1;3,5;4;2,5
JTTLJ|23,10007,36375,23|;;3,1,5;4;1,5,4
JTTLJ|232,10216,36584,232|1,4;;3,1,5;4;2,5,3
JTTLJ|232,575720,36584,232|1,4;1,3;2,0,5,3;4;2,5,3
JTTLJ|2188,142,27,139|1,3;4;2;1,5;4
JTTLL|23,71,4951,29|;1,5;2,0;1,5,3,1,5;4,5
JTTLL|23,3671,4951,29|;1,5,4;2;1,5,3,1,5;4,5
JTTOJ|23,141,46,3310|;1,5,3;2;1,5;2,0,5
JTTOJ|2188,142,46,3310|1,3;4;;1,5;2,0,5
JTTOS|23,1847,35895,2871|;4;1,3;0,5;3,4
JTTSJ|2188,2493,77,23|1,3;2,0;1,3,5;2;1,5,4
JTTST|785,53,141,27|2;1,2,5,2;3,1,5;2;1,5,4
JTTTL|232,312,36280,184|1,4;2;1,5,3,1;4;3,5,2
JTTTL|232,575720,36280,184|1,4;1,3;2,0,5,3,2;4;3,5,2
JTTZL|23,141,43,142|;1,5,3;3;1,5,3;4
JTTZL|23,9015,43,142|;3;3,1,5;1,5,3;4
JTTZO|232,312,1080,204|1,4;2;1,5;1,3,4;0,5
JTTZS|2188,172,5052,156|1,3;;2;1,5,2;1,5,4
JTTZT|2188,142,27,141|1,3;4;2;1,3;4
JTZIJ|23,71,18023,3310|;1,5;2;3,5,3,3,5;2,0,5
JTZIJ|2188,142,36046,2525|1,3;4;4,3,1;2,5;2,5
JTZIJ|2188,172,36076,2525|1,3;;1,2;2,5;2,5
JTZIO|232,575720,36584,153|1,4;1,3;3,5,2;3,5;
JTZIS|116,78196,29044,156|4;2;4;2,5;1,5,4
JTZIS|232,312,156,156|1,4;2;1,5,3;;1,5,4
JTZIT|2188,2798,577262,141|1,3;2;1,2;2,5;4
JTZJI|23,71,18023,30583|;1,5;2;2,0,5;2,5
JTZJI|2188,142,36046,61166|1,3;4;4,3,1;2,5;3,5
JTZJJ|46,36014,2750,3310|1;3,1;3,5;1,2,5;2,0,5
JTZJJ|232,312,120,232|1,4;2;4;4;2,5,3
JTZJJ|547,2795,577259,139|2,4;3,1,5;1,2;2,0,5;4
JTZJL|232,575720,36584,184|1,4;1,3;3,5,2;2,5;3,5,2
JTZJL|2188,2798,577262,142|1,3;2;1,2;2,0,5;4
JTZJT|2188,142,36046,141|1,3;4;4,3,1;2,5,0,5;4
JTZJT|2188,172,36076,141|1,3;;1,2;2,0,5;4
JTZLJ|23,141,36045,2525|;1,5,3;3,4;2,5;2,5
JTZLJ|46,19566,1662,3310|1;1,2;3,5;1,3,5;2,0,5
JTZLJ|232,575720,36584,232|1,4;1,3;3,5,2;4;2,5,3
JTZLJ|785,3033,36057,139|2;3,1,5;1,2;3,5,4,4;4
JTZLL|23,141,36045,142|;1,5,3;3,4;3,5;4
JTZLL|232,312,14136,184|1,4;2;;3,1,5;3,5,2
JTZLL|232,575720,36536,184|1,4;1,3;3,5;4;3,5,2
JTZLL|785,3033,36057,142|2;3,1,5;1,2;3,5,4;4
JTZLL|785,3033,36057,3545|2;3,1,5;1,2;4;3,5,4
JTZLZ|2188,142,36046,3534|1,3;4;4,3,1;4;2,4
JTZOJ|2188,142,1006,3310|1,3;4;;1,5;2,0,5
JTZOL|2188,142,36046,142|1,3;4;4,3,1;0,5;4
JTZOT|23,141,36045,141|;1,5,3;3,4;0,5;4
JTZSI|1094,1399,443767,30583|3;2,0,5;1;1,2,4;2,5
JTZSI|2188,2798,577262,61166|1,3;2;1,2;4;3,5
JTZSO|232,312,156,204|1,4;2;1,5,3;4;0,5
JTZSO|785,3033,36057,153|2;3,1,5;1,2;3;
JTZST|23,141,36045,141|;1,5,3;3,4;2,5;4
JTZTI|2188,2798,577262,61166|1,3;2;1,2;4;3,5
JTZTJ|23,141,78,23|;1,5,3;2;2,0,5;1,5,4
JTZTJ|23,141,36045,2525|;1,5,3;3,4;2,0,5;2,5
JTZTL|23,141,36045,142|;1,5,3;3,4;3,5;4
JTZTS|2188,172,36076,156|1,3;;1,2;2,0,5;1,5,4
JTZTT|2188,142,36046,141|1,3;4;4,3,1;2,0,5;4
JTZZL|2188,142,43,142|1,3;4;2;1,5,3;4
JTZZL|2188,142,36046,142|1,3;4;4,3,1;3,5;4
JTZZT|2188,2493,957,141|1,3;2,0;4;1,5,2;4
JZIIJ|23,887,139,139|;;3,5;;4
JZIIJ|23,887,887,139|;;;3,5;4
JZIIJ|46,1774,23,23|1;4;3,5;;1,5,4
JZIIJ|46,1774,1774,23|1;4;;3,5;1,5,4
JZIIJ|46,9022,288638,3310|1;3;2,5;3,3,5,3,5;2,0,5
JZIIJ|46,9022,568254,3310|1;3;3,5;2,5;2,0,5
JZIIJ|785,1907,139,139|2;1,5,2,5,0;2,5;;4
JZIIJ|785,1907,1907,139|2;1,5,2,5,0;;2,5;4
JZIIJ|1570,3814,23,23|1,2;3,4;3,5;;1,5,4
JZIIJ|1570,3814,3814,23|1,2;3,4;;3,5;1,5,4
JZIIJ|2188,3310,3310,3310|1,3;2;;;2,0,5
JZIIJ|2188,576652,581021,139|1,3;3,1,4;2,5;3,5;4
JZIIJ|2188,576652,585390,139|1,3;3,1,4;3,5;3,5;4
JZIIL|23,887,887,887|;;;;3,1,5
JZIIL|547,28195,5939,2491|2,4;4;3,5;2,5;1,3,5
JZIIL|1094,1655,142,142|3;3,5;2,5;;4
JZIIL|1094,1655,1655,142|3;3,5;;2,5;4
JZIIL|2188,3310,29,29|1,3;2;3,5;;4,5
JZIIL|2188,3310,3310,29|1,3;2;;3,5;4,5
JZIIL|3140,290372,18261,3293|3,4;2;3,5;2,5;3,5
JZIJI|23,887,887,30583|;;;4;2,5
JZIJI|46,1774,1774,61166|1;4;;4;3,5
JZIJO|23,887,139,204|;;3,5;3,4,5;0,5
JZIJO|547,28195,5939,51|2,4;4;3,5;1,5,4;1,5
JZIJO|785,1907,139,204|2;1,5,2,5,0;2,5;3,4,5;0,5
JZIJS|1094,1655,142,57|3;3,5;2,5;2;4
JZIJT|23,887,139,27|;;3,5;;1,5,4
JZIJT|785,893,35005,141|2;1,5,2,5,2;3;4;4
JZIJT|785,1907,139,27|2;1,5,2,5,0;2,5;;1,5,4
JZILI|1094,1655,1655,30583|3;3,5;;4;2,5
JZILI|2188,3310,3310,61166|1,3;2;;1,4;3,5
JZILO|785,1553,36505,153|2;4;2,5;4;
JZILO|2188,3310,29,51|1,3;2;3,5;3,5;1,5
JZILT|2188,3310,29,141|1,3;2;3,5;1,5;4
JZILT|2188,576652,581021,141|1,3;3,1,4;2,5;3,5,4;4
JZILZ|46,1774,23,201|1;4;3,5;1,5,3;1,4
JZILZ|1570,3814,23,201|1,2;3,4;3,5;1,5,3;1,4
JZILZ|2188,576652,581021,2973|1,3;3,1,4;2,5;3,5,4,4;1,2,4
JZIOJ|23,887,139,955|;;3,5;0;1,2,5
JZIOJ|232,568,568,232|1,4;3;;1,5;2,5,3
JZIOJ|785,1907,139,955|2;1,5,2,5,0;2,5;0;1,2,5
JZIOL|2188,3310,29,3293|1,3;2;3,5;1;3,5
JZISJ|1094,1655,142,3310|3;3,5;2,5;1;2,0,5
JZISL|547,2791,4535,887|2,4;1,5,3,5;3;2,5;3,1,5
JZITJ|547,2791,4535,23|2,4;1,5,3,5;3;1,5,4;1,5,4
JZITT|23,17975,3307,27|;3;3,3,5,3,5;2,0,5;1,5,4
JZITT|46,1774,23,141|1;4;3,5;1,5,3;4
JZITT|785,893,893,141|2;1,5,2,5,2;;3,1,5;4
JZITT|1094,1655,142,27|3;3,5;2,5;2;1,5,4
JZITT|1570,3814,23,141|1,2;3,4;3,5;1,5,3;4
JZIZL|46,1774,23,887|1;4;3,5;;3,1,5
JZIZL|1570,3814,23,887|1,2;3,4;3,5;;3,1,5
JZJII|23,887,30583,30583|;;4;;2,5
JZJII|46,1774,61166,61166|1;4;4;;3,5
JZJIO|547,28195,978467,51|2,4;4;4;2,5;1,5
JZJIO|2188,3310,8942,51|1,3;2;3;3,5;1,5
JZJIO|3140,290372,30532,204|3,4;2;2,0,5;2,5;0,5
JZJIS|1094,1655,202615,57|3;3,5;2;3,5;4
JZJIT|23,887,95095,27|;;;2,5;1,5,4
JZJIT|785,893,30589,141|2;1,5,2,5,2;4;3,5;4
JZJIT|785,1907,96115,27|2;1,5,2,5,0;;2,5;1,5,4
JZJIZ|3140,3701,12661,2973|3,4;3,5;2;3,5;1,2,4
JZJJJ|46,9022,2750,3310|1;3;1,3,5;1,2,5;2,0,5
JZJJJ|46,35950,135,23|1;4,3;2,0,5;;1,5,4
JZJJJ|232,568,2216,139|1,4;3;1,3,5;2,5,3;4
JZJJJ|232,568,2216,232|1,4;3;1,3,5;4;2,5,3
JZJJJ|232,568,2216,3001|1,4;3;1,3,5;2,5,3,2;1,2,5,4
JZJJJ|232,568,2216,3310|1,4;3;1,3,5;2,5,3,3;2,0,5
JZJJJ|2188,3310,97518,3310|1,3;2;;1,5,4;2,0,5
JZJJJ|2188,3310,953582,3310|1,3;2;1,4;2,5,3;2,0,5
JZJJJ|2188,576652,36074,139|1,3;3,1,4;3,5;2,0,5;4
JZJJL|23,887,95095,887|;;;1,5,4;3,1,5
JZJJL|23,35927,61047,887|;3,4;2,5;2,5;3,1,5
JZJJL|1094,1655,61047,887|3;3,5;4;2,5;3,1,5
JZJJL|1094,1655,202615,887|3;3,5;2;1,3,5,3;3,1,5
JZJJL|2188,576652,36060,142|1,3;3,1,4;3,5,2;2,5,4;4
JZJLJ|232,568,1662,3310|1,4;3;1,2,5,4;1,3,5;2,0,5
JZJLJ|2188,576652,35997,139|1,3;3,1,4;2,5,0,5;3,5;4
JZJLJ|2188,576652,36060,3548|1,3;3,1,4;3,5,2;4;2,5,4
JZJLL|232,568,2216,142|1,4;3;1,3,5;3,5,2;4
JZJLL|232,568,2216,184|1,4;3;1,3,5;4;3,5,2
JZJLL|232,568,2216,2491|1,4;3;1,3,5;3,5,2,2;1,3,5
JZJLL|2188,576652,36060,142|1,3;3,1,4;3,5,2;3,5;4
JZJOI|23,887,804727,30583|;;1,2;0,5;2,5
JZJOI|2188,3310,8942,61166|1,3;2;3;1,5;3,5
JZJOZ|2188,576652,35997,2973|1,3;3,1,4;2,5,0,5;0,5;1,2,4
JZJSI|1094,1655,202615,30583|3;3,5;2;4;2,5
JZJSS|2188,576652,36060,156|1,3;3,1,4;3,5,2;3;1,5,4
JZJTI|1094,1655,202615,30583|3;3,5;2;3,1,5,2;2,5
JZJTL|23,35927,7255,887|;3,4;;2,5,4;3,1,5
JZJTL|46,1774,894,142|1;4;2,5;3,1,5;4
JZJTL|1570,3814,54,142|1,2;3,4;2,5;3,1,5;4
JZJTL|2188,2749,3309,29|1,3;3;1,2,5;2,0,5;4,5
JZJTL|2188,576652,35997,142|1,3;3,1,4;2,5,0,5;3,5,4;4
JZJZT|2188,576652,35997,141|1,3;3,1,4;2,5,0,5;2,0,2;4
JZLII|1094,1655,30583,30583|3;3,5;4;;2,5
JZLII|2188,3310,61166,61166|1,3;2;1,4;;3,5
JZLIO|23,887,17527,204|;;1,2;3,4,1,5;0,5
JZLIO|785,1553,30481,153|2;4;4;2,5;
JZLIO|1570,222754,60962,51|1,2;;3,1,5;3,5;1,5
JZLIT|46,13870,3758,27|1;;3,1,5;3,5;1,5,4
JZLIT|2188,3310,584942,141|1,3;2;1;3,5;4
JZLIT|2188,576652,585452,141|1,3;3,1,4;3,5,4;3,5;4
JZLIT|3140,3701,1909,141|3,4;3,5;4;2,5;4
JZLIZ|46,1774,823022,201|1;4;1,3;2,5;1,4
JZLJJ|2188,576652,36014,139|1,3;3,1,4;3,5;2,0,5;4
JZLJJ|2188,576652,56460,3548|1,3;3,1,4;4;2,5,4,5,2;2,5,4
JZLLJ|46,1774,30702,3310|1;4;4;1,3,5;2,0,5
JZLLJ|46,1774,823022,3310|1;4;1,3;2,5,2;2,0,5
JZLLJ|46,9022,1662,3310|1;3;1,2,5;1,3,5;2,0,5
JZLLJ|2188,3310,584942,3310|1,3;2;1;4;2,0,5
JZLLJ|2188,576652,36045,2525|1,3;3,1,4;2,5,2;2,5;2,5
JZLLJ|2188,576652,36057,139|1,3;3,1,4;2,5;3,5,4,4;4
JZLLL|23,887,463735,887|;;4;1,3,5,2;3,1,5
JZLLL|23,887,582519,887|;;1;4;3,1,5
JZLLL|23,35927,3415,887|;3,4;4;3,5;3,1,5
JZLLL|2188,576652,36045,142|1,3;3,1,4;2,5,2;3,5;4
JZLLL|2188,576652,36057,142|1,3;3,1,4;2,5;3,5,4;4
JZLLL|2188,576652,36057,3545|1,3;3,1,4;2,5;4;3,5,4
JZLLL|2188,576652,56460,3545|1,3;3,1,4;4;3,5,4,4,3,3;3,5,4
JZLOI|23,887,17527,30583|;;1,2;0,5;2,5
JZLOI|2188,3310,208622,61166|1,3;2;3;1,5;3,5
JZLOO|785,1907,195,51|2;1,5,2,5,0;1,3,5;0,5;1,5
JZLOT|2188,576652,36045,141|1,3;3,1,4;2,5,2;0,5;4
JZLSO|2188,576652,36057,153|1,3;3,1,4;2,5;3;
JZLST|2188,576652,36045,141|1,3;3,1,4;2,5,2;2,5;4
JZLTI|46,1774,823022,61166|1;4;1,3;2,0,5,3;3,5
JZLTJ|1094,1655,3303,23|3;3,5;1,3,5;2,0,5;1,5,4
JZLTJ|2188,576652,36045,2525|1,3;3,1,4;2,5,2;2,0,5;2,5
JZLTL|23,35927,6487,887|;3,4;2;2,5;3,1,5
JZLTL|2188,576652,36045,142|1,3;3,1,4;2,5,2;3,5;4
JZLZI|46,1774,823022,61166|1;4;1,3;1,4;3,5
JZOIJ|23,887,209783,955|;;0;3,5;1,2,5
JZOIJ|232,568,232,232|1,4;3;1,5;;2,5,3
JZOIJ|785,1907,210803,955|2;1,5,2,5,0;0;3,5;1,2,5
JZOIL|2188,3310,838894,3293|1,3;2;1;2,5;3,5
JZOJI|23,887,209783,30583|;;0;1,2,5;2,5
JZOJI|2188,3310,838894,61166|1,3;2;1;3,5;3,5
JZOJO|46,9022,46,51|1;3;1,5;2,5;1,5
JZOJO|2188,3310,838894,204|1,3;2;1;2,5,0,5;0,5
JZOJS|232,568,232,57|1,4;3;1,5;2,5,3,2;4
JZOLI|23,887,209783,30583|;;0;1,2,5;2,5
JZOLI|2188,3310,838894,61166|1,3;2;1;3,5;3,5
JZOLO|23,887,209783,51|;;0;3,5,1,5;1,5
JZOLO|785,1907,210803,51|2;1,5,2,5,0;0;3,5,1,5;1,5
JZOOJ|46,9022,46,3310|1;3;1,5;1,5;2,0,5
JZOOJ|2188,3310,1006,3310|1,3;2;0,5;1,5;2,0,5
JZOOJ|2188,3310,838894,3310|1,3;2;1;0,5;2,0,5
JZOOJ|2188,576652,36043,139|1,3;3,1,4;0,5;0,5;4
JZOOL|23,887,3191,887|;;1,5;0,5;3,1,5
JZOOL|23,887,209783,887|;;0;1,5;3,1,5
JZOSL|23,887,209783,887|;;0;1,2,5;3,1,5
JZOTI|23,887,209783,30583|;;0;1,2,5;2,5
JZOTI|2188,3310,838894,61166|1,3;2;1;3,5;3,5
JZOZJ|2188,3310,838894,3310|1,3;2;1;3,5;2,0,5
JZSIJ|46,35950,3694,23|1;4,3;4;3,5;1,5,4
JZSIJ|2188,3310,1774,23|1,3;2;;3,5;1,5,4
JZSIJ|2188,576652,36046,2525|1,3;3,1,4;2,5,2;2,5;2,5
JZSIL|547,2791,159463,887|2,4;1,5,3,5;2;2,5;3,1,5
JZSJI|1094,1655,812663,30583|3;3,5;1;2,0,5;2,5
JZSJI|2188,3310,1774,61166|1,3;2;;4;3,5
JZSJI|2188,576652,36046,61166|1,3;3,1,4;2,5,2;2,5;3,5
JZSJO|232,568,46,51|1,4;3;3,1,5,3;2,5;1,5
JZSJT|2188,576652,36046,141|1,3;3,1,4;2,5,2;2,5,0,5;4
JZSLO|23,887,71,204|;;1,2,5;1,3,5;0,5
JZSLZ|2188,576652,36046,3534|1,3;3,1,4;2,5,2;4;2,4
JZSOJ|232,568,46,3310|1,4;3;3,1,5,3;1,5;2,0,5
JZSOL|23,887,71,887|;;1,2,5;0,5;3,1,5
JZSOL|2188,576652,36046,142|1,3;3,1,4;2,5,2;0,5;4
JZSSJ|785,893,77,23|2;1,5,2,5,2;1,2,5;2;1,5,4
JZSTT|2188,576652,36046,141|1,3;3,1,4;2,5,2;2,0,5;4
JZSZL|23,35927,2423,887|;3,4;3;4;3,1,5
JZSZL|2188,576652,36046,142|1,3;3,1,4;2,5,2;3,5;4
JZTIJ|46,35950,3694,23|1;4,3;4;3,5;1,5,4
JZTIJ|547,2791,61159,23|2,4;1,5,3,5;4;2,5;1,5,4
JZTIJ|2188,576652,36046,2525|1,3;3,1,4;3,5,3;2,5;2,5
JZTIJ|2188,576652,36076,2525|1,3;3,1,4;3,5,2;2,5;2,5
JZTIL|2188,3052,3820,29|1,3;;4;3,5;4,5
JZTIO|232,14056,36584,153|1,4;;3,1,5;3,5;
JZTIT|23,17975,96055,27|;3;2,0,5;2,5;1,5,4
JZTIT|46,1774,577262,141|1;4;1,3;2,5;4
JZTIT|785,893,141,141|2;1,5,2,5,2;3,1,5;;4
JZTIT|1094,1655,79735,27|3;3,5;2;3,5;1,5,4
JZTIT|2188,576652,577262,141|1,3;3,1,4;3,5,4;2,5;4
JZTIZ|46,13870,36398,147|1;;3,1,5;3,5;4
JZTJI|1094,1655,321143,30583|3;3,5;1;2,0,5;2,5
JZTJI|2188,3310,32494,61166|1,3;2;4;4;3,5
JZTJI|2188,576652,36046,61166|1,3;3,1,4;3,5,3;2,5;3,5
JZTJJ|23,887,135,23|;;3,1,5;;1,5,4
JZTJJ|46,9022,2750,3310|1;3;3,1,5;1,2,5;2,0,5
JZTJL|46,1774,577262,142|1;4;1,3;2,0,5;4
JZTJL|232,14056,36584,184|1,4;;3,1,5;2,5;3,5,2
JZTJL|785,893,141,29|2;1,5,2,5,2;3,1,5;;4,5
JZTJL|2188,2749,80829,29|1,3;3;2;1,5,2,5;4,5
JZTJL|2188,576652,577262,142|1,3;3,1,4;3,5,4;2,0,5;4
JZTJT|2188,576652,36046,141|1,3;3,1,4;3,5,3;2,5,0,5;4
JZTJT|2188,576652,36076,141|1,3;3,1,4;3,5,2;2,0,5;4
JZTLI|23,887,59255,30583|;;4;4;2,5
JZTLI|46,1774,161518,61166|1;4;;3,1,5;3,5
JZTLJ|46,9022,1662,3310|1;3;1,2,5;1,3,5;2,0,5
JZTLJ|232,14056,36584,232|1,4;;3,1,5;4;2,5,3
JZTLJ|1094,1655,79735,23|3;3,5;2;1,5,3,1,5;1,5,4
JZTLL|232,568,36536,184|1,4;3;3,1,5;4;3,5,2
JZTLL|2188,3310,30,142|1,3;2;2,0,5;1,5;4
JZTLL|3140,3701,4981,29|3,4;3,5;2;1,5,3,1,5;4,5
JZTLZ|2188,576652,36046,3534|1,3;3,1,4;3,5,3;4;2,4
JZTOI|23,887,313207,30583|;;1,2;0,5;2,5
JZTOI|2188,3310,147182,61166|1,3;2;3;1,5;3,5
JZTOL|2188,576652,36046,142|1,3;3,1,4;3,5,3;0,5;4
JZTSI|46,1774,577262,61166|1;4;1,3;4;3,5
JZTSI|2188,576652,577262,61166|1,3;3,1,4;3,5,4;4;3,5
JZTSL|23,35927,11351,887|;3,4;;2,4;3,1,5
JZTST|785,893,141,27|2;1,5,2,5,2;3,1,5;2;1,5,4
JZTTI|46,1774,577262,61166|1;4;1,3;4;3,5
JZTTI|1094,1655,79735,30583|3;3,5;2;1,5,4;2,5
JZTTI|2188,576652,577262,61166|1,3;3,1,4;3,5,4;4;3,5
JZTTS|2188,576652,36076,156|1,3;3,1,4;3,5,2;2,0,5;1,5,4
JZTTT|2188,576652,36046,141|1,3;3,1,4;3,5,3;2,0,5;4
JZTZI|1094,1655,79735,30583|3;3,5;2;4;2,5
JZTZL|2188,576652,36046,142|1,3;3,1,4;3,5,3;3,5;4
JZZIJ|2188,3052,36076,2525|1,3;;1,2;2,5;2,5
JZZIJ|2188,576652,36076,2525|1,3;3,1,4;3,5,2;2,5;2,5
JZZIL|23,887,1655,142|;;4;2,5;4
JZZJO|2188,3310,46,51|1,3;2;3,5;2,5;1,5
JZZJT|2188,3052,36076,141|1,3;;1,2;2,0,5;4
JZZJT|2188,576652,36076,141|1,3;3,1,4;3,5,2;2,0,5;4
JZZLI|23,887,1655,30583|;;4;4;2,5
JZZLI|46,1774,222958,61166|1;4;;3,1,5;3,5
JZZOJ|2188,3310,46,3310|1,3;2;3,5;1,5;2,0,5
JZZTS|2188,3052,36076,156|1,3;;1,2;2,0,5;1,5,4
JZZTS|2188,576652,36076,156|1,3;3,1,4;3,5,2;2,0,5;1,5,4
LIIIJ|71,2188,6557,955|;3;3,5,0;3,5;1,2,5
LIIIJ|71,2188,10926,955|;3;3,5;3,5;1,2,5
LIIIJ|71,69975,6557,955|;2,2,5,2,0;2,5,1,5;3,5;1,2,5
LIIIJ|71,69975,209783,955|;2,2,5,2,0;3,5;3,5;1,2,5
LIIIJ|71,139879,10926,955|;2,2,5,2;2,5,1,5;3,5;1,2,5
LIIIJ|71,139879,209783,955|;2,2,5,2;3,5;3,5;1,2,5
LIIIJ|802,802,18278,3310|2,4;;2,5;2,5;2,0,5
LIIIJ|802,802,35754,3310|2,4;;3,5;2,5;2,0,5
LIIIJ|802,18278,3310,3310|2,4;2,5;2,5;;2,0,5
LIIIJ|802,18278,18278,3310|2,4;2,5;;2,5;2,0,5
LIIIJ|802,35754,3310,3310|2,4;3,5;2,5;;2,0,5
LIIIJ|802,35754,35754,3310|2,4;3,5;;2,5;2,0,5
LIIIJ|1100,5469,887,139|3,4;2,5;3,5;3,5;4
LIIIJ|1100,5469,564701,139|3,4;2,5;2,5;3,5;4
LIIIJ|1100,9838,887,139|3,4;3,5;3,5;3,5;4
LIIIJ|1100,560332,564701,139|3,4;3,5,0,3,3,5;3,5,0;3,5;4
LIIIJ|1100,560332,569070,139|3,4;3,5,0,3,3,5;3,5;3,5;4
LIIIJ|1604,1604,5973,2525|3;;3,5;2,5;2,5
LIIIJ|1604,1604,36556,2525|3;;3,5,3,2,5;3,5;2,5
LIIIJ|1604,5973,2525,2525|3;3,5;2,5;;2,5
LIIIJ|1604,5973,5973,2525|3;3,5;;2,5;2,5
LIIIJ|1604,36556,2525,2525|3;3,5,3,2,5;3,5;;2,5
LIIIJ|1604,36556,36556,2525|3;3,5,3,2,5;;3,5;2,5
LIIIJ|3208,3208,7577,955|1,3;;2,5;3,5;1,2,5
LIIIJ|3208,3208,11946,955|1,3;;3,5;3,5;1,2,5
LIIIJ|3208,7577,955,955|1,3;2,5;3,5;;1,2,5
LIIIJ|3208,7577,7577,955|1,3;2,5;;3,5;1,2,5
LIIIJ|3208,11946,955,955|1,3;3,5;3,5;;1,2,5
LIIIJ|3208,11946,11946,955|1,3;3,5;;3,5;1,2,5
LIIIL|113,113,113,113|4;;;;1,3,5,2
LIIIL|142,142,142,142|1;;;;4
LIIIL|226,275,17751,3293|1,4;3;2,5;2,5;3,5
LIIIL|226,275,35227,3293|1,4;3;2,5,1;2,5;3,5
LIIIL|275,275,17751,3293|2;;2,5;2,5;3,5
LIIIL|275,275,35227,3293|2;;2,5,1;2,5;3,5
LIIIL|275,17751,3293,3293|2;2,5;2,5;;3,5
LIIIL|275,17751,17751,3293|2;2,5;;2,5;3,5
LIIIL|275,35227,3293,3293|2;2,5,1;2,5;;3,5
LIIIL|275,35227,35227,3293|2;2,5,1;;2,5;3,5
LIIIL|550,550,4919,2491|1,2;;3,5;3,5;1,3,5
LIIIL|550,550,35502,2491|1,2;;2,1,5;3,5;1,3,5
LIIIL|550,4919,2491,2491|1,2;3,5;3,5;;1,3,5
LIIIL|550,4919,4919,2491|1,2;3,5;;3,5;1,3,5
LIIIL|550,35502,2491,2491|1,2;2,1,5;3,5;;1,3,5
LIIIL|550,35502,35502,2491|1,2;2,1,5;;3,5;1,3,5
LIIIL|802,18278,3310,29|2,4;2,5;2,5;3,5;4,5
LIIIL|802,35754,3310,29|2,4;3,5;2,5;3,5;4,5
LIIIL|1100,1100,5469,887|3,4;;2,5;3,5;3,1,5
LIIIL|1100,1100,9838,887|3,4;;3,5;3,5;3,1,5
LIIIL|1100,5469,887,887|3,4;2,5;3,5;;3,1,5
LIIIL|1100,5469,5469,887|3,4;2,5;;3,5;3,1,5
LIIIL|1100,9838,887,887|3,4;3,5;3,5;;3,1,5
LIIIL|1100,9838,9838,887|3,4;3,5;;3,5;3,1,5
LIIJI|71,2188,6557,56797|;3;3,5,0;1,5,2,5;3,5
LIIJI|71,2188,10926,61166|;3;3,5;1,2,5;3,5
LIIJI|71,69975,6557,56797|;2,2,5,2,0;2,5,1,5;1,5,2,5;3,5
LIIJI|71,69975,209783,30583|;2,2,5,2,0;3,5;1,2,5;2,5
LIIJI|71,139879,10926,61166|;2,2,5,2;2,5,1,5;1,2,5;3,5
LIIJI|71,139879,209783,30583|;2,2,5,2;3,5;1,2,5;2,5
LIIJI|1100,5469,887,30583|3,4;2,5;3,5;4;2,5
LIIJI|1100,5469,564701,56797|3,4;2,5;2,5;4;3,5
LIIJI|1100,9838,887,30583|3,4;3,5;3,5;4;2,5
LIIJI|1100,560332,564701,56797|3,4;3,5,0,3,3,5;3,5,0;4;3,5
LIIJI|1100,560332,569070,61166|3,4;3,5,0,3,3,5;3,5;4;3,5
LIIJO|71,71,2188,204|;;3;4;0,5
LIIJO|71,2188,2188,204|;3;;4;0,5
LIIJO|113,113,2185,153|4;;3;;
LIIJO|113,113,2185,204|4;;3;3;0,5
LIIJO|113,2185,2185,153|4;3;;;
LIIJO|113,2185,2185,204|4;3;;3;0,5
LIIJO|142,142,281,153|1;;3;1,5,4;
LIIJO|142,281,281,153|1;3;;1,5,4;
LIIJO|226,226,226,51|1,4;;;2,5;1,5
LIIJO|226,226,275,51|1,4;;3;1,5;1,5
LIIJO|226,226,275,153|1,4;;3;1,5,3;
LIIJO|226,275,275,51|1,4;3;;1,5;1,5
LIIJO|226,275,275,153|1,4;3;;1,5,3;
LIIJO|275,275,275,51|2;;;1,5;1,5
LIIJO|275,275,275,153|2;;;1,5,3;
LIIJO|3208,3208,3208,153|1,3;;;2,5,0,5;
LIIJO|3208,3208,3208,204|1,3;;;3,5,3;0,5
LIIJS|71,71,2188,156|;;3;;1,5,4
LIIJS|71,2188,2188,156|;3;;;1,5,4
LIIJS|142,142,142,57|1;;;2;4
LIIJS|142,142,281,57|1;;3;1,5;4
LIIJS|142,281,281,57|1;3;;1,5;4
LIIJS|226,275,35227,3483|1,4;3;2,5,1;4;3,4
LIIJS|275,275,35227,3483|2;;2,5,1;4;3,4
LIIJS|275,35227,35227,3483|2;2,5,1;;4;3,4
LIIJS|550,550,4919,2871|1,2;;3,5;1,5,4;3,4
LIIJS|550,4919,4919,2871|1,2;3,5;;1,5,4;3,4
LIIJT|71,2188,6557,27|;3;3,5,0;2,5;1,5,4
LIIJT|71,69975,6557,27|;2,2,5,2,0;2,5,1,5;2,5;1,5,4
LIIJT|113,113,2185,141|4;;3;4;4
LIIJT|113,2185,2185,141|4;3;;4;4
LIIJT|226,226,275,27|1,4;;3;1,5,4;1,5,4
LIIJT|226,275,275,27|1,4;3;;1,5,4;1,5,4
LIIJT|275,275,275,27|2;;;1,5,4;1,5,4
LIIJT|1100,5469,564701,141|3,4;2,5;2,5;2,5;4
LIIJT|1100,560332,564701,141|3,4;3,5,0,3,3,5;3,5,0;2,5;4
LIIJZ|71,71,2188,2973|;;3;2,0;1,2,4
LIIJZ|71,2188,2188,2973|;3;;2,0;1,2,4
LIIJZ|3208,3208,3208,201|1,3;;;3,5,2,5;1,4
LIILI|71,69975,209783,30583|;2,2,5,2,0;3,5;1,2,5;2,5
LIILI|71,139879,209783,30583|;2,2,5,2;3,5;1,2,5;2,5
LIILI|226,275,17751,30583|1,4;3;2,5;3,5;2,5
LIILI|226,275,35227,48059|1,4;3;2,5,1;3,5;2,5
LIILI|275,275,17751,30583|2;;2,5;3,5;2,5
LIILI|275,275,35227,48059|2;;2,5,1;3,5;2,5
LIILI|275,17751,17751,30583|2;2,5;;3,5;2,5
LIILI|275,35227,35227,48059|2;2,5,1;;3,5;2,5
LIILI|550,550,4919,30583|1,2;;3,5;1,5,3,5;2,5
LIILI|550,550,35502,61166|1,2;;2,1,5;3,5;3,5
LIILI|550,4919,4919,30583|1,2;3,5;;1,5,3,5;2,5
LIILI|550,35502,35502,61166|1,2;2,1,5;;3,5;3,5
LIILI|802,18278,3310,61166|2,4;2,5;2,5;1,4;3,5
LIILI|802,35754,3310,61166|2,4;3,5;2,5;1,4;3,5
LIILI|1100,1100,5469,56797|3,4;;2,5;1,5,3,5;3,5
LIILI|1100,1100,9838,61166|3,4;;3,5;3,1,5;3,5
LIILI|1100,5469,5469,56797|3,4;2,5;;1,5,3,5;3,5
LIILI|1100,9838,9838,61166|3,4;3,5;;3,1,5;3,5
LIILO|71,71,71,204|;;;1,3,5;0,5
LIILO|71,71,2188,153|;;3;2;
LIILO|71,71,2188,204|;;3;;0,5
LIILO|71,2188,2188,153|;3;;2;
LIILO|71,2188,2188,204|;3;;;0,5
LIILO|71,69975,209783,51|;2,2,5,2,0;3,5;3,5,1,5;1,5
LIILO|71,139879,209783,51|;2,2,5,2;3,5;3,5,1,5;1,5
LIILO|113,113,2185,153|4;;3;4;
LIILO|113,2185,2185,153|4;3;;4;
LIILO|142,142,281,51|1;;3;2,5;1,5
LIILO|142,142,281,153|1;;3;1,5;
LIILO|142,281,281,51|1;3;;2,5;1,5
LIILO|142,281,281,153|1;3;;1,5;
LIILO|226,226,275,51|1,4;;3;4,5;1,5
LIILO|226,275,275,51|1,4;3;;4,5;1,5
LIILO|275,275,275,51|2;;;4,5;1,5
LIILO|1604,1604,36556,204|3;;3,5,3,2,5;4;0,5
LIILO|1604,36556,36556,204|3;3,5,3,2,5;;4;0,5
LIILO|3208,3208,3208,204|1,3;;;2,5,3;0,5
LIILO|3208,3208,7577,153|1,3;;2,5;4,5;
LIILO|3208,7577,7577,153|1,3;2,5;;4,5;
LIILS|226,226,275,3483|1,4;;3;1,5,3,1;3,4
LIILS|226,275,275,3483|1,4;3;;1,5,3,1;3,4
LIILS|275,275,275,3483|2;;;1,5,3,1;3,4
LIILS|3208,3208,3208,3483|1,3;;;2,5;3,4
LIILT|71,71,2188,141|;;3;4;4
LIILT|71,2188,2188,141|;3;;4;4
LIILT|142,142,281,27|1;;3;4,5;1,5,4
LIILT|142,281,281,27|1;3;;4,5;1,5,4
LIILT|226,275,35227,141|1,4;3;2,5,1;3,5,1,5;4
LIILT|275,275,35227,141|2;;2,5,1;3,5,1,5;4
LIILT|275,35227,35227,141|2;2,5,1;;3,5,1,5;4
LIILT|550,550,4919,27|1,2;;3,5;1,5,3,5,1,5;1,5,4
LIILT|550,4919,4919,27|1,2;3,5;;1,5,3,5,1,5;1,5,4
LIILT|3208,3208,7577,27|1,3;;2,5;3,5,4,5;1,5,4
LIILT|3208,7577,7577,27|1,3;2,5;;3,5,4,5;1,5,4
LIILZ|71,2188,6557,2973|;3;3,5,0;4,5;1,2,4
LIILZ|71,69975,6557,2973|;2,2,5,2,0;2,5,1,5;4,5;1,2,4
LIILZ|113,113,113,201|4;;;1,3,5,2,3;1,4
LIILZ|113,113,2185,201|4;;3;;1,4
LIILZ|113,2185,2185,201|4;3;;;1,4
LIILZ|226,226,275,147|1,4;;3;1,5;4
LIILZ|226,275,275,147|1,4;3;;1,5;4
LIILZ|275,275,275,147|2;;;1,5;4
LIILZ|3208,3208,3208,201|1,3;;;2,5,2;1,4
LIIOJ|71,71,2188,139|;;3;0,5;4
LIIOJ|71,2188,2188,139|;3;;0,5;4
LIIOJ|142,142,281,23|1;;3;;1,5,4
LIIOJ|142,281,281,23|1;3;;;1,5,4
LIIOJ|226,275,35227,139|1,4;3;2,5,1;;4
LIIOJ|275,275,35227,139|2;;2,5,1;;4
LIIOJ|275,35227,35227,139|2;2,5,1;;;4
LIIOJ|550,550,4919,23|1,2;;3,5;1,5;1,5,4
LIIOJ|550,4919,4919,23|1,2;3,5;;1,5;1,5,4
LIIOJ|3208,3208,3208,3310|1,3;;;0,5,1;2,0,5
LIIOL|71,71,71,887|;;;0,5;3,1,5
LIIOL|71,2188,6557,29|;3;3,5,0;;4,5
LIIOL|71,69975,6557,29|;2,2,5,2,0;2,5,1,5;;4,5
LIIOL|71,69975,209783,887|;2,2,5,2,0;3,5;1,5;3,1,5
LIIOL|71,139879,209783,887|;2,2,5,2;3,5;1,5;3,1,5
LIIOL|113,113,2185,142|4;;3;;4
LIIOL|113,2185,2185,142|4;3;;;4
LIIOL|226,226,275,29|1,4;;3;1,5;4,5
LIIOL|226,275,275,29|1,4;3;;1,5;4,5
LIIOL|275,275,275,29|2;;;1,5;4,5
LIISJ|142,142,142,3310|1;;;1;2,0,5
LIISJ|226,275,35227,139|1,4;3;2,5,1;2,5;4
LIISJ|275,275,35227,139|2;;2,5,1;2,5;4
LIISJ|275,35227,35227,139|2;2,5,1;;2,5;4
LIISJ|550,550,4919,23|1,2;;3,5;1,5,2,5;1,5,4
LIISJ|550,4919,4919,23|1,2;3,5;;1,5,2,5;1,5,4
LIISL|71,71,2188,142|;;3;4;4
LIISL|71,2188,2188,142|;3;;4;4
LIISL|71,69975,209783,887|;2,2,5,2,0;3,5;1,2,5;3,1,5
LIISL|71,139879,209783,887|;2,2,5,2;3,5;1,2,5;3,1,5
LIISL|113,113,2185,2491|4;;3;3;1,3,5
LIISL|113,2185,2185,2491|4;3;;3;1,3,5
LIISL|142,142,281,29|1;;3;1,5,4;4,5
LIISL|142,281,281,29|1;3;;1,5,4;4,5
LIISL|226,226,275,887|1,4;;3;2,5;3,1,5
LIISL|226,275,275,887|1,4;3;;2,5;3,1,5
LIISL|275,275,275,887|2;;;2,5;3,1,5
LIISL|275,17751,3293,29|2;2,5;2,5;3;4,5
LIISL|275,35227,3293,29|2;2,5,1;2,5;3;4,5
LIISL|1604,5973,2525,3293|3;3,5;2,5;4;3,5
LIISL|1604,36556,2525,3293|3;3,5,3,2,5;3,5;4;3,5
LIITI|71,69975,209783,30583|;2,2,5,2,0;3,5;1,2,5;2,5
LIITI|71,139879,209783,30583|;2,2,5,2;3,5;1,2,5;2,5
LIITJ|113,113,2185,139|4;;3;4;4
LIITJ|113,2185,2185,139|4;3;;4;4
LIITJ|226,226,275,23|1,4;;3;1,5,4;1,5,4
LIITJ|226,275,275,23|1,4;3;;1,5,4;1,5,4
LIITJ|275,275,275,23|2;;;1,5,4;1,5,4
LIITL|71,71,2188,142|;;3;4;4
LIITL|71,2188,2188,142|;3;;4;4
LIITL|142,142,281,29|1;;3;1,5,4;4,5
LIITL|142,281,281,29|1;3;;1,5,4;4,5
LIITT|71,2188,6557,27|;3;3,5,0;2,5;1,5,4
LIITT|71,69975,6557,27|;2,2,5,2,0;2,5,1,5;2,5;1,5,4
LIITT|142,142,142,27|1;;;2;1,5,4
LIITT|226,275,35227,141|1,4;3;2,5,1;3,1,5;4
LIITT|275,275,35227,141|2;;2,5,1;3,1,5;4
LIITT|275,35227,35227,141|2;2,5,1;;3,1,5;4
LIITT|550,550,4919,27|1,2;;3,5;1,5,3,1,5;1,5,4
LIITT|550,4919,4919,27|1,2;3,5;;1,5,3,1,5;1,5,4
LIIZJ|71,71,2188,3310|;;3;2;2,0,5
LIIZJ|71,2188,2188,3310|;3;;2;2,0,5
LIIZJ|113,113,2185,139|4;;3;4;4
LIIZJ|113,2185,2185,139|4;3;;4;4
LIIZJ|142,142,281,2525|1;;3;3,5,1;2,5
LIIZJ|142,281,281,2525|1;3;;3,5,1;2,5
LIIZJ|226,226,275,23|1,4;;3;1,5,4;1,5,4
LIIZJ|226,275,275,23|1,4;3;;1,5,4;1,5,4
LIIZJ|275,275,275,23|2;;;1,5,4;1,5,4
LIIZJ|550,4919,2491,955|1,2;3,5;3,5;4;1,2,5
LIIZJ|550,35502,2491,955|1,2;2,1,5;3,5;4;1,2,5
LIIZJ|3208,7577,955,139|1,3;2,5;3,5;1,5,2;4
LIIZJ|3208,11946,955,139|1,3;3,5;3,5;1,5,2;4
LIIZL|71,2188,6557,29|;3;3,5,0;2,5;4,5
LIIZL|71,69975,6557,29|;2,2,5,2,0;2,5,1,5;2,5;4,5
LIIZL|1100,5469,564701,3293|3,4;2,5;2,5;2;3,5
LIIZL|1100,560332,564701,3293|3,4;3,5,0,3,3,5;3,5,0;2;3,5
LIJII|71,69975,873815,30583|;2,2,5,2,0;3,5,4;3,5;2,5
LIJII|71,139879,943719,30583|;2,2,5,2;1,2,5;2,5;2,5
LIJII|1100,5469,480605,56797|3,4;2,5;4;3,5;3,5
LIJII|1100,9838,484974,61166|3,4;3,5;4;3,5;3,5
LIJII|1100,560332,52428,56797|3,4;3,5,0,3,3,5;4;2,5;3,5
LIJII|1100,560332,52428,61166|3,4;3,5,0,3,3,5;4;3,5;3,5
LIJIO|71,71,29767,204|;;3,3,5;2,5;0,5
LIJIO|71,2188,204,204|;3;4;;0,5
LIJIO|113,113,6001,153|4;;;2,5;
LIJIO|113,2185,153,153|4;3;;;
LIJIO|113,2185,204,204|4;3;3;;0,5
LIJIO|142,142,59534,153|1;;3,4,2,5;3,5;
LIJIO|142,281,153,153|1;3;1,5,4;;
LIJIO|226,226,51,51|1,4;;2,5;;1,5
LIJIO|226,226,12002,51|1,4;;1;3,5;1,5
LIJIO|226,275,51,51|1,4;3;1,5;;1,5
LIJIO|226,275,153,153|1,4;3;1,5,3;;
LIJIO|275,275,51,51|2;;1,5;;1,5
LIJIO|275,275,153,153|2;;1,5,3;;
LIJIO|1100,560332,35054,153|3,4;3,5,0,3,3,5;3,5;3,0,5;
LIJIO|3208,3208,153,153|1,3;;2,5,0,5;;
LIJIO|3208,3208,204,204|1,3;;3,5,3;;0,5
LIJIS|71,71,5959,156|;;;2,5;1,5,4
LIJIS|71,2188,156,156|;3;;;1,5,4
LIJIS|142,142,57,57|1;;2;;4
LIJIS|142,142,11918,57|1;;3,2;3,5;4
LIJIS|142,281,57,57|1;3;1,5;;4
LIJIS|226,275,29971,3483|1,4;3;4;2,5;3,4
LIJIS|275,275,29971,3483|2;;4;2,5;3,4
LIJIS|275,35227,3483,3483|2;2,5,1;4;;3,4
LIJIS|550,550,59942,2871|1,2;;1,4;3,5;3,4
LIJIS|550,4919,2871,2871|1,2;3,5;1,5,4;;3,4
LIJIT|71,2188,3758,27|;3;2;3,5;1,5,4
LIJIT|71,69975,95095,27|;2,2,5,2,0;1,5,2;2,5;1,5,4
LIJIT|113,2185,141,141|4;3;4;;4
LIJIT|226,275,27,27|1,4;3;1,5,4;;1,5,4
LIJIT|275,275,27,27|2;;1,5,4;;1,5,4
LIJIT|550,35502,3758,27|1,2;2,1,5;4;3,5;1,5,4
LIJIT|1100,5469,30589,141|3,4;2,5;2,5;3,5;4
LIJIT|1100,560332,585452,141|3,4;3,5,0,3,3,5;2,5;3,5;4
LIJIZ|71,71,12631,2973|;;2,0;3,5;1,2,4
LIJIZ|71,2188,2973,2973|;3;2,0;;1,2,4
LIJIZ|113,113,29809,201|4;;2,2;2,5;1,4
LIJIZ|226,226,59618,147|1,4;;1,4;3,5;4
LIJIZ|3208,3208,201,201|1,3;;3,5,2,5;;1,4
LIJJJ|71,2188,170,955|;3;3;2,5;1,2,5
LIJJJ|71,2188,170,3310|;3;3;1,2,5;2,0,5
LIJJJ|113,2185,3755,955|4;3;2;2,5;1,2,5
LIJJJ|226,226,51,139|1,4;;2,5;1,3,5;4
LIJJJ|226,275,51,139|1,4;3;1,5;1,3,5;4
LIJJJ|275,275,51,139|2;;1,5;1,3,5;4
LIJJJ|802,802,2990,3310|2,4;;1,3,5;1,2,5;2,0,5
LIJJJ|802,35754,170,955|2,4;3,5;4;2,5;1,2,5
LIJJJ|802,35754,170,3310|2,4;3,5;4;1,2,5;2,0,5
LIJJJ|1100,560332,35037,2525|3,4;3,5,0,3,3,5;2,5,0,5;;2,5
LIJJJ|1100,560332,35054,139|3,4;3,5,0,3,3,5;3,5;2,5;4
LIJJJ|1100,560332,35054,3310|3,4;3,5,0,3,3,5;3,5;4;2,0,5
LIJJJ|1100,560332,52428,3310|3,4;3,5,0,3,3,5;4;3,5;2,0,5
LIJJJ|3208,3208,3755,955|1,3;;3,5;2,5;1,2,5
LIJJL|71,2188,2973,3293|;3;2,0;1,2,5;3,5
LIJJL|71,69975,95095,887|;2,2,5,2,0;1,5,2;1,5,4;3,1,5
LIJJL|113,113,6001,113|4;;;1,5,4;1,3,5,2
LIJJL|113,2185,141,29|4;3;4;;4,5
LIJJL|113,2185,153,3293|4;3;;1,2,5;3,5
LIJJL|113,2185,52425,3545|4;3;3,4;2,5,0,5;3,5,4
LIJJL|142,281,153,3293|1;3;1,5,4;1,2,5;3,5
LIJJL|226,275,153,3293|1,4;3;1,5,3;1,2,5;3,5
LIJJL|275,275,153,3293|2;;1,5,3;1,2,5;3,5
LIJJL|802,802,102,887|2,4;;1,2,5;2,5;3,1,5
LIJJL|1100,1100,102,887|3,4;;3,5;2,5;3,1,5
LIJJL|1100,560332,35037,142|3,4;3,5,0,3,3,5;2,5,0,5;2,5;4
LIJJL|1100,560332,35037,3293|3,4;3,5,0,3,3,5;2,5,0,5;4;3,5
LIJJL|1100,560332,52428,3293|3,4;3,5,0,3,3,5;4;2,5,0,5;3,5
LIJJL|3208,3208,153,3293|1,3;;2,5,0,5;1,2,5;3,5
LIJLJ|71,69975,4567,23|;2,2,5,2,0;1,5,4;4,5;1,5,4
LIJLJ|113,113,6001,209|4;;;1,5,3,5;2,5,3
LIJLJ|113,2185,153,955|4;3;;3,5;1,2,5
LIJLJ|113,2185,52425,3310|4;3;3,4;3,5,4;2,0,5
LIJLJ|142,281,153,955|1;3;1,5,4;3,5;1,2,5
LIJLJ|226,275,27,139|1,4;3;1,5,4;1,5;4
LIJLJ|226,275,153,955|1,4;3;1,5,3;3,5;1,2,5
LIJLJ|275,275,27,139|2;;1,5,4;1,5;4
LIJLJ|275,275,153,955|2;;1,5,3;3,5;1,2,5
LIJLJ|275,35227,3483,955|2;2,5,1;4;3,5;1,2,5
LIJLJ|275,35227,6555,955|2;2,5,1;;2,5;1,2,5
LIJLJ|802,802,102,3310|2,4;;1,2,5;1,3,5;2,0,5
LIJLJ|1100,1100,102,3310|3,4;;3,5;1,3,5;2,0,5
LIJLJ|1100,560332,35037,139|3,4;3,5,0,3,3,5;2,5,0,5;3,5;4
LIJLJ|1100,560332,35037,2525|3,4;3,5,0,3,3,5;2,5,0,5;4;2,5
LIJLJ|1100,560332,35054,3310|3,4;3,5,0,3,3,5;3,5;;2,0,5
LIJLJ|1100,560332,52428,3310|3,4;3,5,0,3,3,5;4;3,5;2,0,5
LIJLJ|3208,3208,153,955|1,3;;2,5,0,5;3,5;1,2,5
LIJLL|71,2188,204,29|;3;4;2,5;4,5
LIJLL|71,69975,4951,29|;2,2,5,2,0;1,5;1,5,3,1,5;4,5
LIJLL|113,113,225,113|4;;4;4;1,3,5,2
LIJLL|113,2185,204,29|4;3;3;2,5;4,5
LIJLL|113,2185,52425,3545|4;3;3,4;2,5;3,5,4
LIJLL|142,142,30,142|1;;;1,5;4
LIJLL|142,281,85,887|1;3;3,5;3,5;3,1,5
LIJLL|142,281,85,3293|1;3;3,5;1,3,5;3,5
LIJLL|226,275,3415,887|1,4;3;1,5,2;3,5;3,1,5
LIJLL|275,275,3415,887|2;;1,5,2;3,5;3,1,5
LIJLL|275,35227,6555,29|2;2,5,1;;1,5,3,5;4,5
LIJLL|1100,1100,1885,3293|3,4;;2,5,0,5;1,3,5;3,5
LIJLL|1100,560332,35037,3293|3,4;3,5,0,3,3,5;2,5,0,5;;3,5
LIJLL|1100,560332,35054,142|3,4;3,5,0,3,3,5;3,5;4;4
LIJLL|1100,560332,52428,3293|3,4;3,5,0,3,3,5;4;2,5;3,5
LIJLL|1604,5973,85,887|3;3,5;1,5,4;3,5;3,1,5
LIJLL|1604,5973,85,3293|3;3,5;1,5,4;1,3,5;3,5
LIJLL|3208,3208,204,29|1,3;;3,5,3;2,5;4,5
LIJOI|1100,560332,35054,61166|3,4;3,5,0,3,3,5;3,5;;3,5
LIJOO|1100,560332,52428,204|3,4;3,5,0,3,3,5;4;0,5;0,5
LIJOS|275,35227,839067,3483|2;2,5,1;3,5,4;0,5;3,4
LIJOS|3208,3208,201,57|1,3;;3,5,2,5;0,5;4
LIJOT|275,35227,6555,27|2;2,5,1;;;1,5,4
LIJOZ|113,2185,52425,201|4;3;3,4;0,5;1,4
LIJOZ|142,142,57,201|1;;2;1,5;1,4
LIJOZ|142,281,57,201|1;3;1,5;1,5;1,4
LIJSO|71,2188,156,204|;3;;4;0,5
LIJSO|275,35227,839067,204|2;2,5,1;3,5,4;3,5,4;0,5
LIJSO|1100,560332,40140,204|3,4;3,5,0,3,3,5;;1,5,4;0,5
LIJSS|275,35227,6555,3483|2;2,5,1;;1,5,4;3,4
LIJSS|275,35227,839067,3483|2;2,5,1;3,5,4;3,5;3,4
LIJST|113,2185,141,27|4;3;4;2;1,5,4
LIJST|275,35227,3291,27|2;2,5,1;3,5;3;1,5,4
LIJST|275,35227,6555,27|2;2,5,1;;2,5;1,5,4
LIJST|3208,3208,201,27|1,3;;3,5,2,5;2;1,5,4
LIJSZ|113,2185,153,201|4;3;;4;1,4
LIJSZ|142,281,153,201|1;3;1,5,4;4;1,4
LIJSZ|226,275,153,201|1,4;3;1,5,3;4;1,4
LIJSZ|275,275,153,201|2;;1,5,3;4;1,4
LIJSZ|3208,3208,153,201|1,3;;2,5,0,5;4;1,4
LIJTI|550,4919,55159,30583|1,2;3,5;1,5,2,5;4;2,5
LIJTJ|226,226,51,139|1,4;;2,5;3,1,5;4
LIJTJ|226,275,51,139|1,4;3;1,5;3,1,5;4
LIJTJ|275,275,51,139|2;;1,5;3,1,5;4
LIJTJ|275,35227,6555,955|2;2,5,1;;2,5;1,2,5
LIJTJ|1100,560332,52428,3310|3,4;3,5,0,3,3,5;4;3,5;2,0,5
LIJTL|71,2188,204,29|;3;4;2,0,5;4,5
LIJTL|71,69975,4567,887|;2,2,5,2,0;1,5,4;1,5,2;3,1,5
LIJTL|113,2185,204,29|4;3;3;2,0,5;4,5
LIJTL|113,2185,52425,3545|4;3;3,4;2,0,5;3,5,4
LIJTL|275,35227,6555,29|2;2,5,1;;1,5,3,5;4,5
LIJTL|1100,560332,52428,3293|3,4;3,5,0,3,3,5;4;2,0,5;3,5
LIJTL|3208,3208,204,29|1,3;;3,5,3;2,0,5;4,5
LIJTS|275,35227,6555,3483|2;2,5,1;;1,5,4;3,4
LIJTT|1100,560332,35037,141|3,4;3,5,0,3,3,5;2,5,0,5;4;4
LIJZI|71,71,12631,30583|;;2,0;1,5,2,4;2,5
LIJZI|142,142,25262,61166|1;;4,3;3,4;3,5
LIJZO|113,2185,52425,204|4;3;3,4;2,0,5,2;0,5
LIJZS|113,2185,153,57|4;3;;4;4
LIJZS|142,281,153,57|1;3;1,5,4;4;4
LIJZS|226,275,153,57|1,4;3;1,5,3;4;4
LIJZS|275,275,153,57|2;;1,5,3;4;4
LIJZS|3208,3208,153,57|1,3;;2,5,0,5;4;4
LIJZT|142,142,57,141|1;;2;1,5,3;4
LIJZT|142,281,57,141|1;3;1,5;1,5,3;4
LIJZT|226,275,27,141|1,4;3;1,5,4;1,3;4
LIJZT|275,275,27,141|2;;1,5,4;1,3;4
LILII|71,69975,351575,30583|;2,2,5,2,0;2,5,1;3,5;2,5
LILII|71,139879,421479,30583|;2,2,5,2;1,2,5;2,5;2,5
LILII|226,275,13107,30583|1,4;3;3,5;2,5;2,5
LILII|226,275,13107,48059|1,4;3;3,5;3,5;2,5
LILII|275,275,13107,30583|2;;3,5;2,5;2,5
LILII|275,275,13107,48059|2;;3,5;3,5;2,5
LILII|275,17751,30583,30583|2;2,5;3,5;;2,5
LILII|275,35227,48059,48059|2;2,5,1;3,5;;2,5
LILII|550,550,26214,30583|1,2;;3,5;3,5;2,5
LILII|550,4919,30583,30583|1,2;3,5;1,5,3,5;;2,5
LILII|550,35502,61166,61166|1,2;2,1,5;3,5;;3,5
LILII|1100,1100,52428,56797|3,4;;1,3,5;2,5;3,5
LILII|1100,1100,52428,61166|3,4;;1,3,5;3,5;3,5
LILII|1100,5469,56797,56797|3,4;2,5;1,5,3,5;;3,5
LILII|1100,9838,61166,61166|3,4;3,5;3,1,5;;3,5
LILII|1100,560332,52428,56797|3,4;3,5,0,3,3,5;;2,5;3,5
LILII|1100,560332,52428,61166|3,4;3,5,0,3,3,5;;3,5;3,5
LILIO|71,71,204,204|;;1,3,5;;0,5
LILIO|71,71,4471,153|;;2;2,1,5;
LILIO|71,71,18247,204|;;;2,5;0,5
LILIO|71,2188,153,153|;3;2;;
LILIO|71,2188,204,204|;3;;;0,5
LILIO|71,69975,4471,153|;2,2,5,2,0;4,5;2,1,5;
LILIO|71,69975,4573,51|;2,2,5,2,0;1,5,3,5;3,5;1,5
LILIO|71,139879,8942,51|;2,2,5,2;3,5,1,5;3,5;1,5
LILIO|113,113,29041,153|4;;4;2,5;
LILIO|113,2185,153,153|4;3;4;;
LILIO|142,142,8942,51|1;;2,1;3,5;1,5
LILIO|142,142,36494,153|1;;3,2;3,5;
LILIO|142,281,51,51|1;3;2,5;;1,5
LILIO|142,281,153,153|1;3;1,5;;
LILIO|226,226,58082,51|1,4;;3,3;3,5;1,5
LILIO|226,275,51,51|1,4;3;4,5;;1,5
LILIO|275,275,51,51|2;;4,5;;1,5
LILIO|1100,560332,35054,153|3,4;3,5,0,3,3,5;3,5;3,0,5;
LILIO|1604,1604,30532,204|3;;4;2,5;0,5
LILIO|1604,36556,204,204|3;3,5,3,2,5;4;;0,5
LILIO|3208,3208,204,204|1,3;;2,5,3;;0,5
LILIO|3208,3208,61064,153|1,3;;1,4;3,5;
LILIO|3208,7577,153,153|1,3;2,5;4,5;;
LILIS|226,275,3483,3483|1,4;3;1,5,3,1;;3,4
LILIS|275,275,3483,3483|2;;1,5,3,1;;3,4
LILIS|3208,3208,3483,3483|1,3;;2,5;;3,4
LILIT|71,71,1879,141|;;4;2,5;4
LILIT|71,2188,141,141|;3;4;;4
LILIT|142,142,3758,27|1;;3,3;3,5;1,5,4
LILIT|142,281,27,27|1;3;4,5;;1,5,4
LILIT|226,275,1879,141|1,4;3;1,5,3;2,5;4
LILIT|275,275,1879,141|2;;1,5,3;2,5;4
LILIT|275,35227,141,141|2;2,5,1;3,5,1,5;;4
LILIT|550,550,3758,27|1,2;;3,5,1,5;3,5;1,5,4
LILIT|550,4919,27,27|1,2;3,5;1,5,3,5,1,5;;1,5,4
LILIT|550,4919,1399,141|1,2;3,5;1,5,2,5;3,5;4
LILIT|802,35754,3818,27|2,4;3,5;3,5;3,5;1,5,4
LILIT|3208,3208,3758,27|1,3;;2,5,1;3,5;1,5,4
LILIT|3208,7577,27,27|1,3;2,5;3,5,4,5;;1,5,4
LILIZ|113,113,201,201|4;;1,3,5,2,3;;1,4
LILIZ|113,113,18289,201|4;;;2,5;1,4
LILIZ|113,2185,201,201|4;3;;;1,4
LILIZ|226,226,36578,147|1,4;;1;3,5;4
LILIZ|226,275,147,147|1,4;3;1,5;;4
LILIZ|275,275,147,147|2;;1,5;;4
LILIZ|3208,3208,201,201|1,3;;2,5,2;;1,4
LILJJ|71,71,4471,23|;;2;1,5,4;1,5,4
LILJJ|71,2188,2990,3310|;3;3;1,2,5;2,0,5
LILJJ|71,69975,4471,23|;2,2,5,2,0;4,5;1,5,4;1,5,4
LILJJ|71,69975,4573,23|;2,2,5,2,0;1,5,3,5;2,5;1,5,4
LILJJ|71,69975,4573,2525|;2,2,5,2,0;1,5,3,5;1,5,4;2,5
LILJJ|113,2185,170,955|4;3;2;2,5;1,2,5
LILJJ|113,2185,170,3310|4;3;2;1,2,5;2,0,5
LILJJ|142,281,51,139|1;3;2,5;1,3,5;4
LILJJ|142,281,13113,3001|1;3;3,5;1,3,5;1,2,5,4
LILJJ|226,275,51,139|1,4;3;4,5;1,3,5;4
LILJJ|226,275,13107,955|1,4;3;3,5;1,3,5;1,2,5
LILJJ|275,275,51,139|2;;4,5;1,3,5;4
LILJJ|275,275,13107,955|2;;3,5;1,3,5;1,2,5
LILJJ|550,35502,2990,3310|1,2;2,1,5;4;1,2,5;2,0,5
LILJJ|802,802,170,955|2,4;;3,5,1,5;2,5;1,2,5
LILJJ|802,802,170,3310|2,4;;3,5,1,5;1,2,5;2,0,5
LILJJ|1100,1100,52428,3310|3,4;;1,3,5;3,5;2,0,5
LILJJ|1100,560332,35037,2525|3,4;3,5,0,3,3,5;2,5;;2,5
LILJJ|1100,560332,35054,139|3,4;3,5,0,3,3,5;3,5;2,5;4
LILJJ|1100,560332,35054,3310|3,4;3,5,0,3,3,5;3,5;4;2,0,5
LILJJ|1100,560332,52428,3310|3,4;3,5,0,3,3,5;;3,5;2,0,5
LILJJ|3208,3208,170,955|1,3;;3,5;2,5;1,2,5
LILJJ|3208,3208,170,3310|1,3;;3,5;1,2,5;2,0,5
LILJL|71,71,3687,887|;;1,4;2,5;3,1,5
LILJL|71,71,4471,887|;;2;1,5;3,1,5
LILJL|71,2188,141,29|;3;4;;4,5
LILJL|71,2188,153,3293|;3;2;1,2,5;3,5
LILJL|71,69975,4471,887|;2,2,5,2,0;4,5;1,5;3,1,5
LILJL|113,2185,153,3293|4;3;4;1,2,5;3,5
LILJL|142,142,36494,142|1;;3,2;2,5,3;4
LILJL|142,281,153,3293|1;3;1,5;1,2,5;3,5
LILJL|142,281,13113,887|1;3;3,5;1,2,5,4;3,1,5
LILJL|226,275,13107,887|1,4;3;3,5;1,2,5;3,1,5
LILJL|275,275,13107,887|2;;3,5;1,2,5;3,1,5
LILJL|275,35227,141,29|2;2,5,1;3,5,1,5;;4,5
LILJL|1100,1100,52428,3293|3,4;;1,3,5;2,5,0,5;3,5
LILJL|1100,560332,35037,142|3,4;3,5,0,3,3,5;2,5;2,5;4
LILJL|1100,560332,35037,3293|3,4;3,5,0,3,3,5;2,5;4;3,5
LILJL|1100,560332,36300,142|3,4;3,5,0,3,3,5;4;2,5,4,5;4
LILJL|1100,560332,52428,3293|3,4;3,5,0,3,3,5;;2,5,0,5;3,5
LILJL|3208,7577,153,3293|1,3;2,5;4,5;1,2,5;3,5
LILLJ|71,2188,153,955|;3;2;3,5;1,2,5
LILLJ|71,69975,4573,2525|;2,2,5,2,0;1,5,3,5;1,5;2,5
LILLJ|113,2185,153,955|4;3;4;3,5;1,2,5
LILLJ|142,281,27,139|1;3;4,5;1,5;4
LILLJ|142,281,153,955|1;3;1,5;3,5;1,2,5
LILLJ|142,281,13113,3001|1;3;3,5;3,5,1,5;1,2,5,4
LILLJ|226,275,3483,955|1,4;3;1,5,3,1;3,5;1,2,5
LILLJ|226,275,13107,955|1,4;3;3,5;3,5,1,5;1,2,5
LILLJ|275,275,3483,955|2;;1,5,3,1;3,5;1,2,5
LILLJ|275,275,13107,955|2;;3,5;3,5,1,5;1,2,5
LILLJ|550,4919,27,139|1,2;3,5;1,5,3,5,1,5;1,5;4
LILLJ|802,802,1902,3310|2,4;;1,2,5;1,3,5;2,0,5
LILLJ|1100,1100,1902,3310|3,4;;3,5;1,3,5;2,0,5
LILLJ|1100,1100,52428,3310|3,4;;1,3,5;3,5;2,0,5
LILLJ|1100,560332,35037,139|3,4;3,5,0,3,3,5;2,5;3,5;4
LILLJ|1100,560332,35037,2525|3,4;3,5,0,3,3,5;2,5;4;2,5
LILLJ|1100,560332,35054,3310|3,4;3,5,0,3,3,5;3,5;;2,0,5
LILLJ|1100,560332,52428,3310|3,4;3,5,0,3,3,5;;3,5;2,0,5
LILLJ|3208,3208,3483,955|1,3;;2,5;3,5;1,2,5
LILLJ|3208,7577,27,139|1,3;2,5;3,5,4,5;1,5;4
LILLJ|3208,7577,153,955|1,3;2,5;4,5;3,5;1,2,5
LILLJ|3208,7577,36249,139|1,3;2,5;1,5;3,5,4,5;4
LILLJ|3208,7577,36249,3001|1,3;2,5;1,5;3,5;1,2,5,4
LILLL|71,71,204,29|;;1,3,5;2,5;4,5
LILLL|71,71,4471,29|;;2;1,5,3,5;4,5
LILLL|71,71,4471,887|;;2;4,5;3,1,5
LILLL|71,2188,204,29|;3;;2,5;4,5
LILLL|71,69975,4471,29|;2,2,5,2,0;4,5;1,5,3,5;4,5
LILLL|71,69975,4471,887|;2,2,5,2,0;4,5;4,5;3,1,5
LILLL|71,69975,4573,29|;2,2,5,2,0;1,5,3,5;4,5;4,5
LILLL|113,113,29041,113|4;;4;1,3,5,2;1,3,5,2
LILLL|113,113,36465,113|4;;1;4;1,3,5,2
LILLL|142,142,36494,142|1;;3,2;4;4
LILLL|142,281,1885,3293|1;3;1,5,3;1,3,5;3,5
LILLL|226,275,85,887|1,4;3;1,5,2;3,5;3,1,5
LILLL|226,275,85,3293|1,4;3;1,5,2;1,3,5;3,5
LILLL|226,275,13107,887|1,4;3;3,5;1,2,5;3,1,5
LILLL|275,275,85,887|2;;1,5,2;3,5;3,1,5
LILLL|275,275,85,3293|2;;1,5,2;1,3,5;3,5
LILLL|275,275,13107,887|2;;3,5;1,2,5;3,1,5
LILLL|1100,1100,85,887|3,4;;2,5;3,5;3,1,5
LILLL|1100,1100,85,3293|3,4;;2,5;1,3,5;3,5
LILLL|1100,1100,52428,3293|3,4;;1,3,5;2,5;3,5
LILLL|1100,5469,1885,3293|3,4;2,5;4,5;1,3,5;3,5
LILLL|1100,560332,35037,3293|3,4;3,5,0,3,3,5;2,5;;3,5
LILLL|1100,560332,35054,142|3,4;3,5,0,3,3,5;3,5;4;4
LILLL|1100,560332,52428,3293|3,4;3,5,0,3,3,5;;2,5;3,5
LILLL|1604,36556,204,29|3;3,5,3,2,5;4;2,5;4,5
LILLL|3208,3208,204,29|1,3;;2,5,3;2,5;4,5
LILOI|71,71,4471,30583|;;2;;2,5
LILOI|71,69975,4471,30583|;2,2,5,2,0;4,5;;2,5
LILOI|71,69975,4573,56797|;2,2,5,2,0;1,5,3,5;1;3,5
LILOI|71,139879,8942,61166|;2,2,5,2;3,5,1,5;1,5;3,5
LILOI|142,142,8942,61166|1;;2,1;1,5;3,5
LILOI|1100,560332,35054,61166|3,4;3,5,0,3,3,5;3,5;;3,5
LILOO|226,275,13107,51|1,4;3;3,5;1,5;1,5
LILOO|275,275,13107,51|2;;3,5;1,5;1,5
LILOO|1100,1100,52428,204|3,4;;1,3,5;0,5;0,5
LILOO|1100,560332,52428,204|3,4;3,5,0,3,3,5;;0,5;0,5
LILOO|3208,7577,13209,153|1,3;2,5;3,5,4,5,4;1,5;
LILOS|113,113,201,57|4;;1,3,5,2,3;0,5;4
LILOS|113,2185,201,57|4;3;;0,5;4
LILOS|142,281,13113,57|1;3;3,5;1,5;4
LILOS|3208,3208,201,57|1,3;;2,5,2;0,5;4
LILSO|142,281,13113,51|1;3;3,5;3,1,5,3;1,5
LILSS|3208,7577,13209,57|1,3;2,5;3,5,4,5,4;3,1,5,3;4
LILST|71,2188,141,27|;3;4;2;1,5,4
LILST|113,113,201,27|4;;1,3,5,2,3;2;1,5,4
LILST|113,2185,201,27|4;3;;2;1,5,4
LILST|275,35227,141,27|2;2,5,1;3,5,1,5;2;1,5,4
LILST|3208,3208,201,27|1,3;;2,5,2;2;1,5,4
LILST|3208,7577,36249,141|1,3;2,5;1,5;3,4;4
LILSZ|71,2188,153,201|;3;2;4;1,4
LILSZ|113,2185,153,201|4;3;4;4;1,4
LILSZ|142,281,153,201|1;3;1,5;4;1,4
LILSZ|3208,7577,153,201|1,3;2,5;4,5;4;1,4
LILTI|550,4919,1399,30583|1,2;3,5;1,5,2,5;4;2,5
LILTJ|142,142,78,23|1;;;2,0,5;1,5,4
LILTJ|142,281,51,139|1;3;2,5;3,1,5;4
LILTJ|142,281,13113,3001|1;3;3,5;3,1,5;1,2,5,4
LILTJ|226,275,51,139|1,4;3;4,5;3,1,5;4
LILTJ|226,275,13107,955|1,4;3;3,5;3,1,5;1,2,5
LILTJ|275,275,51,139|2;;4,5;3,1,5;4
LILTJ|275,275,13107,955|2;;3,5;3,1,5;1,2,5
LILTJ|1100,1100,52428,3310|3,4;;1,3,5;3,5;2,0,5
LILTJ|1100,560332,52428,3310|3,4;3,5,0,3,3,5;;3,5;2,0,5
LILTL|71,71,204,29|;;1,3,5;2,0,5;4,5
LILTL|71,2188,204,29|;3;;2,0,5;4,5
LILTL|71,69975,6487,887|;2,2,5,2,0;1,5;2,5;3,1,5
LILTL|226,275,13107,887|1,4;3;3,5;1,2,5;3,1,5
LILTL|275,275,13107,887|2;;3,5;1,2,5;3,1,5
LILTL|1100,1100,52428,3293|3,4;;1,3,5;2,0,5;3,5
LILTL|1100,560332,52428,3293|3,4;3,5,0,3,3,5;;2,0,5;3,5
LILTL|1604,36556,204,29|3;3,5,3,2,5;4;2,0,5;4,5
LILTL|3208,3208,204,29|1,3;;2,5,3;2,0,5;4,5
LILTO|1100,560332,36300,204|3,4;3,5,0,3,3,5;4;4;0,5
LILTO|3208,7577,36249,153|1,3;2,5;1,5;4;
LILTT|1100,560332,35037,141|3,4;3,5,0,3,3,5;2,5;4;4
LILZO|226,275,147,51|1,4;3;1,5;4,4;1,5
LILZO|275,275,147,51|2;;1,5;4,4;1,5
LILZS|71,2188,153,57|;3;2;4;4
LILZS|113,2185,153,57|4;3;4;4;4
LILZS|142,281,153,57|1;3;1,5;4;4
LILZS|3208,7577,153,57|1,3;2,5;4,5;4;4
LILZT|142,281,27,141|1;3;4,5;1,3;4
LILZT|550,4919,27,141|1,2;3,5;1,5,3,5,1,5;1,3;4
LILZT|1100,560332,36300,141|3,4;3,5,0,3,3,5;4;2,4;4
LILZT|3208,7577,27,141|1,3;2,5;3,5,4,5;1,3;4
LIOIJ|71,71,887,139|;;0,5;3,5;4
LIOIJ|71,2188,139,139|;3;0,5;;4
LIOIJ|113,113,13169,3001|4;;0;3,5;1,2,5,4
LIOIJ|142,142,1774,23|1;;;3,5;1,5,4
LIOIJ|142,281,23,23|1;3;;;1,5,4
LIOIJ|226,275,1907,139|1,4;3;;2,5;4
LIOIJ|275,275,1907,139|2;;;2,5;4
LIOIJ|275,35227,139,139|2;2,5,1;;;4
LIOIJ|550,550,3814,23|1,2;;1,5;3,5;1,5,4
LIOIJ|550,4919,23,23|1,2;3,5;1,5;;1,5,4
LIOIJ|3208,3208,3310,3310|1,3;;0,5,1;;2,0,5
LIOIL|71,71,887,887|;;0,5;;3,1,5
LIOIL|71,2188,3820,29|;3;;3,5;4,5
LIOIL|71,69975,96087,29|;2,2,5,2,0;;2,5;4,5
LIOIL|71,69975,122199,887|;2,2,5,2,0;1;3,5;3,1,5
LIOIL|71,139879,192103,887|;2,2,5,2;1,5;2,5;3,1,5
LIOIL|113,2185,142,142|4;3;;;4
LIOIL|226,275,29,29|1,4;3;1,5;;4,5
LIOIL|275,275,29,29|2;;1,5;;4,5
LIOIL|3208,3208,3310,29|1,3;;0,5,1;3,5;4,5
LIOJI|71,71,887,30583|;;0,5;4;2,5
LIOJI|142,142,1774,61166|1;;;4;3,5
LIOJO|71,2188,139,204|;3;0,5;3,4,5;0,5
LIOJO|275,35227,139,204|2;2,5,1;;3,4,5;0,5
LIOJO|1100,560332,2188,204|3,4;3,5,0,3,3,5;0,5;4;0,5
LIOJS|113,2185,142,57|4;3;;2;4
LIOJS|1100,560332,2188,156|3,4;3,5,0,3,3,5;0,5;;1,5,4
LIOJT|71,2188,139,27|;3;0,5;;1,5,4
LIOJT|275,35227,139,27|2;2,5,1;;;1,5,4
LIOJZ|1100,560332,2188,2973|3,4;3,5,0,3,3,5;0,5;2,0;1,2,4
LIOLI|3208,3208,3310,61166|1,3;;0,5,1;1,4;3,5
LIOLO|113,113,13169,51|4;;0;3,5,1,5,2;1,5
LIOLO|226,275,29,51|1,4;3;1,5;3,5;1,5
LIOLO|275,275,29,51|2;;1,5;3,5;1,5
LIOLO|1100,1100,71,204|3,4;;0,5;1,3,5;0,5
LIOLO|1100,560332,2188,153|3,4;3,5,0,3,3,5;0,5;2;
LIOLO|1100,560332,2188,204|3,4;3,5,0,3,3,5;0,5;;0,5
LIOLO|3208,7577,843161,153|1,3;2,5;1;3,5,4,5,4;
LIOLS|113,113,13169,57|4;;0;3,5,1,5,2,3;4
LIOLT|226,275,29,141|1,4;3;1,5;1,5;4
LIOLT|275,275,29,141|2;;1,5;1,5;4
LIOLT|1100,560332,2188,141|3,4;3,5,0,3,3,5;0,5;4;4
LIOLZ|142,281,23,201|1;3;;1,5,3;1,4
LIOLZ|550,4919,23,201|1,2;3,5;1,5;1,5,3;1,4
LIOOJ|71,2188,139,955|;3;0,5;0;1,2,5
LIOOJ|275,35227,139,955|2;2,5,1;;0;1,2,5
LIOOJ|802,802,1006,3310|2,4;;1,5;1,5;2,0,5
LIOOJ|1100,560332,2188,139|3,4;3,5,0,3,3,5;0,5;0,5;4
LIOOJ|3208,3208,3259,955|1,3;;0,5;0,5;1,2,5
LIOOL|113,113,13169,113|4;;0;1,5;1,3,5,2
LIOOL|113,113,52337,113|4;;1;0,5;1,3,5,2
LIOOL|226,275,29,3293|1,4;3;1,5;1;3,5
LIOOL|275,275,29,3293|2;;1,5;1;3,5
LIOOL|1100,1100,71,887|3,4;;0,5;0,5;3,1,5
LIOSJ|113,2185,142,3310|4;3;;1;2,0,5
LIOSL|113,113,13169,113|4;;0;1,2,5;1,3,5,2
LIOSL|1100,560332,2188,142|3,4;3,5,0,3,3,5;0,5;4;4
LIOTL|1100,560332,2188,142|3,4;3,5,0,3,3,5;0,5;4;4
LIOTT|113,2185,142,27|4;3;;2;1,5,4
LIOTT|142,281,23,141|1;3;;1,5,3;4
LIOTT|550,4919,23,141|1,2;3,5;1,5;1,5,3;4
LIOZJ|1100,560332,2188,3310|3,4;3,5,0,3,3,5;0,5;2;2,0,5
LIOZL|142,142,958,142|1;;0;1,5,2;4
LIOZL|142,281,23,887|1;3;;;3,1,5
LIOZL|550,4919,23,887|1,2;3,5;1,5;;3,1,5
LISIJ|142,142,3310,3310|1;;1;;2,0,5
LISIJ|226,275,887,139|1,4;3;2,5;3,5;4
LISIJ|275,275,887,139|2;;2,5;3,5;4
LISIJ|275,35227,139,139|2;2,5,1;2,5;;4
LISIJ|550,550,1774,23|1,2;;3,1,5;3,5;1,5,4
LISIJ|550,4919,23,23|1,2;3,5;1,5,2,5;;1,5,4
LISIJ|802,35754,11946,955|2,4;3,5;2;3,5;1,2,5
LISIJ|1100,560332,36556,2525|3,4;3,5,0,3,3,5;4;3,5;2,5
LISIL|71,71,1655,142|;;;2,5;4
LISIL|71,2188,142,142|;3;4;;4
LISIL|71,69975,89559,887|;2,2,5,2,0;1,5,2;3,5;3,1,5
LISIL|71,139879,159463,887|;2,2,5,2;1,2,5;2,5;3,1,5
LISIL|113,2185,2491,2491|4;3;3;;1,3,5
LISIL|142,142,3310,29|1;;1;3,5;4,5
LISIL|142,281,29,29|1;3;1,5,4;;4,5
LISIL|226,275,887,887|1,4;3;2,5;;3,1,5
LISIL|275,275,887,887|2;;2,5;;3,1,5
LISIL|275,17751,96087,29|2;2,5;3;2,5;4,5
LISIL|275,35227,113563,29|2;2,5,1;3;2,5;4,5
LISIL|1604,1604,1910,142|3;;1,2,4;2,5;4
LISIL|1604,36556,847564,3293|3;3,5,3,2,5;1;3,5;3,5
LISIL|3208,3208,3820,29|1,3;;2,5,1;3,5;4,5
LISJI|226,275,887,30583|1,4;3;2,5;4;2,5
LISJI|275,275,887,30583|2;;2,5;4;2,5
LISJI|550,550,1774,61166|1,2;;3,1,5;4;3,5
LISJO|113,2185,52873,153|4;3;3,1,3;2,0,5,2,3;
LISJO|275,35227,139,204|2;2,5,1;2,5;3,4,5;0,5
LISJO|1604,36556,847564,204|3;3,5,3,2,5;1;2,0,5;0,5
LISJS|71,2188,142,57|;3;4;2;4
LISJS|275,35227,113563,3483|2;2,5,1;3;1,5,2,5,4,4;3,4
LISJT|275,35227,139,27|2;2,5,1;2,5;;1,5,4
LISJT|275,35227,113563,27|2;2,5,1;3;1,5,2,5,4;1,5,4
LISJZ|113,2185,52873,201|4;3;3,1,3;2,0,5,3;1,4
LISLI|71,71,1655,30583|;;;4;2,5
LISLI|142,142,3310,61166|1;;1;1,4;3,5
LISLO|142,281,29,51|1;3;1,5,4;3,5;1,5
LISLO|1100,560332,36556,204|3,4;3,5,0,3,3,5;4;4;0,5
LISLT|142,281,29,141|1;3;1,5,4;1,5;4
LISLZ|550,4919,23,201|1,2;3,5;1,5,2,5;1,5,3;1,4
LISOJ|275,35227,139,955|2;2,5,1;2,5;0;1,2,5
LISOL|113,113,1217,113|4;;1,2;0,5;1,3,5,2
LISOL|142,281,29,3293|1;3;1,5,4;1;3,5
LISSJ|71,2188,142,3310|;3;4;1;2,0,5
LISTL|1100,560332,35038,142|3,4;3,5,0,3,3,5;2,5;4;4
LISTT|71,2188,142,27|;3;4;2;1,5,4
LISTT|142,281,893,141|1;3;2,5;3,1,5;4
LISTT|550,4919,23,141|1,2;3,5;1,5,2,5;1,5,3;4
LISTT|3208,3208,3307,27|1,3;;2,5,3;2,0,5;1,5,4
LISZJ|113,2185,2491,955|4;3;3;4;1,2,5
LISZJ|1100,560332,35038,3310|3,4;3,5,0,3,3,5;2,5;3;2,0,5
LISZL|550,4919,23,887|1,2;3,5;1,5,2,5;;3,1,5
LITII|71,69975,382295,30583|;2,2,5,2,0;1,5,4,3;3,5;2,5
LITII|71,139879,452199,30583|;2,2,5,2;1,2,5;2,5;2,5
LITIJ|71,69975,5463,2525|;2,2,5,2,0;1,5;2,5;2,5
LITIJ|113,2185,139,139|4;3;4;;4
LITIJ|226,275,23,23|1,4;3;1,5,4;;1,5,4
LITIJ|275,275,23,23|2;;1,5,4;;1,5,4
LITIJ|550,4919,1847,139|1,2;3,5;1,5,4;2,5;4
LITIJ|550,35502,10926,955|1,2;2,1,5;;3,5;1,2,5
LITIJ|1100,560332,36556,2525|3,4;3,5,0,3,3,5;4;3,5;2,5
LITIL|71,71,1895,142|;;4;2,5;4
LITIL|71,2188,142,142|;3;4;;4
LITIL|142,142,3790,29|1;;4,1;3,5;4,5
LITIL|142,281,29,29|1;3;1,5,4;;4,5
LITIL|1604,5973,18261,3293|3;3,5;1,5;2,5;3,5
LITIO|1100,560332,35054,153|3,4;3,5,0,3,3,5;3,5;3,0,5;
LITIT|71,2188,2798,27|;3;2;3,5;1,5,4
LITIT|71,69975,79735,27|;2,2,5,2,0;1,5,2;3,5;1,5,4
LITIT|142,142,27,27|1;;2;;1,5,4
LITIT|226,275,1399,141|1,4;3;1,5,3;3,5;4
LITIT|275,275,1399,141|2;;1,5,3;3,5;4
LITIT|275,35227,141,141|2;2,5,1;3,1,5;;4
LITIT|550,550,2798,27|1,2;;3,1,5;3,5;1,5,4
LITIT|550,4919,27,27|1,2;3,5;1,5,3,1,5;;1,5,4
LITIT|550,4919,1399,141|1,2;3,5;1,5,2,5;3,5;4
LITIT|3208,3208,3818,27|1,3;;3,5,4;3,5;1,5,4
LITJI|71,69975,5463,30583|;2,2,5,2,0;1,5;2,5;2,5
LITJI|550,35502,10926,61166|1,2;2,1,5;;1,2,5;3,5
LITJJ|71,2188,2750,3310|;3;3;1,2,5;2,0,5
LITJJ|71,69975,105943,23|;2,2,5,2,0;1,5,3;2,5;1,5,4
LITJJ|113,2185,2795,955|4;3;2;2,5;1,2,5
LITJJ|1100,560332,35037,2525|3,4;3,5,0,3,3,5;2,0,5;;2,5
LITJJ|1100,560332,35054,139|3,4;3,5,0,3,3,5;3,5;2,5;4
LITJJ|1100,560332,35054,3310|3,4;3,5,0,3,3,5;3,5;4;2,0,5
LITJL|71,2188,2493,3293|;3;2,0;1,2,5;3,5
LITJL|113,113,2241,142|4;;1,3;2,5,3;4
LITJL|275,35227,141,29|2;2,5,1;3,1,5;;4,5
LITJL|1100,560332,35037,142|3,4;3,5,0,3,3,5;2,0,5;2,5;4
LITJL|1100,560332,35037,3293|3,4;3,5,0,3,3,5;2,0,5;4;3,5
LITJO|113,2185,139,204|4;3;4;3,4,5;0,5
LITJO|142,142,46,51|1;;;2,5;1,5
LITJS|71,2188,142,57|;3;4;2;4
LITJT|113,2185,139,27|4;3;4;;1,5,4
LITLJ|71,69975,79735,23|;2,2,5,2,0;1,5,2;1,5,3,1,5;1,5,4
LITLJ|113,113,2241,209|4;;1,3;4;2,5,3
LITLJ|142,142,27,139|1;;2;1,5;4
LITLJ|226,275,2523,955|1,4;3;1,5,3,1;3,5;1,2,5
LITLJ|275,275,2523,955|2;;1,5,3,1;3,5;1,2,5
LITLJ|550,4919,27,139|1,2;3,5;1,5,3,1,5;1,5;4
LITLJ|1100,1100,1662,3310|3,4;;3,5;1,3,5;2,0,5
LITLJ|1100,560332,35037,139|3,4;3,5,0,3,3,5;2,0,5;3,5;4
LITLJ|1100,560332,35037,2525|3,4;3,5,0,3,3,5;2,0,5;4;2,5
LITLJ|1100,560332,35054,3310|3,4;3,5,0,3,3,5;3,5;;2,0,5
LITLL|71,71,4951,29|;;2,0;1,5,3,1,5;4,5
LITLL|142,281,1405,3293|1;3;1,5,3;1,3,5;3,5
LITLL|226,275,1495,887|1,4;3;1,5,2;3,5;3,1,5
LITLL|275,275,1495,887|2;;1,5,2;3,5;3,1,5
LITLL|1100,1100,1405,3293|3,4;;2,0,5;1,3,5;3,5
LITLL|1100,560332,35037,3293|3,4;3,5,0,3,3,5;2,0,5;;3,5
LITLL|1100,560332,35054,142|3,4;3,5,0,3,3,5;3,5;4;4
LITLO|142,281,29,51|1;3;1,5,4;3,5;1,5
LITLO|1100,560332,36556,204|3,4;3,5,0,3,3,5;4;4;0,5
LITLT|142,281,29,141|1;3;1,5,4;1,5;4
LITLZ|226,275,23,201|1,4;3;1,5,4;1,5,3;1,4
LITLZ|275,275,23,201|2;;1,5,4;1,5,3;1,4
LITOI|1100,560332,35054,61166|3,4;3,5,0,3,3,5;3,5;;3,5
LITOJ|113,2185,139,955|4;3;4;0;1,2,5
LITOJ|142,142,46,3310|1;;;1,5;2,0,5
LITOL|142,281,29,3293|1;3;1,5,4;1;3,5
LITSJ|71,2188,142,3310|;3;4;1;2,0,5
LITST|275,35227,141,27|2;2,5,1;3,1,5;2;1,5,4
LITSZ|113,113,2241,147|4;;1,3;2;4
LITTI|71,2188,2798,61166|;3;2;4;3,5
LITTI|71,69975,79735,30583|;2,2,5,2,0;1,5,2;1,5,4;2,5
LITTI|226,275,1399,30583|1,4;3;1,5,3;4;2,5
LITTI|275,275,1399,30583|2;;1,5,3;4;2,5
LITTI|550,550,2798,61166|1,2;;3,1,5;4;3,5
LITTI|550,4919,1399,30583|1,2;3,5;1,5,2,5;4;2,5
LITTJ|142,281,891,139|1;3;2,5;3,1,5;4
LITTL|113,2185,3309,29|4;3;3,1;2,0,5;4,5
LITTO|1604,36556,7116,204|3;3,5,3,2,5;2;1,5,4;0,5
LITTT|71,2188,142,27|;3;4;2;1,5,4
LITTT|226,275,23,141|1,4;3;1,5,4;1,5,3;4
LITTT|275,275,23,141|2;;1,5,4;1,5,3;4
LITTT|1100,560332,35037,141|3,4;3,5,0,3,3,5;2,0,5;4;4
LITTT|3208,3208,202,27|1,3;;3,5,3;2,0,5;1,5,4
LITZI|71,69975,79735,30583|;2,2,5,2,0;1,5,2;4;2,5
LITZL|226,275,23,887|1,4;3;1,5,4;;3,1,5
LITZL|275,275,23,887|2;;1,5,4;;3,1,5
LITZT|142,142,27,141|1;;2;1,3;4
LITZT|550,4919,27,141|1,2;3,5;1,5,3,1,5;1,3;4
LIZIJ|71,71,18023,3310|;;2;3,5,3,3,5;2,0,5
LIZIJ|71,2188,3310,3310|;3;2;;2,0,5
LIZIJ|113,2185,139,139|4;3;4;;4
LIZIJ|142,142,36046,2525|1;;4,3,1;2,5;2,5
LIZIJ|142,281,2525,2525|1;3;3,5,1;;2,5
LIZIJ|226,275,23,23|1,4;3;1,5,4;;1,5,4
LIZIJ|275,275,23,23|2;;1,5,4;;1,5,4
LIZIJ|550,4919,1847,139|1,2;3,5;4;2,5;4
LIZIJ|550,4919,226103,955|1,2;3,5;;2,5;1,2,5
LIZIL|71,2188,3310,29|;3;2;3,5;4,5
LIZIL|71,69975,87927,29|;2,2,5,2,0;2,5;2,5;4,5
LIZIL|1100,5469,292701,3293|3,4;2,5;2;3,5;3,5
LIZIL|1100,560332,847564,3293|3,4;3,5,0,3,3,5;2;3,5;3,5
LIZJI|71,71,18023,30583|;;2;2,0,5;2,5
LIZJI|142,142,36046,61166|1;;4,3,1;2,5;3,5
LIZJO|113,2185,139,204|4;3;4;3,4,5;0,5
LIZJO|1100,560332,847564,204|3,4;3,5,0,3,3,5;2;2,0,5;0,5
LIZJT|113,2185,139,27|4;3;4;;1,5,4
LIZJT|142,142,36046,141|1;;4,3,1;2,5,0,5;4
LIZJZ|1100,560332,35053,2973|3,4;3,5,0,3,3,5;3,5;2;1,2,4
LIZLI|71,2188,3310,61166|;3;2;1,4;3,5
LIZLI|71,69975,87927,30583|;2,2,5,2,0;2,5;4,5;2,5
LIZLO|142,281,14105,153|1;3;;3,1,5,2,3;
LIZLO|226,275,14099,51|1,4;3;;3,1,5,2;1,5
LIZLO|275,275,14099,51|2;;;3,1,5,2;1,5
LIZLS|142,281,14105,57|1;3;;3,1,5,2;4
LIZLS|550,4919,226103,2871|1,2;3,5;;3,1,5;3,4
LIZLT|1100,560332,35053,141|3,4;3,5,0,3,3,5;3,5;4;4
LIZLZ|142,142,36046,3534|1;;4,3,1;4;2,4
LIZLZ|226,275,23,201|1,4;3;1,5,4;1,5,3;1,4
LIZLZ|226,275,14099,147|1,4;3;;3,1,5,2,3;4
LIZLZ|275,275,23,201|2;;1,5,4;1,5,3;1,4
LIZLZ|275,275,14099,147|2;;;3,1,5,2,3;4
LIZOJ|113,2185,139,955|4;3;4;0;1,2,5
LIZOJ|142,142,1006,3310|1;;;1,5;2,0,5
LIZOJ|275,35227,3259,955|2;2,5,1;3;0,5;1,2,5
LIZOL|142,142,36046,142|1;;4,3,1;0,5;4
LIZSL|142,281,2525,3293|1;3;3,5,1;4;3,5
LIZTT|113,2185,3307,27|4;3;3;2,0,5;1,5,4
LIZTT|142,142,36046,141|1;;4,3,1;2,0,5;4
LIZTT|226,275,23,141|1,4;3;1,5,4;1,5,3;4
LIZTT|275,275,23,141|2;;1,5,4;1,5,3;4
LIZZL|142,142,43,142|1;;2;1,5,3;4
LIZZL|142,142,36046,142|1;;4,3,1;3,5;4
LIZZL|226,275,23,887|1,4;3;1,5,4;;3,1,5
LIZZL|226,275,14099,887|1,4;3;;1,5,2,2;3,1,5
LIZZL|275,275,23,887|2;;1,5,4;;3,1,5
LIZZL|275,275,14099,887|2;;;1,5,2,2;3,1,5
LIZZL|550,4919,2423,887|1,2;3,5;1,5,2;4;3,1,5
LIZZL|550,4919,226103,887|1,2;3,5;;1,5,2;3,1,5
LJIII|71,803911,873815,30583|;1,3,4;2,5;3,5;2,5
LJIII|71,803911,943719,30583|;1,3,4;3,5;2,5;2,5
LJIII|1100,476236,52428,56797|3,4;2,5,2;3,5;2,5;3,5
LJIII|1100,476236,52428,61166|3,4;2,5,2;3,5;3,5;3,5
LJIIO|71,29767,204,204|;3,3,5;2,5;;0,5
LJIIO|71,29767,29767,204|;3,3,5;;2,5;0,5
LJIIO|113,6001,153,153|4;;2,5;;
LJIIO|113,6001,6001,153|4;;;2,5;
LJIIO|142,59534,153,153|1;3,4,2,5;3,5;;
LJIIO|142,59534,59534,153|1;3,4,2,5;;3,5;
LJIIO|226,51,51,51|1,4;2,5;;;1,5
LJIIO|226,51,17527,204|1,4;2,5;2;3,4,1,5;0,5
LJIIO|226,51,35003,204|1,4;2,5;3;2,5;0,5
LJIIO|226,12002,51,51|1,4;1;3,5;;1,5
LJIIO|226,12002,12002,51|1,4;1;;3,5;1,5
LJIIO|275,51,51,51|2;1,5;;;1,5
LJIIO|275,51,17527,204|2;1,5;2;3,4,1,5;0,5
LJIIO|275,51,35003,204|2;1,5;3;2,5;0,5
LJIIO|275,153,153,153|2;1,5,3;;;
LJIIO|802,102,4471,153|2,4;1,2,5;3;2,1,5;
LJIIO|802,102,35054,153|2,4;1,2,5;3,3,5,2,5;3,0,5;
LJIIO|1100,102,4471,153|3,4;3,5;3;2,1,5;
LJIIO|1100,102,35054,153|3,4;3,5;3,3,5,2,5;3,0,5;
LJIIO|3208,153,153,153|1,3;2,5,0,5;;;
LJIIO|3208,204,204,204|1,3;3,5,3;;;0,5
LJIIO|3208,204,4573,51|1,3;3,5,3;2;3,5;1,5
LJIIO|3208,204,8942,51|1,3;3,5,3;3;3,5;1,5
LJIIS|71,5959,156,156|;;2,5;;1,5,4
LJIIS|71,5959,5959,156|;;;2,5;1,5,4
LJIIS|142,57,57,57|1;2;;;4
LJIIS|142,11918,57,57|1;3,2;3,5;;4
LJIIS|142,11918,11918,57|1;3,2;;3,5;4
LJIIS|275,29971,3483,3483|2;4;2,5;;3,4
LJIIS|275,29971,29971,3483|2;4;;2,5;3,4
LJIIS|550,59942,2871,2871|1,2;1,4;3,5;;3,4
LJIIS|550,59942,59942,2871|1,2;1,4;;3,5;3,4
LJIIT|71,25191,3758,27|;2;3,5,3,2,5;3,5;1,5,4
LJIIT|71,25191,95095,27|;2;3,5;2,5;1,5,4
LJIIT|275,27,27,27|2;1,5,4;;;1,5,4
LJIIT|550,30246,3758,27|1,2;4;2,5;3,5;1,5,4
LJIIT|1100,26220,30589,141|3,4;2,5;3,5;3,5;4
LJIIZ|71,12631,2973,2973|;2,0;3,5;;1,2,4
LJIIZ|71,12631,12631,2973|;2,0;;3,5;1,2,4
LJIIZ|113,29809,201,201|4;2,2;2,5;;1,4
LJIIZ|113,29809,29809,201|4;2,2;;2,5;1,4
LJIIZ|226,59618,147,147|1,4;1,4;3,5;;4
LJIIZ|226,59618,59618,147|1,4;1,4;;3,5;4
LJIIZ|3208,201,201,201|1,3;3,5,2,5;;;1,4
LJIJJ|71,8823,170,955|;3;2,1,5;2,5;1,2,5
LJIJJ|71,8823,170,3310|;3;2,1,5;1,2,5;2,0,5
LJIJJ|226,51,51,139|1,4;2,5;;1,3,5;4
LJIJJ|226,51,35003,139|1,4;2,5;3;4;4
LJIJJ|226,12002,51,139|1,4;1;3,5;1,3,5;4
LJIJJ|275,51,51,139|2;1,5;;1,3,5;4
LJIJJ|275,51,35003,139|2;1,5;3;4;4
LJIJJ|802,102,4471,23|2,4;1,2,5;3;1,5,4;1,5,4
LJIJJ|802,102,35054,139|2,4;1,2,5;3,3,5,2,5;2,5;4
LJIJJ|802,102,35054,3310|2,4;1,2,5;3,3,5,2,5;4;2,0,5
LJIJJ|802,2990,2990,3310|2,4;1,3,5;;1,2,5;2,0,5
LJIJJ|802,30498,170,955|2,4;4;2,5;2,5;1,2,5
LJIJJ|802,30498,170,3310|2,4;4;2,5;1,2,5;2,0,5
LJIJJ|1100,102,4471,23|3,4;3,5;3;1,5,4;1,5,4
LJIJJ|1100,102,35054,139|3,4;3,5;3,3,5,2,5;2,5;4
LJIJJ|1100,102,35054,3310|3,4;3,5;3,3,5,2,5;4;2,0,5
LJIJJ|1100,1885,35037,2525|3,4;2,5,0,5;3;;2,5
LJIJJ|1100,476236,52428,3310|3,4;2,5,2;3,5;3,5;2,0,5
LJIJJ|3208,204,4573,23|1,3;3,5,3;2;2,5;1,5,4
LJIJJ|3208,204,4573,2525|1,3;3,5,3;2;1,5,4;2,5
LJIJJ|3208,3755,3755,955|1,3;3,5;;2,5;1,2,5
LJIJJ|3208,3755,4539,955|1,3;3,5;3;1,5;1,2,5
LJIJL|71,12631,2973,3293|;2,0;3,5;1,2,5;3,5
LJIJL|71,25191,95095,887|;2;3,5;1,5,4;3,1,5
LJIJL|113,6001,153,3293|4;;2,5;1,2,5;3,5
LJIJL|113,6001,6001,113|4;;;1,5,4;1,3,5,2
LJIJL|113,201073,14745,3545|4;2;3,5;1,2,5,4,5,4;3,5,4
LJIJL|142,59534,153,3293|1;3,4,2,5;3,5;1,2,5;3,5
LJIJL|226,51,35003,2491|1,4;2,5;3;;1,3,5
LJIJL|275,51,35003,2491|2;1,5;3;;1,3,5
LJIJL|275,153,153,3293|2;1,5,3;;1,2,5;3,5
LJIJL|802,102,102,887|2,4;1,2,5;;2,5;3,1,5
LJIJL|802,102,4471,887|2,4;1,2,5;3;1,5;3,1,5
LJIJL|1100,102,102,887|3,4;3,5;;2,5;3,1,5
LJIJL|1100,102,4471,887|3,4;3,5;3;1,5;3,1,5
LJIJL|1100,1885,35037,142|3,4;2,5,0,5;3;2,5;4
LJIJL|1100,1885,35037,3293|3,4;2,5,0,5;3;4;3,5
LJIJL|1100,476236,52428,3293|3,4;2,5,2;3,5;2,5,0,5;3,5
LJIJL|3208,153,153,3293|1,3;2,5,0,5;;1,2,5;3,5
LJIJL|3208,3755,4539,29|1,3;3,5;3;1,5,2,5;4,5
LJIJL|3208,3755,4539,2491|1,3;3,5;3;1,5,4;1,3,5
LJILJ|71,3783,4567,23|;4;3;4,5;1,5,4
LJILJ|113,6001,153,955|4;;2,5;3,5;1,2,5
LJILJ|113,6001,6001,209|4;;;1,5,3,5;2,5,3
LJILJ|142,59534,153,955|1;3,4,2,5;3,5;3,5;1,2,5
LJILJ|275,27,27,139|2;1,5,4;;1,5;4
LJILJ|275,153,153,955|2;1,5,3;;3,5;1,2,5
LJILJ|275,29971,3483,955|2;4;2,5;3,5;1,2,5
LJILJ|275,94483,6555,955|2;;2,5;2,5;1,2,5
LJILJ|802,102,102,3310|2,4;1,2,5;;1,3,5;2,0,5
LJILJ|802,102,35054,3310|2,4;1,2,5;3,3,5,2,5;;2,0,5
LJILJ|1100,102,102,3310|3,4;3,5;;1,3,5;2,0,5
LJILJ|1100,102,35054,3310|3,4;3,5;3,3,5,2,5;;2,0,5
LJILJ|1100,1885,35037,139|3,4;2,5,0,5;3;3,5;4
LJILJ|1100,1885,35037,2525|3,4;2,5,0,5;3;4;2,5
LJILJ|1100,476236,52428,3310|3,4;2,5,2;3,5;3,5;2,0,5
LJILJ|3208,153,153,955|1,3;2,5,0,5;;3,5;1,2,5
LJILJ|3208,204,4573,2525|1,3;3,5,3;2;1,5;2,5
LJILJ|3208,3755,4539,23|1,3;3,5;3;1,5,3,5;1,5,4
LJILJ|3208,3755,4539,955|1,3;3,5;3;4,5;1,2,5
LJILL|71,11847,4951,29|;1;3,5;1,5,3,1,5;4,5
LJILL|71,29767,204,29|;3,3,5;2,5;2,5;4,5
LJILL|113,225,225,113|4;4;;4;1,3,5,2
LJILL|142,30,30,142|1;;;1,5;4
LJILL|142,17646,85,887|1;3;2,5;3,5;3,1,5
LJILL|142,17646,85,3293|1;3;2,5;1,3,5;3,5
LJILL|226,51,35003,142|1,4;2,5;3;3,5;4
LJILL|226,51,35003,2491|1,4;2,5;3;4;1,3,5
LJILL|226,560354,35283,2995|1,4;1,3;3,5,0,5;3,5;3,5,4
LJILL|275,51,35003,142|2;1,5;3;3,5;4
LJILL|275,51,35003,2491|2;1,5;3;4;1,3,5
LJILL|275,3415,3415,887|2;1,5,2;;3,5;3,1,5
LJILL|275,94483,6555,29|2;;2,5;1,5,3,5;4,5
LJILL|802,102,4471,29|2,4;1,2,5;3;1,5,3,5;4,5
LJILL|802,102,4471,887|2,4;1,2,5;3;4,5;3,1,5
LJILL|802,102,35054,142|2,4;1,2,5;3,3,5,2,5;4;4
LJILL|1100,102,4471,29|3,4;3,5;3;1,5,3,5;4,5
LJILL|1100,102,4471,887|3,4;3,5;3;4,5;3,1,5
LJILL|1100,102,35054,142|3,4;3,5;3,3,5,2,5;4;4
LJILL|1100,1885,1885,3293|3,4;2,5,0,5;;1,3,5;3,5
LJILL|1100,1885,35037,3293|3,4;2,5,0,5;3;;3,5
LJILL|1100,476236,52428,3293|3,4;2,5,2;3,5;2,5;3,5
LJILL|1604,60996,85,887|3;4;3,5;3,5;3,1,5
LJILL|1604,60996,85,3293|3;4;3,5;1,3,5;3,5
LJILL|3208,204,204,29|1,3;3,5,3;;2,5;4,5
LJILL|3208,204,4573,29|1,3;3,5,3;2;4,5;4,5
LJILL|3208,3755,4539,2491|1,3;3,5;3;1,5;1,3,5
LJIOI|226,51,17527,30583|1,4;2,5;2;0,5;2,5
LJIOI|226,51,35003,48059|1,4;2,5;3;0;2,5
LJIOI|275,51,17527,30583|2;1,5;2;0,5;2,5
LJIOI|275,51,35003,48059|2;1,5;3;0;2,5
LJIOI|802,102,4471,30583|2,4;1,2,5;3;;2,5
LJIOI|802,102,35054,61166|2,4;1,2,5;3,3,5,2,5;;3,5
LJIOI|1100,102,4471,30583|3,4;3,5;3;;2,5
LJIOI|1100,102,35054,61166|3,4;3,5;3,3,5,2,5;;3,5
LJIOI|3208,204,4573,56797|1,3;3,5,3;2;1;3,5
LJIOI|3208,204,8942,61166|1,3;3,5,3;3;1,5;3,5
LJIOO|1100,476236,52428,204|3,4;2,5,2;3,5;0,5;0,5
LJIOS|113,29809,201,57|4;2,2;2,5;0,5;4
LJIOS|3208,201,201,57|1,3;3,5,2,5;;0,5;4
LJIOT|275,94483,6555,27|2;;2,5;;1,5,4
LJIOZ|142,57,57,201|1;2;;1,5;1,4
LJIOZ|142,11918,57,201|1;3,2;3,5;1,5;1,4
LJISO|71,5959,156,204|;;2,5;4;0,5
LJISO|113,201073,14745,153|4;2;3,5;4;
LJISO|1100,95308,40140,204|3,4;;3,5;1,5,4;0,5
LJISS|275,94483,6555,3483|2;;2,5;1,5,4;3,4
LJIST|113,29809,201,27|4;2,2;2,5;2;1,5,4
LJIST|275,17779,3291,27|2;3,5;2,5;3;1,5,4
LJIST|275,94483,6555,27|2;;2,5;2,5;1,5,4
LJIST|3208,201,201,27|1,3;3,5,2,5;;2;1,5,4
LJISZ|113,6001,153,201|4;;2,5;4;1,4
LJISZ|142,59534,153,201|1;3,4,2,5;3,5;4;1,4
LJISZ|275,153,153,201|2;1,5,3;;4;1,4
LJISZ|3208,153,153,201|1,3;2,5,0,5;;4;1,4
LJITI|550,50790,55159,30583|1,2;1,2,5;3,5;4;2,5
LJITJ|226,51,51,139|1,4;2,5;;3,1,5;4
LJITJ|226,12002,51,139|1,4;1;3,5;3,1,5;4
LJITJ|275,51,51,139|2;1,5;;3,1,5;4
LJITJ|275,94483,6555,955|2;;2,5;2,5;1,2,5
LJITJ|1100,476236,52428,3310|3,4;2,5,2;3,5;3,5;2,0,5
LJITL|71,3783,4567,887|;4;3;1,5,2;3,1,5
LJITL|71,29767,204,29|;3,3,5;2,5;2,0,5;4,5
LJITL|275,94483,6555,29|2;;2,5;1,5,3,5;4,5
LJITL|1100,476236,52428,3293|3,4;2,5,2;3,5;2,0,5;3,5
LJITL|3208,204,204,29|1,3;3,5,3;;2,0,5;4,5
LJITS|275,94483,6555,3483|2;;2,5;1,5,4;3,4
LJITT|1100,1885,35037,141|3,4;2,5,0,5;3;4;4
LJITT|3208,3755,4539,27|1,3;3,5;3;1,5,4;1,5,4
LJIZI|71,12631,12631,30583|;2,0;;1,5,2,4;2,5
LJIZI|142,25262,25262,61166|1;4,3;;3,4;3,5
LJIZO|226,59618,147,51|1,4;1,4;3,5;4,4;1,5
LJIZS|113,6001,153,57|4;;2,5;4;4
LJIZS|142,59534,153,57|1;3,4,2,5;3,5;4;4
LJIZS|275,153,153,57|2;1,5,3;;4;4
LJIZS|3208,153,153,57|1,3;2,5,0,5;;4;4
LJIZT|142,57,57,141|1;2;;1,5,3;4
LJIZT|142,11918,57,141|1;3,2;3,5;1,5,3;4
LJIZT|275,27,27,141|2;1,5,4;;1,3;4
LJJIJ|71,8823,209783,955|;3;2,5;3,5;1,2,5
LJJIJ|113,11889,13169,3001|4;1;2,5;3,5;1,2,5,4
LJJIJ|113,201073,13169,3001|4;2;1,3,5,2;3,5;1,2,5,4
LJJIJ|142,8894,3694,23|1;4,2;1,2,5;3,5;1,5,4
LJJIJ|142,50382,3694,23|1;3,4;3,5;3,5;1,5,4
LJJIJ|226,51,139,139|1,4;2,5;1,3,5;;4
LJJIJ|226,51,1907,139|1,4;2,5;4;2,5;4
LJJIJ|275,51,139,139|2;1,5;1,3,5;;4
LJJIJ|275,51,1907,139|2;1,5;4;2,5;4
LJJIJ|550,35558,3814,23|1,2;1,3,5;4;3,5;1,5,4
LJJIJ|802,102,887,139|2,4;1,2,5;2,5;3,5;4
LJJIJ|802,102,3814,23|2,4;1,2,5;4;3,5;1,5,4
LJJIJ|802,102,29798,3310|2,4;1,2,5;2,5,2;2,5;2,0,5
LJJIJ|802,2990,3310,3310|2,4;1,3,5;1,2,5;;2,0,5
LJJIJ|1100,102,887,139|3,4;3,5;2,5;3,5;4
LJJIJ|1100,102,3814,23|3,4;3,5;4;3,5;1,5,4
LJJIJ|1100,102,29798,3310|3,4;3,5;2,5,2;2,5;2,0,5
LJJIJ|1100,1885,96093,2525|3,4;2,5,0,5;;3,5;2,5
LJJIJ|3208,204,1774,23|1,3;3,5,3;2,5;3,5;1,5,4
LJJIJ|3208,204,59596,2525|1,3;3,5,3;1,4;3,5;2,5
LJJIJ|3208,3755,955,955|1,3;3,5;2,5;;1,2,5
LJJIJ|3208,3755,192171,955|1,3;3,5;1;2,5;1,2,5
LJJIJ|3208,953480,59596,2525|1,3;1,4;2,5,3,3,3;3,5;2,5
LJJIL|71,25191,975463,887|;2;4;2,5;3,1,5
LJJIL|113,6001,113,113|4;;1,5,4;;1,3,5,2
LJJIL|113,201073,21873,3545|4;2;1,2,5;2,5;3,5,4
LJJIL|113,803953,21873,3545|4;3,4;2,5,0,5;2,5;3,5,4
LJJIL|142,1998,3790,29|1;4;4;3,5;4,5
LJJIL|142,59534,3790,29|1;3,4,2,5;2,5,2;3,5;4,5
LJJIL|226,51,5939,2491|1,4;2,5;;2,5;1,3,5
LJJIL|226,140258,43746,2995|1,4;4,2;1,3,5;3,5;3,5,4
LJJIL|226,560354,43746,2995|1,4;1,3;3;3,5;3,5,4
LJJIL|275,51,5939,2491|2;1,5;;2,5;1,3,5
LJJIL|275,153,3293,3293|2;1,5,3;1,2,5;;3,5
LJJIL|275,3415,1655,142|2;1,5,2;2,5;2,5;4
LJJIL|550,13110,1910,142|1,2;2,5;1,2,5;2,5;4
LJJIL|550,50790,1910,142|1,2;1,2,5;2,0,5;2,5;4
LJJIL|802,102,887,887|2,4;1,2,5;2,5;;3,1,5
LJJIL|802,102,11878,887|2,4;1,2,5;1;3,5;3,1,5
LJJIL|802,2990,3310,29|2,4;1,3,5;1,2,5;3,5;4,5
LJJIL|1100,102,887,887|3,4;3,5;2,5;;3,1,5
LJJIL|1100,102,11878,887|3,4;3,5;1;3,5;3,1,5
LJJIL|1100,1885,477021,3293|3,4;2,5,0,5;2,2;3,5;3,5
LJJIL|3208,153,3293,3293|1,3;2,5,0,5;1,2,5;;3,5
LJJIL|3208,3755,954027,2491|1,3;3,5;1,4;2,5;1,3,5
LJJIL|3208,953480,954027,2491|1,3;1,4;2,5,3,3;2,5;1,3,5
LJJJI|71,8823,209783,30583|;3;2,5;1,2,5;2,5
LJJJI|71,8823,812663,30583|;3;1,2,5;2,0,5;2,5
LJJJI|71,803911,812663,30583|;1,3,4;3,5;2,0,5;2,5
LJJJI|802,102,887,30583|2,4;1,2,5;2,5;4;2,5
LJJJI|1100,102,887,30583|3,4;3,5;2,5;4;2,5
LJJJI|3208,204,1774,61166|1,3;3,5,3;2,5;4;3,5
LJJJO|113,225,785,51|4;4;2;1,3,5,2;1,5
LJJJO|113,201073,785,51|4;2;1,2,5,2,5;1,3,5,2;1,5
LJJJO|142,30,46,51|1;;1,5;2,5;1,5
LJJJO|142,57,2185,153|1;2;1,3;;
LJJJO|142,57,2185,204|1;2;1,3;3;0,5
LJJJO|226,51,139,204|1,4;2,5;1,3,5;3,4,5;0,5
LJJJO|226,51,5939,51|1,4;2,5;;1,5,4;1,5
LJJJO|226,6114,226,51|1,4;;1,5,4;2,5;1,5
LJJJO|226,59618,226,51|1,4;1,4;2,5,3;2,5;1,5
LJJJO|275,51,139,204|2;1,5;1,3,5;3,4,5;0,5
LJJJO|275,51,5939,51|2;1,5;;1,5,4;1,5
LJJJO|275,153,6041,153|2;1,5,3;;1,5,4;
LJJJO|275,153,59545,153|2;1,5,3;3,5,3;2,5,3;
LJJJO|275,94483,275,51|2;;1,5,4;1,5;1,5
LJJJO|275,94483,275,153|2;;1,5,4;1,5,3;
LJJJO|3208,153,6041,153|1,3;2,5,0,5;;1,5,4;
LJJJO|3208,153,59545,153|1,3;2,5,0,5;3,5,3;2,5,3;
LJJJO|3208,204,46,51|1,3;3,5,3;3,5;2,5;1,5
LJJJO|3208,204,6092,204|1,3;3,5,3;;1,5,4;0,5
LJJJO|3208,204,59596,204|1,3;3,5,3;1,4;2,5,3;0,5
LJJJO|3208,97416,3208,153|1,3;;1,5,4;2,5,0,5;
LJJJO|3208,97416,3208,204|1,3;;1,5,4;3,5,3;0,5
LJJJO|3208,953480,3208,153|1,3;1,4;2,5,3;2,5,0,5;
LJJJO|3208,953480,3208,204|1,3;1,4;2,5,3;3,5,3;0,5
LJJJO|3208,953480,59545,153|1,3;1,4;2,5,3,3,2,5,2;2,5,3;
LJJJO|3208,953480,59596,204|1,3;1,4;2,5,3,3,3;2,5,3;0,5
LJJJS|113,225,785,57|4;4;2;1,2,5,2;4
LJJJS|113,201073,785,57|4;2;1,2,5,2,5;1,2,5,2;4
LJJJS|142,57,5945,57|1;2;;1,5,4;4
LJJJT|142,57,2185,141|1;2;1,3;4;4
LJJJT|226,51,139,27|1,4;2,5;1,3,5;;1,5,4
LJJJT|275,27,5915,27|2;1,5,4;;1,5,4;1,5,4
LJJJT|275,51,139,27|2;1,5;1,3,5;;1,5,4
LJJJT|275,94483,275,27|2;;1,5,4;1,5,4;1,5,4
LJJJZ|113,225,785,2973|4;4;2;1,3,5;1,2,4
LJJJZ|113,201073,785,2973|4;2;1,2,5,2,5;1,3,5;1,2,4
LJJJZ|142,59534,14734,3534|1;3,4,2,5;2,5,2,3;1,2,5,4,4;2,4
LJJJZ|226,560354,2179,147|1,4;1,3;2,0,5;;4
LJJJZ|3208,201,6089,201|1,3;3,5,2,5;;1,5,4;1,4
LJJJZ|3208,201,59593,201|1,3;3,5,2,5;1,4;2,5,3;1,4
LJJJZ|3208,97416,3208,201|1,3;;1,5,4;3,5,2,5;1,4
LJJJZ|3208,953480,3208,201|1,3;1,4;2,5,3;3,5,2,5;1,4
LJJJZ|3208,953480,59593,201|1,3;1,4;2,5,3,3,2,5;2,5,3;1,4
LJJLI|71,8823,209783,30583|;3;2,5;1,2,5;2,5
LJJLI|142,17646,157678,61166|1;3;3,5;3,1,5;3,5
LJJLI|275,3415,1655,30583|2;1,5,2;2,5;4;2,5
LJJLI|802,2990,3310,61166|2,4;1,3,5;1,2,5;1,4;3,5
LJJLO|71,5959,71,204|;;1,5,4;1,3,5;0,5
LJJLO|71,8823,209783,51|;3;2,5;3,5,1,5;1,5
LJJLO|113,225,785,51|4;4;2;1,2,5,2;1,5
LJJLO|113,225,785,153|4;4;2;3,5,1,5;
LJJLO|113,11889,13169,51|4;1;2,5;3,5,1,5,2;1,5
LJJLO|113,201073,785,51|4;2;1,2,5,2,5;1,2,5,2;1,5
LJJLO|113,201073,785,153|4;2;1,2,5,2,5;3,5,1,5;
LJJLO|113,201073,13169,51|4;2;1,3,5,2;3,5,1,5,2;1,5
LJJLO|142,57,71,204|1;2;1,2,5,4;1,3,5;0,5
LJJLO|142,57,2185,153|1;2;1,3;4;
LJJLO|142,17646,71,204|1;3;2,5,0,5;1,3,5;0,5
LJJLO|226,560354,2179,204|1,4;1,3;2,0,5;3,4;0,5
LJJLO|275,94483,275,51|2;;1,5,4;4,5;1,5
LJJLO|1604,60996,836,204|3;4;2,5;3,1,5;0,5
LJJLO|3208,97416,3208,204|1,3;;1,5,4;2,5,3;0,5
LJJLO|3208,953480,3208,204|1,3;1,4;2,5,3;2,5,3;0,5
LJJLS|113,225,785,57|4;4;2;1,2,5,3,5;4
LJJLS|113,11889,13169,57|4;1;2,5;3,5,1,5,2,3;4
LJJLS|113,201073,785,57|4;2;1,2,5,2,5;1,2,5,3,5;4
LJJLS|113,201073,13169,57|4;2;1,3,5,2;3,5,1,5,2,3;4
LJJLS|275,27,5915,3483|2;1,5,4;;1,5,3,5,2,3;3,4
LJJLS|275,94483,275,3483|2;;1,5,4;1,5,3,1;3,4
LJJLS|3208,97416,3208,3483|1,3;;1,5,4;2,5;3,4
LJJLS|3208,953480,3208,3483|1,3;1,4;2,5,3;2,5;3,4
LJJLT|275,27,5915,27|2;1,5,4;;1,5,3,5,2;1,5,4
LJJLZ|113,6001,113,201|4;;1,5,4;1,3,5,2,3;1,4
LJJLZ|142,57,1913,201|1;2;4;1,3,5;1,4
LJJLZ|142,57,2185,201|1;2;1,3;;1,4
LJJLZ|142,1998,96206,3534|1;4;;1,5,3,5;2,4
LJJLZ|226,560354,2179,147|1,4;1,3;2,0,5;4;4
LJJLZ|275,94483,275,147|2;;1,5,4;1,5;4
LJJLZ|3208,97416,3208,201|1,3;;1,5,4;2,5,2;1,4
LJJLZ|3208,953480,3208,201|1,3;1,4;2,5,3;2,5,2;1,4
LJJOJ|142,30,46,3310|1;;1,5;1,5;2,0,5
LJJOJ|226,51,139,955|1,4;2,5;1,3,5;0;1,2,5
LJJOJ|275,51,139,955|2;1,5;1,3,5;0;1,2,5
LJJOJ|3208,204,46,3310|1,3;3,5,3;3,5;1,5;2,0,5
LJJOJ|3208,97416,3208,3310|1,3;;1,5,4;0,5,1;2,0,5
LJJOJ|3208,953480,3208,3310|1,3;1,4;2,5,3;0,5,1;2,0,5
LJJOL|71,5959,71,887|;;1,5,4;0,5;3,1,5
LJJOL|71,8823,209783,887|;3;2,5;1,5;3,1,5
LJJOL|113,225,785,887|4;4;2;1,5,0;3,1,5
LJJOL|113,11889,13169,113|4;1;2,5;1,5;1,3,5,2
LJJOL|113,201073,785,887|4;2;1,2,5,2,5;1,5,0;3,1,5
LJJOL|113,201073,13169,113|4;2;1,3,5,2;1,5;1,3,5,2
LJJOL|113,560241,52337,113|4;1,3;4;0,5;1,3,5,2
LJJOL|142,57,71,887|1;2;1,2,5,4;0,5;3,1,5
LJJOL|142,57,2185,142|1;2;1,3;;4
LJJOL|142,11918,13198,142|1;3,2;2,5;1,5;4
LJJOL|142,17646,71,887|1;3;2,5,0,5;0,5;3,1,5
LJJOL|226,51,3191,887|1,4;2,5;1,2,5;0,5;3,1,5
LJJOL|226,560354,2179,2995|1,4;1,3;2,0,5;0;3,5,4
LJJOL|275,51,3191,887|2;1,5;1,2,5;0,5;3,1,5
LJJOL|275,94483,275,29|2;;1,5,4;1,5;4,5
LJJOL|3208,204,989,3293|1,3;3,5,3;2,5,0;1,5;3,5
LJJSJ|275,27,197,23|2;1,5,4;1,5,2;2;1,5,4
LJJSJ|275,153,77,23|2;1,5,3;3,5;2;1,5,4
LJJSJ|3208,153,77,23|1,3;2,5,0,5;3,5;2;1,5,4
LJJSL|71,8823,209783,887|;3;2,5;1,2,5;3,1,5
LJJSL|113,11889,13169,113|4;1;2,5;1,2,5;1,3,5,2
LJJSL|113,201073,13169,113|4;2;1,3,5,2;1,2,5;1,3,5,2
LJJSL|113,560241,40049,113|4;1,3;;1,5,4;1,3,5,2
LJJSL|142,57,2185,2491|1;2;1,3;3;1,3,5
LJJSL|142,59534,14734,142|1;3,4,2,5;2,5,2,3;4;4
LJJSL|275,27,35035,2491|2;1,5,4;1,5,3;3;1,3,5
LJJSL|275,153,3293,29|2;1,5,3;1,2,5;3;4,5
LJJSL|275,94483,275,887|2;;1,5,4;2,5;3,1,5
LJJSL|3208,153,3293,29|1,3;2,5,0,5;1,2,5;3;4,5
LJJTI|71,8823,209783,30583|;3;2,5;1,2,5;2,5
LJJTJ|142,57,2185,139|1;2;1,3;4;4
LJJTJ|275,27,35035,139|2;1,5,4;1,5,3;4;4
LJJTJ|275,94483,275,23|2;;1,5,4;1,5,4;1,5,4
LJJTL|142,30,35038,142|1;;1,5,3;4;4
LJJZJ|142,30,35038,3310|1;;1,5,3;3;2,0,5
LJJZJ|142,57,2185,139|1;2;1,3;4;4
LJJZJ|275,94483,275,23|2;;1,5,4;1,5,4;1,5,4
LJJZJ|3208,3755,955,139|1,3;3,5;2,5;1,5,2;4
LJJZL|113,201073,761201,113|4;2;1,3,5;1,2,4;1,3,5,2
LJJZL|113,560241,761201,113|4;1,3;2,0;1,2,4;1,3,5,2
LJJZL|226,560354,2179,142|1,4;1,3;2,0,5;4;4
LJJZL|275,27,43,142|2;1,5,4;1,5;1,5,3;4
LJLIJ|113,6001,209,209|4;;1,5,3,5;;2,5,3
LJLIJ|113,201073,13169,3001|4;2;1,2,5,2;3,5;1,2,5,4
LJLIJ|142,50382,1774,23|1;3,4;3,5;3,5;1,5,4
LJLIJ|275,27,139,139|2;1,5,4;1,5;;4
LJLIJ|275,153,955,955|2;1,5,3;3,5;;1,2,5
LJLIJ|275,3415,887,139|2;1,5,2;3,5;3,5;4
LJLIJ|275,94483,5973,2525|2;;1,5,3,5,2,5,2;2,5;2,5
LJLIJ|802,102,3310,3310|2,4;1,2,5;1,3,5;;2,0,5
LJLIJ|802,102,18278,3310|2,4;1,2,5;;2,5;2,0,5
LJLIJ|802,2990,1774,23|2,4;1,3,5;3,5;3,5;1,5,4
LJLIJ|1100,102,3310,3310|3,4;3,5;1,3,5;;2,0,5
LJLIJ|1100,102,18278,3310|3,4;3,5;;2,5;2,0,5
LJLIJ|1100,1885,464733,2525|3,4;2,5,0,5;4;3,5;2,5
LJLIJ|3208,153,955,955|1,3;2,5,0,5;3,5;;1,2,5
LJLIJ|3208,204,36556,2525|1,3;3,5,3;1;3,5;2,5
LJLIJ|3208,3755,929451,955|1,3;3,5;3,3;2,5;1,2,5
LJLIL|113,225,113,113|4;4;4;;1,3,5,2
LJLIL|142,30,142,142|1;;1,5;;4
LJLIL|142,17646,838894,3293|1;3;1,3,5;2,5;3,5
LJLIL|226,51,1655,142|1,4;2,5;3,5;2,5;4
LJLIL|226,51,28979,2491|1,4;2,5;4;2,5;1,3,5
LJLIL|275,51,1655,142|2;1,5;3,5;2,5;4
LJLIL|275,51,28979,2491|2;1,5;4;2,5;1,3,5
LJLIL|275,3415,887,887|2;1,5,2;3,5;;3,1,5
LJLIL|275,94483,5939,2491|2;;1,5,3,5,3;2,5;1,3,5
LJLIL|275,94483,96087,29|2;;1,5,3,5,2,5,3;2,5;4,5
LJLIL|550,13110,1910,142|1,2;2,5;1,2,5;2,5;4
LJLIL|802,102,1910,142|2,4;1,2,5;4;2,5;4
LJLIL|802,102,3310,29|2,4;1,2,5;1,3,5;3,5;4,5
LJLIL|802,102,57958,887|2,4;1,2,5;3,3;3,5;3,1,5
LJLIL|1100,102,1910,142|3,4;3,5;4;2,5;4
LJLIL|1100,102,3310,29|3,4;3,5;1,3,5;3,5;4,5
LJLIL|1100,102,57958,887|3,4;3,5;3,3;3,5;3,1,5
LJLIL|1100,1885,3293,3293|3,4;2,5,0,5;1,3,5;;3,5
LJLIL|1100,1885,292701,3293|3,4;2,5,0,5;;3,5;3,5
LJLIL|3208,204,29,29|1,3;3,5,3;2,5;;4,5
LJLIL|3208,204,3820,29|1,3;3,5,3;1,4;3,5;4,5
LJLIL|3208,3755,585387,2491|1,3;3,5;1;2,5;1,3,5
LJLJI|71,8823,290423,30583|;3;1,2,5;2,0,5;2,5
LJLJI|142,17646,838894,61166|1;3;1,3,5;3,5;3,5
LJLJI|142,50382,1774,61166|1;3,4;3,5;4;3,5
LJLJI|275,3415,887,30583|2;1,5,2;3,5;4;2,5
LJLJI|802,2990,1774,61166|2,4;1,3,5;3,5;4;3,5
LJLJO|71,8823,46,51|;3;3,5,1,5;2,5;1,5
LJLJO|113,201073,785,51|4;2;3,5,1,5,2;1,3,5,2;1,5
LJLJO|142,17646,838894,204|1;3;1,3,5;2,5,0,5;0,5
LJLJO|275,27,139,204|2;1,5,4;1,5;3,4,5;0,5
LJLJO|275,94483,5939,51|2;;1,5,3,5,3;1,5,4;1,5
LJLJO|802,30498,3106,51|2,4;4;1,3,5;2,0,5;1,5
LJLJO|3208,201,46,51|1,3;3,5,2,5;3,5,4;2,5;1,5
LJLJO|3208,201,281,153|1,3;3,5,2,5;2;1,5,4;
LJLJS|113,201073,785,57|4;2;3,5,1,5,2;1,2,5,2;4
LJLJS|142,30,142,57|1;;1,5;2;4
LJLJS|275,94483,97691,3483|2;;1,5,3,5,2,5,3,1;1,5,4;3,4
LJLJS|3208,201,281,57|1,3;3,5,2,5;2;1,5;4
LJLJS|3208,201,3817,57|1,3;3,5,2,5;1,4;2,5;4
LJLJT|275,27,139,27|2;1,5,4;1,5;;1,5,4
LJLJZ|113,201073,785,2973|4;2;3,5,1,5,2;1,3,5;1,2,4
LJLJZ|142,1998,51406,3534|1;4;1,3;3,5,2;2,4
LJLJZ|275,94483,6035,147|2;;1,5,3,5,2,5;1,5,4;4
LJLLI|71,803911,808311,30583|;1,3,4;2,5;3,5;2,5
LJLLI|142,17646,222958,61166|1;3;3,5;3,1,5;3,5
LJLLI|142,17646,838894,61166|1;3;1,3,5;3,5;3,5
LJLLI|226,51,1655,30583|1,4;2,5;3,5;4;2,5
LJLLI|275,51,1655,30583|2;1,5;3,5;4;2,5
LJLLI|802,102,3310,61166|2,4;1,2,5;1,3,5;1,4;3,5
LJLLI|1100,102,3310,61166|3,4;3,5;1,3,5;1,4;3,5
LJLLO|113,6001,209,51|4;;1,5,3,5;3,5;1,5
LJLLO|113,201073,785,51|4;2;3,5,1,5,2;1,2,5,2;1,5
LJLLO|113,201073,785,153|4;2;3,5,1,5,2;3,5,1,5;
LJLLO|113,201073,13169,51|4;2;1,2,5,2;3,5,1,5,2;1,5
LJLLO|226,51,71,204|1,4;2,5;1,2,5;1,3,5;0,5
LJLLO|226,51,28979,51|1,4;2,5;4;1,3,5,2;1,5
LJLLO|226,51,36403,51|1,4;2,5;1;4;1,5
LJLLO|275,51,71,204|2;1,5;1,2,5;1,3,5;0,5
LJLLO|275,51,28979,51|2;1,5;4;1,3,5,2;1,5
LJLLO|275,51,36403,51|2;1,5;1;4;1,5
LJLLO|275,153,29081,153|2;1,5,3;2,5,2;1,3,5,2;
LJLLO|275,153,36505,153|2;1,5,3;1;4;
LJLLO|275,29971,52499,51|2;4;1,3,5;3,5,4,4;1,5
LJLLO|3208,153,29081,153|1,3;2,5,0,5;2,5,2;1,3,5,2;
LJLLO|3208,153,36505,153|1,3;2,5,0,5;1;4;
LJLLO|3208,201,281,51|1,3;3,5,2,5;2;2,5;1,5
LJLLO|3208,201,281,153|1,3;3,5,2,5;2;1,5;
LJLLO|3208,204,29,51|1,3;3,5,3;2,5;3,5;1,5
LJLLO|3208,204,36556,204|1,3;3,5,3;1;4;0,5
LJLLS|113,201073,785,57|4;2;3,5,1,5,2;1,2,5,3,5;4
LJLLS|113,201073,12761,57|4;2;3,5,1,5,2,3;3,5,1,3;4
LJLLS|113,201073,13169,57|4;2;1,2,5,2;3,5,1,5,2,3;4
LJLLS|142,57,28985,57|1;2;4;1,3,5,2;4
LJLLS|142,57,36409,57|1;2;1;4;4
LJLLT|3208,201,281,27|1,3;3,5,2,5;2;4,5;1,5,4
LJLLT|3208,204,29,141|1,3;3,5,3;2,5;1,5;4
LJLLZ|113,225,113,201|4;4;4;1,3,5,2,3;1,4
LJLLZ|3208,201,36553,201|1,3;3,5,2,5;1;4;1,4
LJLOJ|71,8823,46,3310|;3;3,5,1,5;1,5;2,0,5
LJLOJ|142,17646,838894,3310|1;3;1,3,5;0,5;2,0,5
LJLOJ|226,51,3259,955|1,4;2,5;3,5,1;0,5;1,2,5
LJLOJ|275,27,139,955|2;1,5,4;1,5;0;1,2,5
LJLOJ|275,51,3259,955|2;1,5;3,5,1;0,5;1,2,5
LJLOJ|3208,201,46,3310|1,3;3,5,2,5;3,5,4;1,5;2,0,5
LJLOJ|3208,201,281,23|1,3;3,5,2,5;2;;1,5,4
LJLOJ|3208,204,1006,3310|1,3;3,5,3;3,5;1,5;2,0,5
LJLOL|71,12631,989,3293|;2,0;3,5,1,5;1,5;3,5
LJLOL|113,29809,52337,113|4;2,2;1,3,5;0,5;1,3,5,2
LJLOL|113,201073,785,887|4;2;3,5,1,5,2;1,5,0;3,1,5
LJLOL|113,201073,12761,3545|4;2;3,5,1,5,2,3;1,5;3,5,4
LJLOL|113,201073,13169,113|4;2;1,2,5,2;1,5;1,3,5,2
LJLOL|113,560241,39281,113|4;1,3;2;;1,3,5,2
LJLOL|113,560241,52337,113|4;1,3;;0,5;1,3,5,2
LJLOL|226,51,71,887|1,4;2,5;1,2,5;0,5;3,1,5
LJLOL|275,51,71,887|2;1,5;1,2,5;0,5;3,1,5
LJLOL|3208,204,29,3293|1,3;3,5,3;2,5;1;3,5
LJLSJ|142,30,142,3310|1;;1,5;1;2,0,5
LJLSJ|142,1998,51406,3310|1;4;1,3;2,5,3;2,0,5
LJLSL|113,201073,13169,113|4;2;1,2,5,2;1,2,5;1,3,5,2
LJLSL|113,201073,14705,113|4;2;1,2,5,3,5;4;1,3,5,2
LJLSL|1100,1885,3293,29|3,4;2,5,0,5;1,3,5;3;4,5
LJLSL|3208,201,281,29|1,3;3,5,2,5;2;1,5,4;4,5
LJLTI|142,1998,51406,61166|1;4;1,3;3,5,4;3,5
LJLTI|142,17646,838894,61166|1;3;1,3,5;3,5;3,5
LJLTJ|142,1998,51406,3310|1;4;1,3;3,5,3;2,0,5
LJLTL|113,6001,209,113|4;;1,5,3,5;4;1,3,5,2
LJLTL|113,560241,36209,113|4;1,3;4;4;1,3,5,2
LJLTL|3208,201,281,29|1,3;3,5,2,5;2;1,5,4;4,5
LJLTT|142,30,142,27|1;;1,5;2;1,5,4
LJLTZ|142,1998,51406,201|1;4;1,3;2,0,5;1,4
LJLZJ|142,17646,838894,3310|1;3;1,3,5;3,5;2,0,5
LJLZJ|275,153,955,139|2;1,5,3;3,5;1,5,2;4
LJLZJ|3208,153,955,139|1,3;2,5,0,5;3,5;1,5,2;4
LJLZJ|3208,201,281,2525|1,3;3,5,2,5;2;3,5,1;2,5
LJLZL|275,153,43,142|2;1,5,3;2,5;1,5,3;4
LJLZL|550,13110,958,142|1,2;2,5;3,5,1,5;1,5,2;4
LJLZL|3208,153,43,142|1,3;2,5,0,5;2,5;1,5,3;4
LJOII|226,51,13107,30583|1,4;2,5;0;2,5;2,5
LJOII|226,51,13107,48059|1,4;2,5;0;3,5;2,5
LJOII|275,51,13107,30583|2;1,5;0;2,5;2,5
LJOII|275,51,13107,48059|2;1,5;0;3,5;2,5
LJOII|802,102,26214,30583|2,4;1,2,5;;3,5;2,5
LJOII|1100,102,26214,30583|3,4;3,5;;3,5;2,5
LJOII|3208,204,52428,56797|1,3;3,5,3;1;2,5;3,5
LJOII|3208,204,52428,61166|1,3;3,5,3;1;3,5;3,5
LJOIO|226,140258,12002,51|1,4;4,2;1,5;3,5;1,5
LJOIS|113,201073,227185,57|4;2;1,5,0;2,5;4
LJOIS|3208,201,57,57|1,3;3,5,2,5;0,5;;4
LJOIZ|142,57,201,201|1;2;1,5;;1,4
LJOIZ|142,11918,847502,201|1;3,2;1,5;3,5;1,4
LJOJJ|113,225,52449,209|4;4;1;2,5,0,5;2,5,3
LJOJJ|142,57,13113,3001|1;2;0;1,3,5;1,2,5,4
LJOJJ|226,51,13107,955|1,4;2,5;0;1,3,5;1,2,5
LJOJJ|275,51,13107,955|2;1,5;0;1,3,5;1,2,5
LJOJJ|3208,204,52428,3310|1,3;3,5,3;1;3,5;2,0,5
LJOJL|71,8823,61047,887|;3;1,5;2,5;3,1,5
LJOJL|113,11889,847473,113|4;1;1,5;2,0,5;1,3,5,2
LJOJL|113,560241,35697,113|4;1,3;0,5;4;1,3,5,2
LJOJL|142,57,13113,887|1;2;0;1,2,5,4;3,1,5
LJOJL|142,11918,847502,142|1;3,2;1,5;2,0,5;4
LJOJL|226,51,13107,887|1,4;2,5;0;1,2,5;3,1,5
LJOJL|275,51,13107,887|2;1,5;0;1,2,5;3,1,5
LJOJL|3208,201,52425,3545|1,3;3,5,2,5;1;2,5,0,5;3,5,4
LJOJL|3208,204,52428,3293|1,3;3,5,3;1;2,5,0,5;3,5
LJOLJ|142,30,1662,3310|1;;;1,3,5;2,0,5
LJOLJ|142,57,13113,3001|1;2;0;3,5,1,5;1,2,5,4
LJOLJ|142,17646,30702,3310|1;3;0,5;1,3,5;2,0,5
LJOLJ|226,51,13107,955|1,4;2,5;0;3,5,1,5;1,2,5
LJOLJ|275,51,13107,955|2;1,5;0;3,5,1,5;1,2,5
LJOLJ|3208,201,52425,3310|1,3;3,5,2,5;1;3,5,4;2,0,5
LJOLJ|3208,204,52428,3310|1,3;3,5,3;1;3,5;2,0,5
LJOLL|71,12631,3415,887|;2,0;1,5;3,5;3,1,5
LJOLL|113,201073,227185,113|4;2;1,5,0;3,1,5;1,3,5,2
LJOLL|226,51,13107,887|1,4;2,5;0;1,2,5;3,1,5
LJOLL|275,51,13107,887|2;1,5;0;1,2,5;3,1,5
LJOLL|3208,201,52425,3545|1,3;3,5,2,5;1;2,5;3,5,4
LJOLL|3208,204,52428,3293|1,3;3,5,3;1;2,5;3,5
LJOOI|71,803911,804727,30583|;1,3,4;0,5;0,5;2,5
LJOOO|226,51,13107,51|1,4;2,5;0;1,5;1,5
LJOOO|275,51,13107,51|2;1,5;0;1,5;1,5
LJOOO|3208,204,52428,204|1,3;3,5,3;1;0,5;0,5
LJOOS|142,57,201,57|1;2;1,5;0,5;4
LJOOS|142,57,13113,57|1;2;0;1,5;4
LJOOZ|3208,201,57,201|1,3;3,5,2,5;0,5;1,5;1,4
LJOOZ|3208,201,52425,201|1,3;3,5,2,5;1;0,5;1,4
LJOSO|142,57,13113,51|1;2;0;3,1,5,3;1,5
LJOST|142,57,201,27|1;2;1,5;2;1,5,4
LJOST|275,27,3291,27|2;1,5,4;1;3;1,5,4
LJOTJ|113,225,52449,209|4;4;1;2,0,5;2,5,3
LJOTJ|142,57,13113,3001|1;2;0;3,1,5;1,2,5,4
LJOTJ|226,51,13107,955|1,4;2,5;0;3,1,5;1,2,5
LJOTJ|275,51,13107,955|2;1,5;0;3,1,5;1,2,5
LJOTJ|3208,204,52428,3310|1,3;3,5,3;1;3,5;2,0,5
LJOTL|226,51,13107,887|1,4;2,5;0;1,2,5;3,1,5
LJOTL|275,51,13107,887|2;1,5;0;1,2,5;3,1,5
LJOTL|550,13110,54,142|1,2;2,5;1,5;3,1,5;4
LJOTL|3208,201,52425,3545|1,3;3,5,2,5;1;2,0,5;3,5,4
LJOTL|3208,204,52428,3293|1,3;3,5,3;1;2,0,5;3,5
LJOZO|3208,201,52425,204|1,3;3,5,2,5;1;2,0,5,2;0,5
LJOZT|3208,201,57,141|1,3;3,5,2,5;0,5;1,5,3;4
LJSII|550,50790,26214,30583|1,2;1,2,5;;3,5;2,5
LJSIT|71,12631,1879,141|;2,0;4;2,5;4
LJSIT|275,17779,96115,27|2;3,5;3;2,5;1,5,4
LJSIT|3208,201,27,27|1,3;3,5,2,5;2;;1,5,4
LJSIZ|226,560354,36578,147|1,4;1,3;4;3,5;4
LJSIZ|275,153,201,201|2;1,5,3;4;;1,4
LJSIZ|3208,153,201,201|1,3;2,5,0,5;4;;1,4
LJSJJ|275,27,4923,23|2;1,5,4;3;1,5,2,5;1,5,4
LJSJJ|275,153,5049,23|2;1,5,3;3;1,5,2,5,4;1,5,4
LJSJJ|275,153,5049,3001|2;1,5,3;3;1,5,4;1,2,5,4
LJSJJ|3208,153,5049,23|1,3;2,5,0,5;3;1,5,2,5,4;1,5,4
LJSJJ|3208,153,5049,3001|1,3;2,5,0,5;3;1,5,4;1,2,5,4
LJSJL|71,8823,1767,887|;3;1,2,5;2,5;3,1,5
LJSJL|113,225,50913,113|4;4;1;2,0,5;1,3,5,2
LJSJL|275,27,4923,2491|2;1,5,4;3;1,5,3,5;1,3,5
LJSJL|275,153,5049,29|2;1,5,3;3;1,5,2,5,4,4;4,5
LJSJL|3208,153,5049,29|1,3;2,5,0,5;3;1,5,2,5,4,4;4,5
LJSLJ|3208,201,27,139|1,3;3,5,2,5;2;1,5;4
LJSLL|113,560241,36465,113|4;1,3;4;4;1,3,5,2
LJSLL|275,3415,4951,29|2;1,5,2;3;1,5,3,1,5;4,5
LJSLL|3208,204,30,142|1,3;3,5,3;2;1,5;4
LJSOS|275,153,201,57|2;1,5,3;4;0,5;4
LJSOS|3208,153,201,57|1,3;2,5,0,5;4;0,5;4
LJSOT|275,27,4923,27|2;1,5,4;3;1,5;1,5,4
LJSST|275,153,201,27|2;1,5,3;4;2;1,5,4
LJSST|3208,153,201,27|1,3;2,5,0,5;4;2;1,5,4
LJSTJ|275,27,4923,23|2;1,5,4;3;1,5,2,5;1,5,4
LJSTL|275,27,39,142|2;1,5,4;2,5;3,1,5;4
LJSTL|275,27,4923,2491|2;1,5,4;3;1,5,3,1,5;1,3,5
LJSTL|550,13110,894,142|1,2;2,5;3,1,5;3,1,5;4
LJSZO|275,153,5049,153|2;1,5,3;3;1,5,2;
LJSZO|3208,153,5049,153|1,3;2,5,0,5;3;1,5,2;
LJSZT|275,27,4923,27|2;1,5,4;3;1,5,3,5;1,5,4
LJSZT|3208,201,27,141|1,3;3,5,2,5;2;1,3;4
LJTIJ|142,1998,36046,2525|1;4;1,3;2,5;2,5
LJTIJ|142,8894,1774,23|1;4,2;1,2,5;3,5;1,5,4
LJTIJ|226,51,139,139|1,4;2,5;3,1,5;;4
LJTIJ|275,51,139,139|2;1,5;3,1,5;;4
LJTIL|71,12631,17751,3293|;2,0;1,2,5;2,5;3,5
LJTIL|550,13110,1910,142|1,2;2,5;1,2,5;2,5;4
LJTIL|3208,204,29,29|1,3;3,5,3;2,0,5;;4,5
LJTIO|71,5959,18247,204|;;1,5;2,5;0,5
LJTIT|71,12631,1879,141|;2,0;3,1,5,2;2,5;4
LJTIT|275,3415,1879,141|2;1,5,2;4;2,5;4
LJTIT|802,2990,3758,27|2,4;1,3,5;4;3,5;1,5,4
LJTIZ|113,6001,18289,201|4;;1,5;2,5;1,4
LJTIZ|226,560354,36578,147|1,4;1,3;4;3,5;4
LJTJI|71,8823,321143,30583|;3;1,2,5;2,0,5;2,5
LJTJI|142,1998,36046,61166|1;4;1,3;2,5;3,5
LJTJI|142,8894,1774,61166|1;4,2;1,2,5;4;3,5
LJTJL|113,225,20193,113|4;4;1;2,0,5;1,3,5,2
LJTJO|226,51,139,204|1,4;2,5;3,1,5;3,4,5;0,5
LJTJO|275,51,139,204|2;1,5;3,1,5;3,4,5;0,5
LJTJO|3208,204,46,51|1,3;3,5,3;3,5;2,5;1,5
LJTJT|142,1998,36046,141|1;4;1,3;2,5,0,5;4
LJTJT|226,51,139,27|1,4;2,5;3,1,5;;1,5,4
LJTJT|275,51,139,27|2;1,5;3,1,5;;1,5,4
LJTLI|71,12631,17751,30583|;2,0;1,2,5;3,5;2,5
LJTLI|142,17646,161518,61166|1;3;3,5;3,1,5;3,5
LJTLJ|113,201073,13681,209|4;2;1,2,5,2;3,1,5;2,5,3
LJTLL|113,560241,36465,113|4;1,3;4;4;1,3,5,2
LJTLO|226,51,71,204|1,4;2,5;1,2,5;1,3,5;0,5
LJTLO|275,27,71,204|2;1,5,4;1,5,3;1,3,5;0,5
LJTLO|275,51,71,204|2;1,5;1,2,5;1,3,5;0,5
LJTLO|3208,204,29,51|1,3;3,5,3;2,0,5;3,5;1,5
LJTLT|113,225,305,27|4;4;2;1,5,3,5,1,2;1,5,4
LJTLT|3208,204,29,141|1,3;3,5,3;2,0,5;1,5;4
LJTLZ|142,1998,36046,3534|1;4;1,3;4;2,4
LJTOJ|142,57,36025,3001|1;2;3,1;0,5;1,2,5,4
LJTOJ|226,51,139,955|1,4;2,5;3,1,5;0;1,2,5
LJTOJ|275,51,139,955|2;1,5;3,1,5;0;1,2,5
LJTOJ|3208,204,46,3310|1,3;3,5,3;3,5;1,5;2,0,5
LJTOL|113,225,305,29|4;4;2;1,5;4,5
LJTOL|142,1998,36046,142|1;4;1,3;0,5;4
LJTOL|226,51,71,887|1,4;2,5;1,2,5;0,5;3,1,5
LJTOL|275,27,71,887|2;1,5,4;1,5,3;0,5;3,1,5
LJTOL|275,51,71,887|2;1,5;1,2,5;0,5;3,1,5
LJTOL|3208,201,5081,3545|1,3;3,5,2,5;2,0;1,5;3,5,4
LJTOL|3208,204,29,3293|1,3;3,5,3;2,0,5;1;3,5
LJTSJ|113,225,305,23|4;4;2;2,5,2;1,5,4
LJTSJ|113,201073,14801,209|4;2;1,2,5,3,5,3;4;2,5,3
LJTSJ|142,57,77,23|1;2;1,2,5;2;1,5,4
LJTSJ|142,50382,197,23|1;3,4;2,0,5;2;1,5,4
LJTSJ|275,27,77,23|2;1,5,4;1,5,2;2;1,5,4
LJTSJ|275,153,77,23|2;1,5,3;1,3,5;2;1,5,4
LJTSJ|3208,153,77,23|1,3;2,5,0,5;1,3,5;2;1,5,4
LJTTJ|113,225,305,23|4;4;2;1,5,3,1,5,2;1,5,4
LJTTJ|142,30,78,23|1;;1,5;2,0,5;1,5,4
LJTTL|113,225,305,113|4;4;2;1,5,4;1,3,5,2
LJTTL|113,6001,36209,113|4;;1,5,3;4;1,3,5,2
LJTTO|113,225,305,153|4;4;2;1,5,3,1,5;
LJTTT|142,1998,36046,141|1;4;1,3;2,0,5;4
LJTZL|113,225,305,113|4;4;2;4;1,3,5,2
LJTZL|113,201073,14801,113|4;2;1,2,5,3,5,3;1,5,2,4;1,3,5,2
LJTZL|142,30,35998,142|1;;1,5,3;2,0,2;4
LJTZL|142,1998,36046,142|1;4;1,3;3,5;4
LJTZL|226,560354,2194,142|1,4;1,3;2,0,5;4;4
LJTZL|275,153,43,142|2;1,5,3;2,5;1,5,3;4
LJTZL|550,13110,958,142|1,2;2,5;3,1,5;1,5,2;4
LJTZL|3208,153,43,142|1,3;2,5,0,5;2,5;1,5,3;4
LJTZL|3208,201,43,142|1,3;3,5,2,5;3,5;1,5,3;4
LJZII|71,12631,30583,30583|;2,0;1,5,2,4;;2,5
LJZII|142,25262,61166,61166|1;4,3;3,4;;3,5
LJZIS|113,6001,227185,57|4;;;2,5;4
LJZIS|275,153,57,57|2;1,5,3;4;;4
LJZIS|3208,153,57,57|1,3;2,5,0,5;4;;4
LJZIT|142,57,141,141|1;2;1,5,3;;4
LJZIT|142,8894,2798,27|1;4,2;1,5,2,5;3,5;1,5,4
LJZIT|275,27,141,141|2;1,5,4;1,3;;4
LJZJJ|226,51,135,23|1,4;2,5;1,5,3;;1,5,4
LJZJJ|275,51,135,23|2;1,5;1,5,3;;1,5,4
LJZJJ|802,2990,36014,139|2,4;1,3,5;1,2;2,0,5;4
LJZJL|113,560241,847473,113|4;1,3;2;2,0,5;1,3,5,2
LJZJL|142,57,141,29|1;2;1,5,3;;4,5
LJZJL|226,560354,2210,2995|1,4;1,3;3,5;2,5;3,5,4
LJZJL|275,27,141,29|2;1,5,4;1,3;;4,5
LJZLJ|142,17646,1662,3310|1;3;3,5;1,3,5;2,0,5
LJZLJ|226,560354,2210,3310|1,4;1,3;3,5;3,5,4;2,0,5
LJZLJ|275,153,36057,139|2;1,5,3;3,4;3,5,4,4;4
LJZLJ|3208,153,36057,139|1,3;2,5,0,5;3,4;3,5,4,4;4
LJZLL|113,6001,227185,113|4;;;3,1,5;1,3,5,2
LJZLL|275,153,36057,142|2;1,5,3;3,4;3,5,4;4
LJZLL|275,153,36057,3545|2;1,5,3;3,4;4;3,5,4
LJZLL|3208,153,36057,142|1,3;2,5,0,5;3,4;3,5,4;4
LJZLL|3208,153,36057,3545|1,3;2,5,0,5;3,4;4;3,5,4
LJZOZ|275,153,57,201|2;1,5,3;4;1,5;1,4
LJZOZ|3208,153,57,201|1,3;2,5,0,5;4;1,5;1,4
LJZSO|275,153,36057,153|2;1,5,3;3,4;3;
LJZSO|3208,153,36057,153|1,3;2,5,0,5;3,4;3;
LJZST|142,57,141,27|1;2;1,5,3;2;1,5,4
LJZST|275,27,141,27|2;1,5,4;1,3;2;1,5,4
LJZTI|142,8894,2798,61166|1;4,2;1,5,2,5;4;3,5
LJZTJ|142,50382,198,23|1;3,4;3,5;2,0,5;1,5,4
LJZTJ|275,27,891,139|2;1,5,4;;3,1,5;4
LJZTL|142,30,894,142|1;;;3,1,5;4
LJZZT|275,153,57,141|2;1,5,3;4;1,5,3;4
LJZZT|3208,153,57,141|1,3;2,5,0,5;4;1,5,3;4
LLIII|71,281671,351575,30583|;1,2,1;2,5;3,5;2,5
LLIII|71,281671,421479,30583|;1,2,1;3,5;2,5;2,5
LLIII|275,13107,13107,30583|2;3,5;;2,5;2,5
LLIII|275,13107,13107,48059|2;3,5;;3,5;2,5
LLIII|275,13107,30583,30583|2;3,5;2,5;;2,5
LLIII|275,13107,48059,48059|2;3,5;3,5;;2,5
LLIII|550,26214,26214,30583|1,2;3,5;;3,5;2,5
LLIII|550,26214,30583,30583|1,2;3,5;3,5;;2,5
LLIII|1100,52428,52428,56797|3,4;1,3,5;;2,5;3,5
LLIII|1100,52428,52428,61166|3,4;1,3,5;;3,5;3,5
LLIII|1100,52428,56797,56797|3,4;1,3,5;2,5;;3,5
LLIII|1100,52428,61166,61166|3,4;1,3,5;3,5;;3,5
LLIII|1100,291916,52428,56797|3,4;;3,5;2,5;3,5
LLIII|1100,291916,52428,61166|3,4;;3,5;3,5;3,5
LLIIO|71,204,204,204|;1,3,5;;;0,5
LLIIO|71,204,4573,51|;1,3,5;2;3,5;1,5
LLIIO|71,204,8942,51|;1,3,5;3;3,5;1,5
LLIIO|71,3687,4471,153|;1,4;3;2,1,5;
LLIIO|71,4471,153,153|;2;2,1,5;;
LLIIO|71,4471,4471,153|;2;;2,1,5;
LLIIO|71,18247,204,204|;;2,5;;0,5
LLIIO|71,18247,18247,204|;;;2,5;0,5
LLIIO|113,29041,153,153|4;4;2,5;;
LLIIO|113,29041,29041,153|4;4;;2,5;
LLIIO|142,8942,51,51|1;2,1;3,5;;1,5
LLIIO|142,8942,8942,51|1;2,1;;3,5;1,5
LLIIO|142,36494,153,153|1;3,2;3,5;;
LLIIO|142,36494,36494,153|1;3,2;;3,5;
LLIIO|226,58082,51,51|1,4;3,3;3,5;;1,5
LLIIO|226,58082,58082,51|1,4;3,3;;3,5;1,5
LLIIO|275,51,51,51|2;4,5;;;1,5
LLIIO|275,51,17527,204|2;4,5;2;3,4,1,5;0,5
LLIIO|275,51,35003,204|2;4,5;3;2,5;0,5
LLIIO|802,1902,35054,153|2,4;1,2,5;3;3,0,5;
LLIIO|1100,1902,35054,153|3,4;3,5;3;3,0,5;
LLIIO|1604,30532,204,204|3;4;2,5;;0,5
LLIIO|1604,30532,30532,204|3;4;;2,5;0,5
LLIIO|3208,204,204,204|1,3;2,5,3;;;0,5
LLIIO|3208,204,4573,51|1,3;2,5,3;2;3,5;1,5
LLIIO|3208,204,8942,51|1,3;2,5,3;3;3,5;1,5
LLIIO|3208,61064,153,153|1,3;1,4;3,5;;
LLIIO|3208,61064,61064,153|1,3;1,4;;3,5;
LLIIS|275,3483,3483,3483|2;1,5,3,1;;;3,4
LLIIS|3208,3483,3483,3483|1,3;2,5;;;3,4
LLIIT|71,1879,141,141|;4;2,5;;4
LLIIT|71,1879,1879,141|;4;;2,5;4
LLIIT|142,3758,27,27|1;3,3;3,5;;1,5,4
LLIIT|142,3758,3758,27|1;3,3;;3,5;1,5,4
LLIIT|275,1879,141,141|2;1,5,3;2,5;;4
LLIIT|275,1879,1879,141|2;1,5,3;;2,5;4
LLIIT|550,3758,27,27|1,2;3,5,1,5;3,5;;1,5,4
LLIIT|550,3758,3758,27|1,2;3,5,1,5;;3,5;1,5,4
LLIIT|550,18150,1399,141|1,2;1,2,5;3,5;3,5;4
LLIIT|802,26466,3818,27|2,4;3,5;2,5;3,5;1,5,4
LLIIT|3208,3758,27,27|1,3;2,5,1;3,5;;1,5,4
LLIIT|3208,3758,3758,27|1,3;2,5,1;;3,5;1,5,4
LLIIZ|113,201,201,201|4;1,3,5,2,3;;;1,4
LLIIZ|113,18289,201,201|4;;2,5;;1,4
LLIIZ|113,18289,18289,201|4;;;2,5;1,4
LLIIZ|226,36578,147,147|1,4;1;3,5;;4
LLIIZ|226,36578,36578,147|1,4;1;;3,5;4
LLIIZ|275,147,147,147|2;1,5;;;4
LLIIZ|3208,201,201,201|1,3;2,5,2;;;1,4
LLIJJ|71,204,4573,23|;1,3,5;2;2,5;1,5,4
LLIJJ|71,204,4573,2525|;1,3,5;2;1,5,4;2,5
LLIJJ|71,3687,4471,23|;1,4;3;1,5,4;1,5,4
LLIJJ|71,4471,4471,23|;2;;1,5,4;1,5,4
LLIJJ|71,12903,2990,3310|;3;3,5;1,2,5;2,0,5
LLIJJ|142,8942,51,139|1;2,1;3,5;1,3,5;4
LLIJJ|226,58082,51,139|1,4;3,3;3,5;1,3,5;4
LLIJJ|275,51,51,139|2;4,5;;1,3,5;4
LLIJJ|275,51,35003,139|2;4,5;3;4;4
LLIJJ|275,85,35037,2525|2;1,5,2;2;;2,5
LLIJJ|275,13107,13107,955|2;3,5;;1,3,5;1,2,5
LLIJJ|550,29478,2990,3310|1,2;4;2,5;1,2,5;2,0,5
LLIJJ|802,170,170,955|2,4;3,5,1,5;;2,5;1,2,5
LLIJJ|802,170,170,3310|2,4;3,5,1,5;;1,2,5;2,0,5
LLIJJ|802,170,4539,955|2,4;3,5,1,5;3;1,5;1,2,5
LLIJJ|802,1902,35054,139|2,4;1,2,5;3;2,5;4
LLIJJ|802,1902,35054,3310|2,4;1,2,5;3;4;2,0,5
LLIJJ|1100,85,35037,2525|3,4;2,5;2;;2,5
LLIJJ|1100,1902,35054,139|3,4;3,5;3;2,5;4
LLIJJ|1100,1902,35054,3310|3,4;3,5;3;4;2,0,5
LLIJJ|1100,52428,52428,3310|3,4;1,3,5;;3,5;2,0,5
LLIJJ|1100,291916,52428,3310|3,4;;3,5;3,5;2,0,5
LLIJJ|3208,170,170,955|1,3;3,5;;2,5;1,2,5
LLIJJ|3208,170,170,3310|1,3;3,5;;1,2,5;2,0,5
LLIJJ|3208,170,4539,955|1,3;3,5;3;1,5;1,2,5
LLIJJ|3208,204,4573,23|1,3;2,5,3;2;2,5;1,5,4
LLIJJ|3208,204,4573,2525|1,3;2,5,3;2;1,5,4;2,5
LLIJL|71,1879,141,29|;4;2,5;;4,5
LLIJL|71,3687,3687,887|;1,4;;2,5;3,1,5
LLIJL|71,3687,4471,887|;1,4;3;1,5;3,1,5
LLIJL|71,4471,153,3293|;2;2,1,5;1,2,5;3,5
LLIJL|71,4471,4471,887|;2;;1,5;3,1,5
LLIJL|113,29041,153,3293|4;4;2,5;1,2,5;3,5
LLIJL|113,70513,6585,29|4;2;2,5,1,5;1,5,2,5,4;4,5
LLIJL|113,70513,6585,3545|4;2;2,5,1,5;1,5,2,5,4,4;3,5,4
LLIJL|142,78,277,29|1;;3;1,5,4;4,5
LLIJL|142,36494,153,3293|1;3,2;3,5;1,2,5;3,5
LLIJL|142,36494,36494,142|1;3,2;;2,5,3;4
LLIJL|226,114,2186,142|1,4;4;3;4;4
LLIJL|275,51,35003,2491|2;4,5;3;;1,3,5
LLIJL|275,85,35037,142|2;1,5,2;2;2,5;4
LLIJL|275,85,35037,3293|2;1,5,2;2;4;3,5
LLIJL|275,1879,141,29|2;1,5,3;2,5;;4,5
LLIJL|275,13107,13107,887|2;3,5;;1,2,5;3,1,5
LLIJL|802,170,4539,29|2,4;3,5,1,5;3;1,5,2,5;4,5
LLIJL|802,170,4539,2491|2,4;3,5,1,5;3;1,5,4;1,3,5
LLIJL|1100,85,35037,142|3,4;2,5;2;2,5;4
LLIJL|1100,85,35037,3293|3,4;2,5;2;4;3,5
LLIJL|1100,30028,36300,142|3,4;4;3,5;2,5,4,5;4
LLIJL|1100,52428,52428,3293|3,4;1,3,5;;2,5,0,5;3,5
LLIJL|1100,291916,52428,3293|3,4;;3,5;2,5,0,5;3,5
LLIJL|3208,170,4539,29|1,3;3,5;3;1,5,2,5;4,5
LLIJL|3208,170,4539,2491|1,3;3,5;3;1,5,4;1,3,5
LLIJL|3208,61064,153,3293|1,3;1,4;3,5;1,2,5;3,5
LLILJ|71,204,4573,2525|;1,3,5;2;1,5;2,5
LLILJ|71,4471,153,955|;2;2,1,5;3,5;1,2,5
LLILJ|113,29041,153,955|4;4;2,5;3,5;1,2,5
LLILJ|113,70513,6585,3001|4;2;2,5,1,5;4,5;1,2,5,4
LLILJ|142,78,277,23|1;;3;4,5;1,5,4
LLILJ|142,3758,27,139|1;3,3;3,5;1,5;4
LLILJ|142,36494,153,955|1;3,2;3,5;3,5;1,2,5
LLILJ|226,114,2186,139|1,4;4;3;4;4
LLILJ|275,85,35037,139|2;1,5,2;2;3,5;4
LLILJ|275,85,35037,2525|2;1,5,2;2;4;2,5
LLILJ|275,3483,3483,955|2;1,5,3,1;;3,5;1,2,5
LLILJ|275,13107,13107,955|2;3,5;;3,5,1,5;1,2,5
LLILJ|550,3758,27,139|1,2;3,5,1,5;3,5;1,5;4
LLILJ|802,170,4539,23|2,4;3,5,1,5;3;1,5,3,5;1,5,4
LLILJ|802,170,4539,955|2,4;3,5,1,5;3;4,5;1,2,5
LLILJ|802,1902,1902,3310|2,4;1,2,5;;1,3,5;2,0,5
LLILJ|802,1902,35054,3310|2,4;1,2,5;3;;2,0,5
LLILJ|1100,85,35037,139|3,4;2,5;2;3,5;4
LLILJ|1100,85,35037,2525|3,4;2,5;2;4;2,5
LLILJ|1100,1902,1902,3310|3,4;3,5;;1,3,5;2,0,5
LLILJ|1100,1902,35054,3310|3,4;3,5;3;;2,0,5
LLILJ|1100,52428,52428,3310|3,4;1,3,5;;3,5;2,0,5
LLILJ|1100,291916,52428,3310|3,4;;3,5;3,5;2,0,5
LLILJ|3208,170,4539,23|1,3;3,5;3;1,5,3,5;1,5,4
LLILJ|3208,170,4539,955|1,3;3,5;3;4,5;1,2,5
LLILJ|3208,204,4573,2525|1,3;2,5,3;2;1,5;2,5
LLILJ|3208,3483,3483,955|1,3;2,5;;3,5;1,2,5
LLILJ|3208,3758,27,139|1,3;2,5,1;3,5;1,5;4
LLILJ|3208,61064,153,955|1,3;1,4;3,5;3,5;1,2,5
LLILJ|3208,584840,36249,139|1,3;1;3,5;3,5,4,5;4
LLILJ|3208,584840,36249,3001|1,3;1;3,5;3,5;1,2,5,4
LLILL|71,204,204,29|;1,3,5;;2,5;4,5
LLILL|71,204,4573,29|;1,3,5;2;4,5;4,5
LLILL|71,3687,4471,29|;1,4;3;1,5,3,5;4,5
LLILL|71,3687,4471,887|;1,4;3;4,5;3,1,5
LLILL|71,4471,4471,29|;2;;1,5,3,5;4,5
LLILL|71,4471,4471,887|;2;;4,5;3,1,5
LLILL|71,18247,204,29|;;2,5;2,5;4,5
LLILL|113,29041,29041,113|4;4;;1,3,5,2;1,3,5,2
LLILL|113,36465,36465,113|4;1;;4;1,3,5,2
LLILL|113,70513,6585,29|4;2;2,5,1,5;1,5,3,5;4,5
LLILL|142,25806,1885,3293|1;3;3,5;1,3,5;3,5
LLILL|142,36494,36494,142|1;3,2;;4;4
LLILL|226,821474,51603,2995|1,4;1,3;2,5;3,5,4,4;3,5,4
LLILL|275,51,35003,142|2;4,5;3;3,5;4
LLILL|275,51,35003,2491|2;4,5;3;4;1,3,5
LLILL|275,85,85,887|2;1,5,2;;3,5;3,1,5
LLILL|275,85,85,3293|2;1,5,2;;1,3,5;3,5
LLILL|275,85,35037,3293|2;1,5,2;2;;3,5
LLILL|275,13107,13107,887|2;3,5;;1,2,5;3,1,5
LLILL|802,170,4539,2491|2,4;3,5,1,5;3;1,5;1,3,5
LLILL|802,1902,35054,142|2,4;1,2,5;3;4;4
LLILL|1100,85,85,887|3,4;2,5;;3,5;3,1,5
LLILL|1100,85,85,3293|3,4;2,5;;1,3,5;3,5
LLILL|1100,85,35037,3293|3,4;2,5;2;;3,5
LLILL|1100,1902,35054,142|3,4;3,5;3;4;4
LLILL|1100,52428,52428,3293|3,4;1,3,5;;2,5;3,5
LLILL|1100,58956,1885,3293|3,4;1,4;3,5;1,3,5;3,5
LLILL|1100,291916,52428,3293|3,4;;3,5;2,5;3,5
LLILL|1604,30532,204,29|3;4;2,5;2,5;4,5
LLILL|3208,170,4539,2491|1,3;3,5;3;1,5;1,3,5
LLILL|3208,204,204,29|1,3;2,5,3;;2,5;4,5
LLILL|3208,204,4573,29|1,3;2,5,3;2;4,5;4,5
LLIOI|71,204,4573,56797|;1,3,5;2;1;3,5
LLIOI|71,204,8942,61166|;1,3,5;3;1,5;3,5
LLIOI|71,3687,4471,30583|;1,4;3;;2,5
LLIOI|71,4471,4471,30583|;2;;;2,5
LLIOI|142,8942,8942,61166|1;2,1;;1,5;3,5
LLIOI|275,51,17527,30583|2;4,5;2;0,5;2,5
LLIOI|275,51,35003,48059|2;4,5;3;0;2,5
LLIOI|802,1902,35054,61166|2,4;1,2,5;3;;3,5
LLIOI|1100,1902,35054,61166|3,4;3,5;3;;3,5
LLIOI|3208,204,4573,56797|1,3;2,5,3;2;1;3,5
LLIOI|3208,204,8942,61166|1,3;2,5,3;3;1,5;3,5
LLIOO|275,13107,13107,51|2;3,5;;1,5;1,5
LLIOO|1100,52428,52428,204|3,4;1,3,5;;0,5;0,5
LLIOO|1100,291916,52428,204|3,4;;3,5;0,5;0,5
LLIOS|113,201,201,57|4;1,3,5,2,3;;0,5;4
LLIOS|113,18289,201,57|4;;2,5;0,5;4
LLIOS|3208,201,201,57|1,3;2,5,2;;0,5;4
LLISS|113,70513,6585,57|4;2;2,5,1,5;2,5;4
LLIST|71,1879,141,27|;4;2,5;2;1,5,4
LLIST|113,201,201,27|4;1,3,5,2,3;;2;1,5,4
LLIST|113,18289,201,27|4;;2,5;2;1,5,4
LLIST|275,1879,141,27|2;1,5,3;2,5;2;1,5,4
LLIST|3208,201,201,27|1,3;2,5,2;;2;1,5,4
LLIST|3208,584840,36249,141|1,3;1;3,5;3,4;4
LLISZ|71,4471,153,201|;2;2,1,5;4;1,4
LLISZ|113,29041,153,201|4;4;2,5;4;1,4
LLISZ|142,36494,153,201|1;3,2;3,5;4;1,4
LLISZ|3208,61064,153,201|1,3;1,4;3,5;4;1,4
LLITI|550,18150,1399,30583|1,2;1,2,5;3,5;4;2,5
LLITJ|142,78,78,23|1;;;2,0,5;1,5,4
LLITJ|142,78,277,2525|1;;3;1,5,3;2,5
LLITJ|142,8942,51,139|1;2,1;3,5;3,1,5;4
LLITJ|226,114,2186,3310|1,4;4;3;3;2,0,5
LLITJ|226,58082,51,139|1,4;3,3;3,5;3,1,5;4
LLITJ|275,51,51,139|2;4,5;;3,1,5;4
LLITJ|275,13107,13107,955|2;3,5;;3,1,5;1,2,5
LLITJ|1100,52428,52428,3310|3,4;1,3,5;;3,5;2,0,5
LLITJ|1100,291916,52428,3310|3,4;;3,5;3,5;2,0,5
LLITL|71,204,204,29|;1,3,5;;2,0,5;4,5
LLITL|71,18247,204,29|;;2,5;2,0,5;4,5
LLITL|71,36423,6487,887|;1;3,5;2,5;3,1,5
LLITL|142,78,277,887|1;;3;1,5,2;3,1,5
LLITL|226,114,2186,2491|1,4;4;3;2;1,3,5
LLITL|275,13107,13107,887|2;3,5;;1,2,5;3,1,5
LLITL|1100,52428,52428,3293|3,4;1,3,5;;2,0,5;3,5
LLITL|1100,291916,52428,3293|3,4;;3,5;2,0,5;3,5
LLITL|1604,30532,204,29|3;4;2,5;2,0,5;4,5
LLITL|3208,204,204,29|1,3;2,5,3;;2,0,5;4,5
LLITO|1100,30028,36300,204|3,4;4;3,5;4;0,5
LLITO|3208,584840,36249,153|1,3;1;3,5;4;
LLITT|275,85,35037,141|2;1,5,2;2;4;4
LLITT|802,170,4539,27|2,4;3,5,1,5;3;1,5,4;1,5,4
LLITT|1100,85,35037,141|3,4;2,5;2;4;4
LLITT|3208,170,4539,27|1,3;3,5;3;1,5,4;1,5,4
LLIZO|226,36578,147,51|1,4;1;3,5;4,4;1,5
LLIZO|275,147,147,51|2;1,5;;4,4;1,5
LLIZS|71,4471,153,57|;2;2,1,5;4;4
LLIZS|113,29041,153,57|4;4;2,5;4;4
LLIZS|142,36494,153,57|1;3,2;3,5;4;4
LLIZS|3208,61064,153,57|1,3;1,4;3,5;4;4
LLIZT|142,3758,27,141|1;3,3;3,5;1,3;4
LLIZT|550,3758,27,141|1,2;3,5,1,5;3,5;1,3;4
LLIZT|1100,30028,36300,141|3,4;4;3,5;2,4;4
LLIZT|3208,3758,27,141|1,3;2,5,1;3,5;1,3;4
LLIZZ|226,821474,51603,147|1,4;1,3;2,5;1,4;4
LLJIJ|71,204,1774,23|;1,3,5;2,5;3,5;1,5,4
LLJIJ|71,204,59596,2525|;1,3,5;1,4;3,5;2,5
LLJIJ|71,3687,887,139|;1,4;2,5;3,5;4
LLJIJ|71,4471,23,23|;2;1,5,4;;1,5,4
LLJIJ|71,4471,887,139|;2;1,5;3,5;4
LLJIJ|113,57969,13169,3001|4;1,4;2,5;3,5;1,2,5,4
LLJIJ|113,70513,13169,3001|4;2;1,5;3,5;1,2,5,4
LLJIJ|142,8942,569070,139|1;2,1;1,3,5;3,5;4
LLJIJ|142,12974,1774,23|1;2,4;1,2,5;3,5;1,5,4
LLJIJ|275,51,139,139|2;4,5;1,3,5;;4
LLJIJ|275,51,1907,139|2;4,5;4;2,5;4
LLJIJ|275,85,5973,2525|2;1,5,2;;2,5;2,5
LLJIJ|275,13107,887,139|2;3,5;1,2,5;3,5;4
LLJIJ|275,13107,955,955|2;3,5;1,3,5;;1,2,5
LLJIJ|802,170,955,955|2,4;3,5,1,5;2,5;;1,2,5
LLJIJ|802,170,3310,3310|2,4;3,5,1,5;1,2,5;;2,0,5
LLJIJ|802,170,11946,955|2,4;3,5,1,5;1;3,5;1,2,5
LLJIJ|802,1902,3694,23|2,4;1,2,5;4;3,5;1,5,4
LLJIJ|802,1902,477038,3310|2,4;1,2,5;2,2;3,5;2,0,5
LLJIJ|1100,85,5973,2525|3,4;2,5;;2,5;2,5
LLJIJ|1100,1902,3694,23|3,4;3,5;4;3,5;1,5,4
LLJIJ|1100,1902,477038,3310|3,4;3,5;2,2;3,5;2,0,5
LLJIJ|1100,52428,3310,3310|3,4;1,3,5;3,5;;2,0,5
LLJIJ|3208,170,955,955|1,3;3,5;2,5;;1,2,5
LLJIJ|3208,170,3310,3310|1,3;3,5;1,2,5;;2,0,5
LLJIJ|3208,170,11946,955|1,3;3,5;1;3,5;1,2,5
LLJIJ|3208,204,1774,23|1,3;2,5,3;2,5;3,5;1,5,4
LLJIJ|3208,204,59596,2525|1,3;2,5,3;1,4;3,5;2,5
LLJIL|71,1879,96087,29|;4;;2,5;4,5
LLJIL|71,3687,887,887|;1,4;2,5;;3,1,5
LLJIL|71,3687,192103,887|;1,4;1;2,5;3,1,5
LLJIL|71,4471,887,887|;2;1,5;;3,1,5
LLJIL|142,78,3790,29|1;;4;3,5;4,5
LLJIL|142,36494,142,142|1;3,2;2,5,3;;4
LLJIL|275,51,5939,2491|2;4,5;;2,5;1,3,5
LLJIL|275,85,1655,142|2;1,5,2;2,5;2,5;4
LLJIL|275,85,29781,3293|2;1,5,2;2,5,2;2,5;3,5
LLJIL|275,1879,96087,29|2;1,5,3;;2,5;4,5
LLJIL|275,13107,887,887|2;3,5;1,2,5;;3,1,5
LLJIL|550,18150,1910,142|1,2;1,2,5;2,0,5;2,5;4
LLJIL|802,170,3310,29|2,4;3,5,1,5;1,2,5;3,5;4,5
LLJIL|802,170,59562,2491|2,4;3,5,1,5;3,3;3,5;1,3,5
LLJIL|1100,85,1655,142|3,4;2,5;2,5;2,5;4
LLJIL|1100,85,29781,3293|3,4;2,5;2,5,2;2,5;3,5
LLJIL|1100,52428,3293,3293|3,4;1,3,5;2,5,0,5;;3,5
LLJIL|1100,52428,3310,29|3,4;1,3,5;3,5;3,5;4,5
LLJIL|3208,170,3310,29|1,3;3,5;1,2,5;3,5;4,5
LLJIL|3208,170,59562,2491|1,3;3,5;3,3;3,5;1,3,5
LLJJI|71,204,1774,61166|;1,3,5;2,5;4;3,5
LLJJI|71,3687,887,30583|;1,4;2,5;4;2,5
LLJJI|71,4471,887,30583|;2;1,5;4;2,5
LLJJI|71,281671,290423,30583|;1,2,1;3,5;2,0,5;2,5
LLJJI|142,8942,569070,61166|1;2,1;1,3,5;4;3,5
LLJJI|142,12974,1774,61166|1;2,4;1,2,5;4;3,5
LLJJI|275,13107,887,30583|2;3,5;1,2,5;4;2,5
LLJJI|3208,204,1774,61166|1,3;2,5,3;2,5;4;3,5
LLJJO|71,204,46,51|;1,3,5;3,5;2,5;1,5
LLJJO|71,204,6092,204|;1,3,5;;1,5,4;0,5
LLJJO|71,204,59596,204|;1,3,5;1,4;2,5,3;0,5
LLJJO|226,114,226,51|1,4;4;4;2,5;1,5
LLJJO|275,51,139,204|2;4,5;1,3,5;3,4,5;0,5
LLJJO|275,51,5939,51|2;4,5;;1,5,4;1,5
LLJJO|3208,204,46,51|1,3;2,5,3;3,5;2,5;1,5
LLJJO|3208,204,6092,204|1,3;2,5,3;;1,5,4;0,5
LLJJO|3208,204,59596,204|1,3;2,5,3;1,4;2,5,3;0,5
LLJJO|3208,61064,904,204|1,3;1,4;2,5;1,2,5,4,4;0,5
LLJJS|142,36494,142,57|1;3,2;2,5,3;2;4
LLJJS|275,3483,97691,3483|2;1,5,3,1;;1,5,4;3,4
LLJJS|275,3483,953755,3483|2;1,5,3,1;1,4;2,5,3;3,4
LLJJS|3208,3483,97691,3483|1,3;2,5;;1,5,4;3,4
LLJJS|3208,3483,953755,3483|1,3;2,5;1,4;2,5,3;3,4
LLJJS|3208,61064,904,57|1,3;1,4;2,5;1,2,5,4,2;4
LLJJT|275,51,139,27|2;4,5;1,3,5;;1,5,4
LLJJZ|113,201,6089,201|4;1,3,5,2,3;;1,5,4;1,4
LLJJZ|113,201,59593,201|4;1,3,5,2,3;1,4;2,5,3;1,4
LLJJZ|275,147,6035,147|2;1,5;;1,5,4;4
LLJJZ|275,147,59539,147|2;1,5;1,2,5,2;2,5,3;4
LLJJZ|3208,201,6089,201|1,3;2,5,2;;1,5,4;1,4
LLJJZ|3208,201,59593,201|1,3;2,5,2;1,4;2,5,3;1,4
LLJLI|71,4471,808311,30583|;2;2,5,1;3,5;2,5
LLJLI|275,85,1655,30583|2;1,5,2;2,5;4;2,5
LLJLI|802,170,3310,61166|2,4;3,5,1,5;1,2,5;1,4;3,5
LLJLI|1100,85,1655,30583|3,4;2,5;2,5;4;2,5
LLJLI|1100,52428,3310,61166|3,4;1,3,5;3,5;1,4;3,5
LLJLI|3208,170,3310,61166|1,3;3,5;1,2,5;1,4;3,5
LLJLO|113,57969,13169,51|4;1,4;2,5;3,5,1,5,2;1,5
LLJLO|113,70513,13169,51|4;2;1,5;3,5,1,5,2;1,5
LLJLO|1100,58956,14156,204|3,4;1,4;2,5;3,1,5;0,5
LLJLS|113,57969,13169,57|4;1,4;2,5;3,5,1,5,2,3;4
LLJLS|113,70513,13169,57|4;2;1,5;3,5,1,5,2,3;4
LLJLS|3208,61064,904,57|1,3;1,4;2,5;3,5,3;4
LLJLZ|71,4471,23,201|;2;1,5,4;1,5,3;1,4
LLJLZ|142,78,5966,3534|1;;;1,5,3,5;2,4
LLJLZ|142,25806,226766,3534|1;3;2,5;3,1,5;2,4
LLJOJ|71,204,46,3310|;1,3,5;3,5;1,5;2,0,5
LLJOJ|275,51,139,955|2;4,5;1,3,5;0;1,2,5
LLJOJ|3208,204,46,3310|1,3;2,5,3;3,5;1,5;2,0,5
LLJOL|71,204,989,3293|;1,3,5;2,5,0;1,5;3,5
LLJOL|113,57969,13169,113|4;1,4;2,5;1,5;1,3,5,2
LLJOL|113,70513,13169,113|4;2;1,5;1,5;1,3,5,2
LLJOL|113,70513,39281,113|4;2;1,5,3;;1,3,5,2
LLJOL|226,821474,51379,2995|1,4;1,3;2,5,0,5;0,5;3,5,4
LLJOL|275,51,3191,887|2;4,5;1,2,5;0,5;3,1,5
LLJOL|3208,204,989,3293|1,3;2,5,3;2,5,0;1,5;3,5
LLJSJ|142,36494,142,3310|1;3,2;2,5,3;1;2,0,5
LLJSJ|275,147,3287,23|2;1,5;1,2,5;3;1,5,4
LLJSJ|3208,61064,904,232|1,3;1,4;2,5;4;2,5,3
LLJSL|113,36465,14705,113|4;1;2;4;1,3,5,2
LLJSL|113,57969,13169,113|4;1,4;2,5;1,2,5;1,3,5,2
LLJSL|113,70513,13169,113|4;2;1,5;1,2,5;1,3,5,2
LLJSL|1100,52428,3293,29|3,4;1,3,5;2,5,0,5;3;4,5
LLJTL|113,70513,7025,113|4;2;1,5,4;1,5,4;1,3,5,2
LLJTT|71,4471,23,141|;2;1,5,4;1,5,3;4
LLJTT|142,78,53,141|1;;2,0,5;3,1,5;4
LLJTT|142,36494,142,27|1;3,2;2,5,3;2;1,5,4
LLJZJ|275,13107,955,139|2;3,5;1,3,5;1,5,2;4
LLJZJ|802,170,955,139|2,4;3,5,1,5;2,5;1,5,2;4
LLJZJ|3208,170,955,139|1,3;3,5;2,5;1,5,2;4
LLJZL|71,4471,23,887|;2;1,5,4;;3,1,5
LLJZL|142,3758,958,142|1;3,3;2,5;1,5,2;4
LLJZL|142,4542,958,142|1;2;1,5;1,5,2;4
LLJZL|550,3758,958,142|1,2;3,5,1,5;2,5;1,5,2;4
LLJZL|3208,3758,958,142|1,3;2,5,1;2,5;1,5,2;4
LLLIJ|71,204,36556,2525|;1,3,5;1;3,5;2,5
LLLIJ|71,4471,887,139|;2;4,5;3,5;4
LLLIJ|71,4471,209783,955|;2;3,5;3,5;1,2,5
LLLIJ|113,70513,13169,3001|4;2;4,5;3,5;1,2,5,4
LLLIJ|142,78,3694,23|1;;1,4;3,5;1,5,4
LLLIJ|142,3758,585390,139|1;3,3;1;3,5;4
LLLIJ|275,85,887,139|2;1,5,2;3,5;3,5;4
LLLIJ|275,85,29013,2525|2;1,5,2;2,2;2,5;2,5
LLLIJ|275,3483,955,955|2;1,5,3,1;3,5;;1,2,5
LLLIJ|275,13107,887,139|2;3,5;1,2,5;3,5;4
LLLIJ|275,13107,955,955|2;3,5;3,5,1,5;;1,2,5
LLLIJ|275,463123,29013,2525|2;3,5,3;1,3,5,2,5,2;2,5;2,5
LLLIJ|550,3758,585390,139|1,2;3,5,1,5;1;3,5;4
LLLIJ|802,170,1774,23|2,4;3,5,1,5;3,5;3,5;1,5,4
LLLIJ|802,170,58026,955|2,4;3,5,1,5;3,5,3;3,5;1,2,5
LLLIJ|802,1902,3310,3310|2,4;1,2,5;1,3,5;;2,0,5
LLLIJ|802,1902,292718,3310|2,4;1,2,5;;3,5;2,0,5
LLLIJ|1100,85,887,139|3,4;2,5;3,5;3,5;4
LLLIJ|1100,85,29013,2525|3,4;2,5;2,2;2,5;2,5
LLLIJ|1100,1902,3310,3310|3,4;3,5;1,3,5;;2,0,5
LLLIJ|1100,1902,292718,3310|3,4;3,5;;3,5;2,0,5
LLLIJ|1100,52428,3310,3310|3,4;1,3,5;3,5;;2,0,5
LLLIJ|3208,170,1774,23|1,3;3,5;3,5;3,5;1,5,4
LLLIJ|3208,170,58026,955|1,3;3,5;3,5,3;3,5;1,2,5
LLLIJ|3208,204,36556,2525|1,3;2,5,3;1;3,5;2,5
LLLIJ|3208,3483,955,955|1,3;2,5;3,5;;1,2,5
LLLIJ|3208,3758,585390,139|1,3;2,5,1;1;3,5;4
LLLIL|71,204,29,29|;1,3,5;2,5;;4,5
LLLIL|71,204,3820,29|;1,3,5;1,4;3,5;4,5
LLLIL|71,3687,1895,142|;1,4;4;2,5;4
LLLIL|71,3687,929383,887|;1,4;3,3;2,5;3,1,5
LLLIL|71,4471,29,29|;2;1,5,3,5;;4,5
LLLIL|71,4471,887,887|;2;4,5;;3,1,5
LLLIL|113,29041,113,113|4;4;1,3,5,2;;1,3,5,2
LLLIL|113,36465,113,113|4;1;4;;1,3,5,2
LLLIL|113,70513,21873,3545|4;2;1,5,2;2,5;3,5,4
LLLIL|113,281713,21873,3545|4;3,4;2,5;2,5;3,5,4
LLLIL|142,25806,847054,3293|1;3;1,3,5;3,5;3,5
LLLIL|142,36494,142,142|1;3,2;4;;4
LLLIL|226,205538,43746,2995|1,4;2,4;3,5,1,5;3,5;3,5,4
LLLIL|226,821474,43746,2995|1,4;1,3;3,5;3,5;3,5,4
LLLIL|275,51,1655,142|2;4,5;3,5;2,5;4
LLLIL|275,51,28979,2491|2;4,5;4;2,5;1,3,5
LLLIL|275,85,887,887|2;1,5,2;3,5;;3,1,5
LLLIL|275,85,3293,3293|2;1,5,2;1,3,5;;3,5
LLLIL|275,85,18261,3293|2;1,5,2;;2,5;3,5
LLLIL|275,13107,887,887|2;3,5;1,2,5;;3,1,5
LLLIL|275,463123,28979,2491|2;3,5,3;1,3,5,3,5;2,5;1,3,5
LLLIL|802,170,36522,2491|2,4;3,5,1,5;1;3,5;1,3,5
LLLIL|802,1902,3310,29|2,4;1,2,5;1,3,5;3,5;4,5
LLLIL|1100,85,887,887|3,4;2,5;3,5;;3,1,5
LLLIL|1100,85,3293,3293|3,4;2,5;1,3,5;;3,5
LLLIL|1100,85,18261,3293|3,4;2,5;;2,5;3,5
LLLIL|1100,1902,3310,29|3,4;3,5;1,3,5;3,5;4,5
LLLIL|1100,52428,3293,3293|3,4;1,3,5;2,5;;3,5
LLLIL|1100,52428,3310,29|3,4;1,3,5;3,5;3,5;4,5
LLLIL|3208,170,36522,2491|1,3;3,5;1;3,5;1,3,5
LLLIL|3208,204,29,29|1,3;2,5,3;2,5;;4,5
LLLIL|3208,204,3820,29|1,3;2,5,3;1,4;3,5;4,5
LLLJI|71,4471,887,30583|;2;4,5;4;2,5
LLLJI|71,4471,209783,30583|;2;3,5;1,2,5;2,5
LLLJI|275,85,887,30583|2;1,5,2;3,5;4;2,5
LLLJI|275,13107,887,30583|2;3,5;1,2,5;4;2,5
LLLJI|802,170,1774,61166|2,4;3,5,1,5;3,5;4;3,5
LLLJI|1100,85,887,30583|3,4;2,5;3,5;4;2,5
LLLJI|3208,170,1774,61166|1,3;3,5;3,5;4;3,5
LLLJO|113,201,46,51|4;1,3,5,2,3;3,5,4;2,5;1,5
LLLJO|113,201,281,153|4;1,3,5,2,3;2;1,5,4;
LLLJO|113,70513,275,51|4;2;1,5,3,1,5,2;1,5;1,5
LLLJO|113,70513,275,153|4;2;1,5,3,1,5,2;1,5,3;
LLLJO|113,70513,281,153|4;2;1,5,3,1,5,2,3;1,5,4;
LLLJO|226,36578,226,51|1,4;1;4;2,5;1,5
LLLJO|3208,201,46,51|1,3;2,5,2;3,5,4;2,5;1,5
LLLJO|3208,201,281,153|1,3;2,5,2;2;1,5,4;
LLLJO|3208,584840,3208,153|1,3;1;4;2,5,0,5;
LLLJO|3208,584840,3208,204|1,3;1;4;3,5,3;0,5
LLLJS|113,201,281,57|4;1,3,5,2,3;2;1,5;4
LLLJS|113,201,3817,57|4;1,3,5,2,3;1,4;2,5;4
LLLJS|113,70513,281,57|4;2;1,5,3,1,5,2,3;1,5;4
LLLJS|142,36494,142,57|1;3,2;4;2;4
LLLJS|3208,201,281,57|1,3;2,5,2;2;1,5;4
LLLJS|3208,201,3817,57|1,3;2,5,2;1,4;2,5;4
LLLJT|113,70513,275,27|4;2;1,5,3,1,5,2;1,5,4;1,5,4
LLLJZ|142,78,51406,3534|1;;1,3;3,5,2;2,4
LLLJZ|142,25806,847054,3534|1;3;1,3,5;2,0,5;2,4
LLLJZ|226,821474,3202,147|1,4;1,3;2,5,2,5;2,5,0,5,2,3;4
LLLJZ|3208,584840,3208,201|1,3;1;4;3,5,2,5;1,4
LLLLI|71,4471,209783,30583|;2;3,5;1,2,5;2,5
LLLLI|71,4471,286071,30583|;2;2,5,1;3,5;2,5
LLLLI|71,281671,286071,30583|;1,2,1;2,5;3,5;2,5
LLLLI|275,51,1655,30583|2;4,5;3,5;4;2,5
LLLLI|802,1902,3310,61166|2,4;1,2,5;1,3,5;1,4;3,5
LLLLI|1100,1902,3310,61166|3,4;3,5;1,3,5;1,4;3,5
LLLLI|1100,52428,3310,61166|3,4;1,3,5;3,5;1,4;3,5
LLLLO|71,204,29,51|;1,3,5;2,5;3,5;1,5
LLLLO|71,204,36556,204|;1,3,5;1;4;0,5
LLLLO|71,4471,29,51|;2;1,5,3,5;3,5;1,5
LLLLO|71,4471,209783,51|;2;3,5;3,5,1,5;1,5
LLLLO|71,36423,71,204|;1;4;1,3,5;0,5
LLLLO|113,201,281,51|4;1,3,5,2,3;2;2,5;1,5
LLLLO|113,201,281,153|4;1,3,5,2,3;2;1,5;
LLLLO|113,70513,275,51|4;2;1,5,3,1,5,2;4,5;1,5
LLLLO|113,70513,281,51|4;2;1,5,3,1,5,2,3;2,5;1,5
LLLLO|113,70513,281,153|4;2;1,5,3,1,5,2,3;1,5;
LLLLO|113,70513,13169,51|4;2;4,5;3,5,1,5,2;1,5
LLLLO|275,51,71,204|2;4,5;1,2,5;1,3,5;0,5
LLLLO|275,51,28979,51|2;4,5;4;1,3,5,2;1,5
LLLLO|275,51,36403,51|2;4,5;1;4;1,5
LLLLO|275,463123,28979,51|2;3,5,3;1,3,5,3,5;1,3,5,2;1,5
LLLLO|3208,201,281,51|1,3;2,5,2;2;2,5;1,5
LLLLO|3208,201,281,153|1,3;2,5,2;2;1,5;
LLLLO|3208,204,29,51|1,3;2,5,3;2,5;3,5;1,5
LLLLO|3208,204,36556,204|1,3;2,5,3;1;4;0,5
LLLLO|3208,584840,3208,204|1,3;1;4;2,5,3;0,5
LLLLS|113,70513,275,3483|4;2;1,5,3,1,5,2;1,5,3,1;3,4
LLLLS|113,70513,13169,57|4;2;4,5;3,5,1,5,2,3;4
LLLLS|275,3483,466331,3483|2;1,5,3,1;2,2;1,3,5,2;3,4
LLLLS|275,3483,585115,3483|2;1,5,3,1;1;4;3,4
LLLLS|275,463123,466331,3483|2;3,5,3;1,3,5,2,5,3,1;1,3,5,2;3,4
LLLLS|3208,3483,466331,3483|1,3;2,5;2,2;1,3,5,2;3,4
LLLLS|3208,3483,585115,3483|1,3;2,5;1;4;3,4
LLLLS|3208,584840,3208,3483|1,3;1;4;2,5;3,4
LLLLT|71,204,29,141|;1,3,5;2,5;1,5;4
LLLLT|71,4471,29,141|;2;1,5,3,5;1,5;4
LLLLT|113,201,281,27|4;1,3,5,2,3;2;4,5;1,5,4
LLLLT|113,70513,281,27|4;2;1,5,3,1,5,2,3;4,5;1,5,4
LLLLT|3208,201,281,27|1,3;2,5,2;2;4,5;1,5,4
LLLLT|3208,204,29,141|1,3;2,5,3;2,5;1,5;4
LLLLZ|113,201,36553,201|4;1,3,5,2,3;1;4;1,4
LLLLZ|113,29041,113,201|4;4;1,3,5,2;1,3,5,2,3;1,4
LLLLZ|113,36465,113,201|4;1;4;1,3,5,2,3;1,4
LLLLZ|113,70513,275,147|4;2;1,5,3,1,5,2;1,5;4
LLLLZ|275,147,29075,147|2;1,5;3,3,5;1,3,5,2;4
LLLLZ|275,147,36499,147|2;1,5;1;4;4
LLLLZ|275,463123,29075,147|2;3,5,3;1,3,5,2,5;1,3,5,2;4
LLLLZ|3208,201,36553,201|1,3;2,5,2;1;4;1,4
LLLLZ|3208,584840,3208,201|1,3;1;4;2,5,2;1,4
LLLOJ|71,204,1006,3310|;1,3,5;3,5;1,5;2,0,5
LLLOJ|71,12903,1006,3310|;3;3,5,1,5;1,5;2,0,5
LLLOJ|113,201,46,3310|4;1,3,5,2,3;3,5,4;1,5;2,0,5
LLLOJ|113,201,281,23|4;1,3,5,2,3;2;;1,5,4
LLLOJ|113,70513,281,23|4;2;1,5,3,1,5,2,3;;1,5,4
LLLOJ|275,51,3259,955|2;4,5;3,5,1;0,5;1,2,5
LLLOJ|3208,201,46,3310|1,3;2,5,2;3,5,4;1,5;2,0,5
LLLOJ|3208,201,281,23|1,3;2,5,2;2;;1,5,4
LLLOJ|3208,204,1006,3310|1,3;2,5,3;3,5;1,5;2,0,5
LLLOJ|3208,584840,3208,3310|1,3;1;4;0,5,1;2,0,5
LLLOL|71,204,29,3293|;1,3,5;2,5;1;3,5
LLLOL|71,4471,29,3293|;2;1,5,3,5;1;3,5
LLLOL|71,4471,209783,887|;2;3,5;1,5;3,1,5
LLLOL|71,36423,71,887|;1;4;0,5;3,1,5
LLLOL|113,18289,52337,113|4;;1,3,5;0,5;1,3,5,2
LLLOL|113,70513,275,29|4;2;1,5,3,1,5,2;1,5;4,5
LLLOL|113,70513,13169,113|4;2;4,5;1,5;1,3,5,2
LLLOL|275,51,71,887|2;4,5;1,2,5;0,5;3,1,5
LLLOL|3208,204,29,3293|1,3;2,5,3;2,5;1;3,5
LLLSJ|71,1879,3287,23|;4;1,3,5;3;1,5,4
LLLSJ|113,70513,37745,209|4;2;1,5;1,5,3,4;2,5,3
LLLSJ|142,78,51406,3310|1;;1,3;2,5,3;2,0,5
LLLSJ|142,25806,847054,3310|1;3;1,3,5;3;2,0,5
LLLSJ|142,36494,142,3310|1;3,2;4;1;2,0,5
LLLSJ|275,147,77,23|2;1,5;1,3,5,4;2;1,5,4
LLLSJ|275,1879,3287,23|2;1,5,3;1,3,5;3;1,5,4
LLLSL|71,4471,209783,887|;2;3,5;1,2,5;3,1,5
LLLSL|113,201,281,29|4;1,3,5,2,3;2;1,5,4;4,5
LLLSL|113,70513,275,887|4;2;1,5,3,1,5,2;2,5;3,1,5
LLLSL|113,70513,281,29|4;2;1,5,3,1,5,2,3;1,5,4;4,5
LLLSL|113,70513,13169,113|4;2;4,5;1,2,5;1,3,5,2
LLLSL|275,85,3293,29|2;1,5,2;1,3,5;3;4,5
LLLSL|1100,85,3293,29|3,4;2,5;1,3,5;3;4,5
LLLSL|1100,52428,3293,29|3,4;1,3,5;2,5;3;4,5
LLLSL|3208,201,281,29|1,3;2,5,2;2;1,5,4;4,5
LLLTI|71,4471,209783,30583|;2;3,5;1,2,5;2,5
LLLTI|142,78,51406,61166|1;;1,3;3,5,4;3,5
LLLTJ|113,70513,275,23|4;2;1,5,3,1,5,2;1,5,4;1,5,4
LLLTJ|142,78,51406,3310|1;;1,3;3,5,3;2,0,5
LLLTL|113,201,281,29|4;1,3,5,2,3;2;1,5,4;4,5
LLLTL|113,70513,281,29|4;2;1,5,3,1,5,2,3;1,5,4;4,5
LLLTL|3208,201,281,29|1,3;2,5,2;2;1,5,4;4,5
LLLTT|142,36494,142,27|1;3,2;4;2;1,5,4
LLLTT|226,114,202,27|1,4;4;1,3,5;2,0,5;1,5,4
LLLTZ|142,78,51406,201|1;;1,3;2,0,5;1,4
LLLZJ|113,201,281,2525|4;1,3,5,2,3;2;3,5,1;2,5
LLLZJ|113,70513,275,23|4;2;1,5,3,1,5,2;1,5,4;1,5,4
LLLZJ|113,70513,281,2525|4;2;1,5,3,1,5,2,3;3,5,1;2,5
LLLZJ|226,821474,3202,3310|1,4;1,3;2,5,2,5;3,5,2,4;2,0,5
LLLZJ|275,3483,955,139|2;1,5,3,1;3,5;1,5,2;4
LLLZJ|275,13107,955,139|2;3,5;3,5,1,5;1,5,2;4
LLLZJ|3208,201,281,2525|1,3;2,5,2;2;3,5,1;2,5
LLLZJ|3208,3483,955,139|1,3;2,5;3,5;1,5,2;4
LLLZL|71,4471,2423,887|;2;1,5;4;3,1,5
LLLZL|113,29041,51569,113|4;4;1,3,5,2,3;1,4;1,3,5,2
LLLZL|113,70513,37745,113|4;2;1,5;4;1,3,5,2
LLLZL|142,4542,958,142|1;2;4,5;1,5,2;4
LLLZL|275,3483,43,142|2;1,5,3,1;3,5,4;1,5,3;4
LLLZL|275,9075,43,142|2;2,5;3,5,1,5;1,5,3;4
LLLZL|3208,3483,43,142|1,3;2,5;3,5,4;1,5,3;4
LLOII|71,204,52428,56797|;1,3,5;1;2,5;3,5
LLOII|71,204,52428,61166|;1,3,5;1;3,5;3,5
LLOII|71,3687,421479,30583|;1,4;;2,5;2,5
LLOII|71,4471,30583,30583|;2;;;2,5
LLOII|142,8942,61166,61166|1;2,1;1,5;;3,5
LLOII|275,51,13107,30583|2;4,5;0;2,5;2,5
LLOII|275,51,13107,48059|2;4,5;0;3,5;2,5
LLOII|802,1902,419694,61166|2,4;1,2,5;;3,3,5,2,5;3,5
LLOII|1100,1902,419694,61166|3,4;3,5;;3,3,5,2,5;3,5
LLOII|3208,204,52428,56797|1,3;2,5,3;1;2,5;3,5
LLOII|3208,204,52428,61166|1,3;2,5,3;1;3,5;3,5
LLOIO|71,281671,17527,204|;1,2,1;0,5;3,4,1,5;0,5
LLOIO|275,13107,51,51|2;3,5;1,5;;1,5
LLOIO|1100,52428,204,204|3,4;1,3,5;0,5;;0,5
LLOIS|113,201,57,57|4;1,3,5,2,3;0,5;;4
LLOIS|113,18289,227185,57|4;;0,5;2,5;4
LLOIS|3208,201,57,57|1,3;2,5,2;0,5;;4
LLOIT|142,12974,3758,27|1;2,4;1,5;3,5;1,5,4
LLOIZ|113,281713,18289,201|4;3,4;0,5;2,5;1,4
LLOJJ|71,204,52428,3310|;1,3,5;1;3,5;2,0,5
LLOJJ|275,51,13107,955|2;4,5;0;1,3,5;1,2,5
LLOJJ|275,13107,51,139|2;3,5;1,5;1,3,5;4
LLOJJ|3208,204,52428,3310|1,3;2,5,3;1;3,5;2,0,5
LLOJL|71,204,52428,3293|;1,3,5;1;2,5,0,5;3,5
LLOJL|71,12903,3687,887|;3;1,5;2,5;3,1,5
LLOJL|113,201,52425,3545|4;1,3,5,2,3;1;2,5,0,5;3,5,4
LLOJL|275,51,13107,887|2;4,5;0;1,2,5;3,1,5
LLOJL|3208,201,52425,3545|1,3;2,5,2;1;2,5,0,5;3,5,4
LLOJL|3208,204,52428,3293|1,3;2,5,3;1;2,5,0,5;3,5
LLOLJ|71,204,52428,3310|;1,3,5;1;3,5;2,0,5
LLOLJ|113,201,52425,3310|4;1,3,5,2,3;1;3,5,4;2,0,5
LLOLJ|275,51,13107,955|2;4,5;0;3,5,1,5;1,2,5
LLOLJ|3208,201,52425,3310|1,3;2,5,2;1;3,5,4;2,0,5
LLOLJ|3208,204,52428,3310|1,3;2,5,3;1;3,5;2,0,5
LLOLL|71,204,52428,3293|;1,3,5;1;2,5;3,5
LLOLL|71,4471,56695,887|;2;1;3,5;3,1,5
LLOLL|113,201,52425,3545|4;1,3,5,2,3;1;2,5;3,5,4
LLOLL|113,18289,227185,113|4;;0,5;3,1,5;1,3,5,2
LLOLL|113,70513,7537,113|4;2;1,5;4,5;1,3,5,2
LLOLL|275,51,13107,887|2;4,5;0;1,2,5;3,1,5
LLOLL|1100,52428,204,29|3,4;1,3,5;0,5;2,5;4,5
LLOLL|3208,201,52425,3545|1,3;2,5,2;1;2,5;3,5,4
LLOLL|3208,204,52428,3293|1,3;2,5,3;1;2,5;3,5
LLOOI|71,281671,17527,30583|;1,2,1;0,5;0,5;2,5
LLOOO|71,204,52428,204|;1,3,5;1;0,5;0,5
LLOOO|275,51,13107,51|2;4,5;0;1,5;1,5
LLOOO|3208,204,52428,204|1,3;2,5,3;1;0,5;0,5
LLOOS|275,3483,212379,3483|2;1,5,3,1;0;1,5;3,4
LLOOS|275,3483,839067,3483|2;1,5,3,1;1;0,5;3,4
LLOOS|3208,3483,212379,3483|1,3;2,5;0;1,5;3,4
LLOOS|3208,3483,839067,3483|1,3;2,5;1;0,5;3,4
LLOOZ|113,201,57,201|4;1,3,5,2,3;0,5;1,5;1,4
LLOOZ|113,201,52425,201|4;1,3,5,2,3;1;0,5;1,4
LLOOZ|3208,201,57,201|1,3;2,5,2;0,5;1,5;1,4
LLOOZ|3208,201,52425,201|1,3;2,5,2;1;0,5;1,4
LLOSO|275,3483,839067,204|2;1,5,3,1;1;3,5,4;0,5
LLOSO|3208,3483,839067,204|1,3;2,5;1;3,5,4;0,5
LLOSS|275,3483,839067,3483|2;1,5,3,1;1;3,5;3,4
LLOSS|3208,3483,839067,3483|1,3;2,5;1;3,5;3,4
LLOTJ|71,204,52428,3310|;1,3,5;1;3,5;2,0,5
LLOTJ|275,51,13107,955|2;4,5;0;3,1,5;1,2,5
LLOTJ|275,13107,51,139|2;3,5;1,5;3,1,5;4
LLOTJ|3208,204,52428,3310|1,3;2,5,3;1;3,5;2,0,5
LLOTL|71,204,52428,3293|;1,3,5;1;2,0,5;3,5
LLOTL|113,201,52425,3545|4;1,3,5,2,3;1;2,0,5;3,5,4
LLOTL|142,78,894,142|1;;0,5;3,1,5;4
LLOTL|275,51,13107,887|2;4,5;0;1,2,5;3,1,5
LLOTL|1100,52428,204,29|3,4;1,3,5;0,5;2,0,5;4,5
LLOTL|3208,201,52425,3545|1,3;2,5,2;1;2,0,5;3,5,4
LLOTL|3208,204,52428,3293|1,3;2,5,3;1;2,0,5;3,5
LLOZO|113,201,52425,204|4;1,3,5,2,3;1;2,0,5,2;0,5
LLOZO|3208,201,52425,204|1,3;2,5,2;1;2,0,5,2;0,5
LLOZT|113,201,57,141|4;1,3,5,2,3;0,5;1,5,3;4
LLOZT|3208,201,57,141|1,3;2,5,2;0,5;1,5,3;4
LLSIS|113,70513,227185,57|4;2;2,5;2,5;4
LLSIT|113,201,27,27|4;1,3,5,2,3;2;;1,5,4
LLSIT|3208,201,27,27|1,3;2,5,2;2;;1,5,4
LLSIZ|142,36494,847502,201|1;3,2;1;3,5;1,4
LLSJJ|113,70513,337,23|4;2;1,5,2,5;2,5,3;1,5,4
LLSJJ|113,70513,337,209|4;2;1,5,2,5;1,5,4;2,5,3
LLSJJ|113,70513,337,2525|4;2;1,5,2,5;2,5,3,3;2,5
LLSJJ|275,147,5043,23|2;1,5;3;1,5,2,5;1,5,4
LLSJL|113,36465,847473,113|4;1;1;2,0,5;1,3,5,2
LLSJL|142,36494,847502,142|1;3,2;1;2,0,5;4
LLSJL|275,147,5043,2995|2;1,5;3;1,5,4;3,5,4
LLSJL|275,3483,5019,29|2;1,5,3,1;3;1,5,2,5;4,5
LLSJL|3208,3483,5019,29|1,3;2,5;3;1,5,2,5;4,5
LLSLJ|113,201,27,139|4;1,3,5,2,3;2;1,5;4
LLSLJ|142,78,1662,3310|1;;;1,3,5;2,0,5
LLSLJ|142,25806,30702,3310|1;3;1,2,4;1,3,5;2,0,5
LLSLJ|275,147,5043,23|2;1,5;3;1,5,3,5,4;1,5,4
LLSLJ|3208,201,27,139|1,3;2,5,2;2;1,5;4
LLSLL|71,204,30,142|;1,3,5;2;1,5;4
LLSLL|71,4471,1495,887|;2;1,5,2;3,5;3,1,5
LLSLL|113,70513,337,29|4;2;1,5,2,5;1,5,3,5,2;4,5
LLSLL|113,70513,337,113|4;2;1,5,2,5;4,5;1,3,5,2
LLSLL|113,70513,337,887|4;2;1,5,2,5;3,5,4;3,1,5
LLSLL|113,70513,337,3545|4;2;1,5,2,5;1,5,3,5,2,3;3,5,4
LLSLL|113,70513,227185,113|4;2;2,5;3,1,5;1,3,5,2
LLSLL|275,85,4981,29|2;1,5,2;3;1,5,3,1,5;4,5
LLSLL|1100,85,4981,29|3,4;2,5;3;1,5,3,1,5;4,5
LLSLL|3208,204,30,142|1,3;2,5,3;2;1,5;4
LLSOO|275,147,195,51|2;1,5;4;0,5;1,5
LLSOS|275,3483,5019,3483|2;1,5,3,1;3;1,5;3,4
LLSOS|3208,3483,5019,3483|1,3;2,5;3;1,5;3,4
LLSST|275,3483,5019,27|2;1,5,3,1;3;2,5,2;1,5,4
LLSST|3208,3483,5019,27|1,3;2,5;3;2,5,2;1,5,4
LLSTI|71,4471,55159,30583|;2;4,5;4;2,5
LLSTJ|275,3483,5019,23|2;1,5,3,1;3;1,5,2,5,4;1,5,4
LLSTJ|275,13107,891,139|2;3,5;3,1,5;3,1,5;4
LLSTJ|1604,52932,198,23|3;1,3,5;3;2,0,5;1,5,4
LLSTJ|3208,3483,5019,23|1,3;2,5;3;1,5,2,5,4;1,5,4
LLSTL|142,4542,894,142|1;2;2,5;3,1,5;4
LLSTL|275,147,39,142|2;1,5;2,5;3,1,5;4
LLSZT|113,201,27,141|4;1,3,5,2,3;2;1,3;4
LLSZT|3208,201,27,141|1,3;2,5,2;2;1,3;4
LLSZZ|275,147,5043,147|2;1,5;3;1,5,2;4
LLTIJ|71,12903,18023,3310|;3;1,2,5;3,5,3,3,5;2,0,5
LLTIJ|71,281671,18023,3310|;1,2,1;3,5;3,5,3,3,5;2,0,5
LLTIJ|142,78,23,23|1;;2,0,5;;1,5,4
LLTIJ|142,78,36046,2525|1;;1,3;2,5;2,5
LLTIJ|142,8942,584430,139|1;2,1;3,1,5;3,5;4
LLTIJ|275,51,139,139|2;4,5;3,1,5;;4
LLTIJ|275,13107,887,139|2;3,5;1,2,5;3,5;4
LLTIJ|275,13107,955,955|2;3,5;3,1,5;;1,2,5
LLTIJ|1100,52428,3310,3310|3,4;1,3,5;3,5;;2,0,5
LLTIL|71,204,29,29|;1,3,5;2,0,5;;4,5
LLTIL|71,281671,17751,3293|;1,2,1;2,0,5;2,5;3,5
LLTIL|142,78,9838,887|1;;2;3,5;3,1,5
LLTIL|142,12974,35502,2491|1;2,4;3,1,5;3,5;1,3,5
LLTIL|275,13107,887,887|2;3,5;1,2,5;;3,1,5
LLTIL|1100,52428,3293,3293|3,4;1,3,5;2,0,5;;3,5
LLTIL|1100,52428,3310,29|3,4;1,3,5;3,5;3,5;4,5
LLTIL|3208,204,29,29|1,3;2,5,3;2,0,5;;4,5
LLTIO|113,70513,6001,153|4;2;1,5,4;2,5;
LLTIO|226,36578,12002,51|1,4;1;;3,5;1,5
LLTIS|142,36494,11918,57|1;3,2;;3,5;4
LLTIT|71,4471,1399,141|;2;1,5;3,5;4
LLTIT|275,85,1909,141|2;1,5,2;4;2,5;4
LLTIT|802,170,3818,27|2,4;3,5,1,5;4;3,5;1,5,4
LLTIT|1100,85,1909,141|3,4;2,5;4;2,5;4
LLTIT|3208,170,3818,27|1,3;3,5;4;3,5;1,5,4
LLTJI|71,12903,18023,30583|;3;1,2,5;2,0,5;2,5
LLTJI|71,281671,18023,30583|;1,2,1;3,5;2,0,5;2,5
LLTJI|142,78,36046,61166|1;;1,3;2,5;3,5
LLTJI|142,12974,32494,61166|1;2,4;1,2,5;4;3,5
LLTJI|275,13107,887,30583|2;3,5;1,2,5;4;2,5
LLTJL|113,70513,6001,113|4;2;1,5,4;1,5,4;1,3,5,2
LLTJO|71,204,46,51|;1,3,5;3,5;2,5;1,5
LLTJO|275,51,139,204|2;4,5;3,1,5;3,4,5;0,5
LLTJO|3208,204,46,51|1,3;2,5,3;3,5;2,5;1,5
LLTJT|113,70513,401,27|4;2;1,5,3,1,5;2,5,3;1,5,4
LLTJT|142,78,36046,141|1;;1,3;2,5,0,5;4
LLTJT|275,51,139,27|2;4,5;3,1,5;;1,5,4
LLTJZ|142,36494,7054,3534|1;3,2;2;1,5,2,5;2,4
LLTLI|71,4471,316791,30583|;2;2,5,1;3,5;2,5
LLTLI|71,281671,17751,30583|;1,2,1;2,0,5;3,5;2,5
LLTLI|142,78,9838,61166|1;;2;3,1,5;3,5
LLTLI|142,12974,35502,61166|1;2,4;3,1,5;3,5;3,5
LLTLI|1100,52428,3310,61166|3,4;1,3,5;3,5;1,4;3,5
LLTLJ|113,70513,6001,209|4;2;1,5,4;1,5,3,5;2,5,3
LLTLJ|142,78,1902,3310|1;;4;1,3,5;2,0,5
LLTLL|142,4542,30,142|1;2;1,5,4;1,5;4
LLTLO|71,204,29,51|;1,3,5;2,0,5;3,5;1,5
LLTLO|275,51,71,204|2;4,5;1,2,5;1,3,5;0,5
LLTLO|275,147,71,204|2;1,5;1,3,5;1,3,5;0,5
LLTLO|3208,204,29,51|1,3;2,5,3;2,0,5;3,5;1,5
LLTLT|71,204,29,141|;1,3,5;2,0,5;1,5;4
LLTLT|142,36494,7054,27|1;3,2;2;1,5,3,5,3;1,5,4
LLTLT|3208,204,29,141|1,3;2,5,3;2,0,5;1,5;4
LLTLZ|142,78,23,201|1;;2,0,5;1,5,3;1,4
LLTLZ|142,78,36046,3534|1;;1,3;4;2,4
LLTOJ|71,204,46,3310|;1,3,5;3,5;1,5;2,0,5
LLTOJ|113,70513,401,23|4;2;1,5,3,1,5;;1,5,4
LLTOJ|275,51,139,955|2;4,5;3,1,5;0;1,2,5
LLTOJ|3208,204,46,3310|1,3;2,5,3;3,5;1,5;2,0,5
LLTOL|71,204,29,3293|;1,3,5;2,0,5;1;3,5
LLTOL|113,201,5081,3545|4;1,3,5,2,3;2,0;1,5;3,5,4
LLTOL|142,78,36046,142|1;;1,3;0,5;4
LLTOL|275,51,71,887|2;4,5;1,2,5;0,5;3,1,5
LLTOL|275,147,71,887|2;1,5;1,3,5;0,5;3,1,5
LLTOL|3208,201,5081,3545|1,3;2,5,2;2,0;1,5;3,5,4
LLTOL|3208,204,29,3293|1,3;2,5,3;2,0,5;1;3,5
LLTSJ|113,70513,401,209|4;2;1,5,3,1,5;2,5,3;2,5,3
LLTSL|1100,52428,3293,29|3,4;1,3,5;2,0,5;3;4,5
LLTTI|71,4471,1399,30583|;2;1,5;4;2,5
LLTTJ|113,70513,401,209|4;2;1,5,3,1,5;1,5,4;2,5,3
LLTTL|113,36465,7025,113|4;1;2;1,5,4;1,3,5,2
LLTTL|113,70513,401,29|4;2;1,5,3,1,5;2,5,3;4,5
LLTTL|142,36494,7054,142|1;3,2;2;1,5,4;4
LLTTO|113,70513,401,51|4;2;1,5,3,1,5;2,5;1,5
LLTTT|142,78,23,141|1;;2,0,5;1,5,3;4
LLTTT|142,78,36046,141|1;;1,3;2,0,5;4
LLTTZ|226,114,2242,147|1,4;4;1,3;2,0,5;4
LLTZJ|275,13107,955,139|2;3,5;3,1,5;1,5,2;4
LLTZL|113,201,43,142|4;1,3,5,2,3;3,5;1,5,3;4
LLTZL|113,70513,401,29|4;2;1,5,3,1,5;4;4,5
LLTZL|142,78,23,887|1;;2,0,5;;3,1,5
LLTZL|142,78,36046,142|1;;1,3;3,5;4
LLTZL|3208,201,43,142|1,3;2,5,2;3,5;1,5,3;4
LLZIO|113,70513,6001,153|4;2;1,5,4;2,5;
LLZIO|275,147,51,51|2;1,5;4,4;;1,5
LLZIS|71,4471,225655,57|;2;;2,5;4
LLZJJ|275,51,135,23|2;4,5;1,5,3;;1,5,4
LLZJJ|275,147,51,139|2;1,5;4,4;1,3,5;4
LLZJJ|802,170,36074,139|2,4;3,5,1,5;1,2;2,0,5;4
LLZJJ|3208,170,36074,139|1,3;3,5;1,2;2,0,5;4
LLZJL|113,70513,6001,113|4;2;1,5,4;1,5,4;1,3,5,2
LLZLJ|113,70513,6001,209|4;2;1,5,4;1,5,3,5;2,5,3
LLZLL|71,4471,225655,887|;2;;3,1,5,2;3,1,5
LLZSZ|275,147,36051,147|2;1,5;3,4;3;4
LLZTI|142,12974,48878,61166|1;2,4;1,5,2,5;4;3,5
LLZTJ|275,147,51,139|2;1,5;4,4;3,1,5;4
LLZTL|142,78,39,142|1;;3,5;3,1,5;4
LLZTL|1100,52428,3309,29|3,4;1,3,5;3,5;2,0,5;4,5
LLZZI|142,12974,25262,61166|1;2,4;4;3,4;3,5
LOIIJ|71,887,139,139|;0,5;3,5;;4
LOIIJ|71,887,887,139|;0,5;;3,5;4
LOIIJ|113,13169,3001,3001|4;0;3,5;;1,2,5,4
LOIIJ|113,13169,13169,3001|4;0;;3,5;1,2,5,4
LOIIJ|142,1774,23,23|1;;3,5;;1,5,4
LOIIJ|142,1774,1774,23|1;;;3,5;1,5,4
LOIIJ|226,26338,1907,139|1,4;;3,5;2,5;4
LOIIJ|275,1907,139,139|2;;2,5;;4
LOIIJ|275,1907,1907,139|2;;;2,5;4
LOIIJ|550,3814,23,23|1,2;1,5;3,5;;1,5,4
LOIIJ|550,3814,3814,23|1,2;1,5;;3,5;1,5,4
LOIIJ|3208,3310,3310,3310|1,3;0,5,1;;;2,0,5
LOIIL|71,887,887,887|;0,5;;;3,1,5
LOIIL|71,26183,3820,29|;;3,5,3,2,5;3,5;4,5
LOIIL|71,26183,96087,29|;;3,5;2,5;4,5
LOIIL|71,52295,122199,887|;1;2,5;3,5;3,1,5
LOIIL|71,52295,192103,887|;1;3,5;2,5;3,1,5
LOIIL|275,29,29,29|2;1,5;;;4,5
LOIIL|3208,3310,29,29|1,3;0,5,1;3,5;;4,5
LOIIL|3208,3310,3310,29|1,3;0,5,1;;3,5;4,5
LOIJI|71,887,887,30583|;0,5;;4;2,5
LOIJI|142,1774,1774,61166|1;;;4;3,5
LOIJO|71,887,139,204|;0,5;3,5;3,4,5;0,5
LOIJO|275,1907,139,204|2;;2,5;3,4,5;0,5
LOIJO|1100,71,2188,204|3,4;0,5;3;4;0,5
LOIJS|113,26225,3817,57|4;;3,3,5,2,5;2,5;4
LOIJS|1100,71,2188,156|3,4;0,5;3;;1,5,4
LOIJT|71,887,139,27|;0,5;3,5;;1,5,4
LOIJT|275,1907,139,27|2;;2,5;;1,5,4
LOIJZ|113,13169,3001,201|4;0;3,5;1,2,5,4,4;1,4
LOIJZ|1100,71,2188,2973|3,4;0,5;3;2,0;1,2,4
LOILI|3208,3310,3310,61166|1,3;0,5,1;;1,4;3,5
LOILO|113,13169,13169,51|4;0;;3,5,1,5,2;1,5
LOILO|226,52450,3539,51|1,4;1;2,5;3,5;1,5
LOILO|275,29,29,51|2;1,5;;3,5;1,5
LOILO|1100,71,71,204|3,4;0,5;;1,3,5;0,5
LOILO|1100,71,2188,153|3,4;0,5;3;2;
LOILO|1100,71,2188,204|3,4;0,5;3;;0,5
LOILO|3208,3310,29,51|1,3;0,5,1;3,5;3,5;1,5
LOILO|3208,838792,843161,153|1,3;1;2,5;3,5,4,5,4;
LOILS|113,13169,13169,57|4;0;;3,5,1,5,2,3;4
LOILT|275,29,29,141|2;1,5;;1,5;4
LOILT|1100,71,2188,141|3,4;0,5;3;4;4
LOILT|3208,3310,29,141|1,3;0,5,1;3,5;1,5;4
LOILZ|142,1774,23,201|1;;3,5;1,5,3;1,4
LOILZ|550,3814,23,201|1,2;1,5;3,5;1,5,3;1,4
LOIOJ|71,887,139,955|;0,5;3,5;0;1,2,5
LOIOJ|275,1907,139,955|2;;2,5;0;1,2,5
LOIOJ|802,1006,1006,3310|2,4;1,5;;1,5;2,0,5
LOIOJ|1100,71,2188,139|3,4;0,5;3;0,5;4
LOIOJ|3208,3259,3259,955|1,3;0,5;;0,5;1,2,5
LOIOL|113,13169,13169,113|4;0;;1,5;1,3,5,2
LOIOL|113,52337,52337,113|4;1;;0,5;1,3,5,2
LOIOL|275,29,29,3293|2;1,5;;1;3,5
LOIOL|1100,71,71,887|3,4;0,5;;0,5;3,1,5
LOIOL|3208,3310,29,3293|1,3;0,5,1;3,5;1;3,5
LOISL|113,13169,13169,113|4;0;;1,2,5;1,3,5,2
LOISL|1100,71,2188,142|3,4;0,5;3;4;4
LOITL|1100,71,2188,142|3,4;0,5;3;4;4
LOITT|142,1774,23,141|1;;3,5;1,5,3;4
LOITT|550,3814,23,141|1,2;1,5;3,5;1,5,3;4
LOIZJ|1100,71,2188,3310|3,4;0,5;3;2;2,0,5
LOIZL|142,958,958,142|1;0;;1,5,2;4
LOIZL|142,1774,23,887|1;;3,5;;3,1,5
LOIZL|550,3814,23,887|1,2;1,5;3,5;;3,1,5
LOJII|71,887,30583,30583|;0,5;4;;2,5
LOJII|142,1774,61166,61166|1;;4;;3,5
LOJII|3208,838792,52428,56797|1,3;1;3,5,3;2,5;3,5
LOJII|3208,838792,52428,61166|1,3;1;3,5,3;3,5;3,5
LOJIO|226,52450,12002,51|1,4;1;3,5;3,5;1,5
LOJIO|802,1006,35054,153|2,4;1,5;1,3;3,0,5;
LOJIO|1100,71,29767,204|3,4;0,5;3,3,5;2,5;0,5
LOJIO|3208,3310,8942,51|1,3;0,5,1;3;3,5;1,5
LOJIS|113,26225,227185,57|4;;2,5;2,5;4
LOJIS|1100,71,5959,156|3,4;0,5;;2,5;1,5,4
LOJIT|71,887,95095,27|;0,5;;2,5;1,5,4
LOJIT|275,1907,96115,27|2;;;2,5;1,5,4
LOJIZ|1100,71,12631,2973|3,4;0,5;2,0;3,5;1,2,4
LOJJJ|275,29,35037,2525|2;1,5;1,5,3;;2,5
LOJJJ|802,1006,35054,139|2,4;1,5;1,3;2,5;4
LOJJJ|802,1006,35054,3310|2,4;1,5;1,3;4;2,0,5
LOJJJ|3208,3310,97518,3310|1,3;0,5,1;;1,5,4;2,0,5
LOJJJ|3208,3310,953582,3310|1,3;0,5,1;1,4;2,5,3;2,0,5
LOJJJ|3208,838792,52428,3310|1,3;1;3,5,3;3,5;2,0,5
LOJJL|71,887,95095,887|;0,5;;1,5,4;3,1,5
LOJJL|71,52295,61047,887|;1;3,5;2,5;3,1,5
LOJJL|113,13169,35697,113|4;0;1,3,5;4;1,3,5,2
LOJJL|142,958,35006,142|1;0;1,3;4;4
LOJJL|275,29,5917,29|2;1,5;;1,5,4;4,5
LOJJL|275,29,35037,142|2;1,5;1,5,3;2,5;4
LOJJL|275,29,35037,3293|2;1,5;1,5,3;4;3,5
LOJJL|3208,838792,52425,3545|1,3;1;3,5,2,5;2,5,0,5;3,5,4
LOJJL|3208,838792,52428,3293|1,3;1;3,5,3;2,5,0,5;3,5
LOJLJ|275,29,5917,23|2;1,5;;1,5,3,5,3;1,5,4
LOJLJ|275,29,35037,139|2;1,5;1,5,3;3,5;4
LOJLJ|275,29,35037,2525|2;1,5;1,5,3;4;2,5
LOJLJ|802,1006,30702,3310|2,4;1,5;4;1,3,5;2,0,5
LOJLJ|802,1006,35054,3310|2,4;1,5;1,3;;2,0,5
LOJLJ|3208,3259,204219,955|1,3;0,5;2,0;3,5,1,3;1,2,5
LOJLJ|3208,838792,52425,3310|1,3;1;3,5,2,5;3,5,4;2,0,5
LOJLJ|3208,838792,52428,3310|1,3;1;3,5,3;3,5;2,0,5
LOJLL|71,52295,3415,887|;1;2,5,0,5;3,5;3,1,5
LOJLL|113,26225,227185,113|4;;2,5;3,1,5;1,3,5,2
LOJLL|275,29,1885,3293|2;1,5;4;1,3,5;3,5
LOJLL|275,29,5917,29|2;1,5;;1,5,3,5,2;4,5
LOJLL|275,29,35037,3293|2;1,5;1,5,3;;3,5
LOJLL|802,1006,35054,142|2,4;1,5;1,3;4;4
LOJLL|3208,838792,52425,3545|1,3;1;3,5,2,5;2,5;3,5,4
LOJLL|3208,838792,52428,3293|1,3;1;3,5,3;2,5;3,5
LOJOI|71,887,804727,30583|;0,5;1,2;0,5;2,5
LOJOI|802,1006,35054,61166|2,4;1,5;1,3;;3,5
LOJOI|3208,3310,8942,61166|1,3;0,5,1;3;1,5;3,5
LOJOO|226,52450,195,51|1,4;1;2,5,0,5;0,5;1,5
LOJOO|3208,838792,52377,153|1,3;1;2,5,0,5;0,5;
LOJOO|3208,838792,52428,204|1,3;1;3,5,3;0,5;0,5
LOJOZ|3208,838792,52425,201|1,3;1;3,5,2,5;0,5;1,4
LOJTJ|142,958,35006,3310|1;0;1,3;3;2,0,5
LOJTJ|3208,838792,52428,3310|1,3;1;3,5,3;3,5;2,0,5
LOJTL|142,1774,894,142|1;;2,5;3,1,5;4
LOJTL|550,3814,54,142|1,2;1,5;2,5;3,1,5;4
LOJTL|3208,838792,52425,3545|1,3;1;3,5,2,5;2,0,5;3,5,4
LOJTL|3208,838792,52428,3293|1,3;1;3,5,3;2,0,5;3,5
LOJTT|275,29,35037,141|2;1,5;1,5,3;4;4
LOJZI|1100,71,12631,30583|3,4;0,5;2,0;1,5,2,4;2,5
LOJZO|3208,838792,52425,204|1,3;1;3,5,2,5;2,0,5,2;0,5
LOJZZ|3208,838792,52377,201|1,3;1;2,5,0,5;2,0,5,2;1,4
LOLII|3208,3310,61166,61166|1,3;0,5,1;1,4;;3,5
LOLII|3208,838792,52428,56797|1,3;1;2,5,3;2,5;3,5
LOLII|3208,838792,52428,61166|1,3;1;2,5,3;3,5;3,5
LOLIO|71,887,17527,204|;0,5;1,2;3,4,1,5;0,5
LOLIO|113,13169,51,51|4;0;3,5,1,5,2;;1,5
LOLIO|275,29,51,51|2;1,5;3,5;;1,5
LOLIO|1100,71,204,204|3,4;0,5;1,3,5;;0,5
LOLIO|1100,71,4471,153|3,4;0,5;2;2,1,5;
LOLIO|1100,71,18247,204|3,4;0,5;;2,5;0,5
LOLIS|113,13169,57,57|4;0;3,5,1,5,2,3;;4
LOLIT|275,29,141,141|2;1,5;1,5;;4
LOLIT|1100,71,1879,141|3,4;0,5;4;2,5;4
LOLIT|3208,3310,584942,141|1,3;0,5,1;1;3,5;4
LOLIZ|113,13169,18289,201|4;0;1,2,5;2,5;1,4
LOLIZ|142,1774,823022,201|1;;1,3;2,5;1,4
LOLJJ|113,13169,51,139|4;0;3,5,1,5,2;1,3,5;4
LOLJJ|275,29,51,139|2;1,5;3,5;1,3,5;4
LOLJJ|802,1006,822254,3310|2,4;1,5;3,1;2,5,0,2;2,0,5
LOLJJ|1100,71,4471,23|3,4;0,5;2;1,5,4;1,5,4
LOLJJ|3208,3259,4539,955|1,3;0,5;2;1,5;1,2,5
LOLJJ|3208,3259,61115,955|1,3;0,5;1,4;2,5;1,2,5
LOLJJ|3208,838792,52428,3310|1,3;1;2,5,3;3,5;2,0,5
LOLJL|71,52295,3687,887|;1;3,5;2,5;3,1,5
LOLJL|113,26225,847473,113|4;;1,3,5;2,0,5;1,3,5,2
LOLJL|275,29,141,29|2;1,5;1,5;;4,5
LOLJL|275,29,51357,3293|2;1,5;1,5,3;2,5,0,2;3,5
LOLJL|1100,71,3687,887|3,4;0,5;1,4;2,5;3,1,5
LOLJL|1100,71,4471,887|3,4;0,5;2;1,5;3,1,5
LOLJL|3208,3259,4539,29|1,3;0,5;2;1,5,2,5;4,5
LOLJL|3208,3259,4539,2491|1,3;0,5;2;1,5,4;1,3,5
LOLJL|3208,838792,52425,3545|1,3;1;2,5,2;2,5,0,5;3,5,4
LOLJL|3208,838792,52428,3293|1,3;1;2,5,3;2,5,0,5;3,5
LOLLJ|142,958,1662,3310|1;0;3,5;1,3,5;2,0,5
LOLLJ|142,1774,30702,3310|1;;4;1,3,5;2,0,5
LOLLJ|142,1774,823022,3310|1;;1,3;2,5,2;2,0,5
LOLLJ|3208,3259,4539,23|1,3;0,5;2;1,5,3,5;1,5,4
LOLLJ|3208,3259,4539,955|1,3;0,5;2;4,5;1,2,5
LOLLJ|3208,3310,584942,3310|1,3;0,5,1;1;4;2,0,5
LOLLJ|3208,838792,52425,3310|1,3;1;2,5,2;3,5,4;2,0,5
LOLLJ|3208,838792,52428,3310|1,3;1;2,5,3;3,5;2,0,5
LOLLL|71,887,463735,887|;0,5;4;1,3,5,2;3,1,5
LOLLL|71,887,582519,887|;0,5;1;4;3,1,5
LOLLL|71,52295,56695,887|;1;2,5;3,5;3,1,5
LOLLL|113,52337,7537,113|4;1;2,5;4,5;1,3,5,2
LOLLL|275,29,28957,113|2;1,5;3,5,3;1,3,5,3,5;1,3,5,2
LOLLL|1100,71,204,29|3,4;0,5;1,3,5;2,5;4,5
LOLLL|1100,71,4471,29|3,4;0,5;2;1,5,3,5;4,5
LOLLL|1100,71,4471,887|3,4;0,5;2;4,5;3,1,5
LOLLL|3208,3259,4539,2491|1,3;0,5;2;1,5;1,3,5
LOLLL|3208,838792,52425,3545|1,3;1;2,5,2;2,5;3,5,4
LOLLL|3208,838792,52428,3293|1,3;1;2,5,3;2,5;3,5
LOLOI|71,887,17527,30583|;0,5;1,2;0,5;2,5
LOLOI|1100,71,4471,30583|3,4;0,5;2;;2,5
LOLOI|3208,3310,208622,61166|1,3;0,5,1;3;1,5;3,5
LOLOO|275,1907,195,51|2;;1,3,5;0,5;1,5
LOLOO|3208,838792,52428,204|1,3;1;2,5,3;0,5;0,5
LOLOS|3208,838792,839067,3483|1,3;1;2,5;0,5;3,4
LOLOZ|113,13169,57,201|4;0;3,5,1,5,2,3;1,5;1,4
LOLOZ|275,29,51357,2973|2;1,5;1,5,3;0,5;1,2,4
LOLOZ|3208,838792,52425,201|1,3;1;2,5,2;0,5;1,4
LOLSI|802,1006,822254,61166|2,4;1,5;3,1;3,4;3,5
LOLSO|3208,838792,839067,204|1,3;1;2,5;3,5,4;0,5
LOLSS|3208,838792,839067,3483|1,3;1;2,5;3,5;3,4
LOLST|275,29,141,27|2;1,5;1,5;2;1,5,4
LOLTI|142,1774,823022,61166|1;;1,3;2,0,5,3;3,5
LOLTJ|113,13169,51,139|4;0;3,5,1,5,2;3,1,5;4
LOLTJ|275,29,51,139|2;1,5;3,5;3,1,5;4
LOLTJ|3208,838792,52428,3310|1,3;1;2,5,3;3,5;2,0,5
LOLTL|1100,71,204,29|3,4;0,5;1,3,5;2,0,5;4,5
LOLTL|3208,838792,52425,3545|1,3;1;2,5,2;2,0,5;3,5,4
LOLTL|3208,838792,52428,3293|1,3;1;2,5,3;2,0,5;3,5
LOLTT|3208,3259,4539,27|1,3;0,5;2;1,5,4;1,5,4
LOLZI|142,1774,823022,61166|1;;1,3;1,4;3,5
LOLZO|275,29,51357,204|2;1,5;1,5,3;3,5,4;0,5
LOLZO|3208,838792,52425,204|1,3;1;2,5,2;2,0,5,2;0,5
LOLZT|113,13169,57,141|4;0;3,5,1,5,2,3;1,5,3;4
LOOIJ|71,887,209783,955|;0,5;0;3,5;1,2,5
LOOIJ|275,1907,210803,955|2;;0;3,5;1,2,5
LOOIJ|802,1006,3310,3310|2,4;1,5;1,5;;2,0,5
LOOIJ|1100,71,887,139|3,4;0,5;0,5;3,5;4
LOOIJ|3208,3259,955,955|1,3;0,5;0,5;;1,2,5
LOOIL|113,13169,113,113|4;0;1,5;;1,3,5,2
LOOIL|113,52337,113,113|4;1;0,5;;1,3,5,2
LOOIL|275,29,3293,3293|2;1,5;1;;3,5
LOOIL|802,1006,3310,29|2,4;1,5;1,5;3,5;4,5
LOOIL|1100,71,887,887|3,4;0,5;0,5;;3,1,5
LOOIL|3208,3310,838894,3293|1,3;0,5,1;1;2,5;3,5
LOOIL|3208,838792,838894,3293|1,3;1;0,5,1;2,5;3,5
LOOJI|71,887,209783,30583|;0,5;0;1,2,5;2,5
LOOJI|1100,71,887,30583|3,4;0,5;0,5;4;2,5
LOOJI|3208,3310,838894,61166|1,3;0,5,1;1;3,5;3,5
LOOJI|3208,838792,838894,61166|1,3;1;0,5,1;3,5;3,5
LOOJO|226,13282,226,51|1,4;0;1,5;2,5;1,5
LOOJO|226,52450,226,51|1,4;1;0,5;2,5;1,5
LOOJO|3208,3310,838894,204|1,3;0,5,1;1;2,5,0,5;0,5
LOOJO|3208,838792,838894,204|1,3;1;0,5,1;2,5,0,5;0,5
LOOLI|71,887,209783,30583|;0,5;0;1,2,5;2,5
LOOLI|802,1006,3310,61166|2,4;1,5;1,5;1,4;3,5
LOOLI|3208,3310,838894,61166|1,3;0,5,1;1;3,5;3,5
LOOLI|3208,838792,838894,61166|1,3;1;0,5,1;3,5;3,5
LOOLO|71,887,209783,51|;0,5;0;3,5,1,5;1,5
LOOLO|275,1907,210803,51|2;;0;3,5,1,5;1,5
LOOLZ|113,13169,113,201|4;0;1,5;1,3,5,2,3;1,4
LOOLZ|113,52337,113,201|4;1;0,5;1,3,5,2,3;1,4
LOOOJ|3208,3310,1006,3310|1,3;0,5,1;0,5;1,5;2,0,5
LOOOJ|3208,3310,838894,3310|1,3;0,5,1;1;0,5;2,0,5
LOOOJ|3208,838792,838894,3310|1,3;1;0,5,1;0,5;2,0,5
LOOOL|71,887,3191,887|;0,5;1,5;0,5;3,1,5
LOOOL|71,887,209783,887|;0,5;0;1,5;3,1,5
LOOOL|71,52295,3191,887|;1;0,5;0,5;3,1,5
LOOSL|71,887,209783,887|;0,5;0;1,2,5;3,1,5
LOOSL|275,29,3293,29|2;1,5;1;3;4,5
LOOTI|71,887,209783,30583|;0,5;0;1,2,5;2,5
LOOTI|3208,3310,838894,61166|1,3;0,5,1;1;3,5;3,5
LOOTI|3208,838792,838894,61166|1,3;1;0,5,1;3,5;3,5
LOOZJ|3208,3259,955,139|1,3;0,5;0,5;1,5,2;4
LOOZJ|3208,3310,838894,3310|1,3;0,5,1;1;3,5;2,0,5
LOOZJ|3208,838792,838894,3310|1,3;1;0,5,1;3,5;2,0,5
LOSIJ|3208,3310,1774,23|1,3;0,5,1;;3,5;1,5,4
LOSIL|113,13169,113,113|4;0;1,2,5;;1,3,5,2
LOSIL|1100,71,1655,142|3,4;0,5;;2,5;4
LOSIL|3208,838792,839404,3293|1,3;1;2,5,1;2,5;3,5
LOSJI|3208,3310,1774,61166|1,3;0,5,1;;4;3,5
LOSJO|3208,838792,839404,204|1,3;1;2,5,1;2,5,0,5;0,5
LOSLI|802,1006,157678,61166|2,4;1,5;2;3,1,5;3,5
LOSLI|1100,71,1655,30583|3,4;0,5;;4;2,5
LOSLO|71,887,71,204|;0,5;1,2,5;1,3,5;0,5
LOSLZ|113,13169,113,201|4;0;1,2,5;1,3,5,2,3;1,4
LOSOL|71,887,71,887|;0,5;1,2,5;0,5;3,1,5
LOSOL|275,29,4925,29|2;1,5;3;1,5;4,5
LOSZJ|142,958,811966,3310|1;0;1;3,5,4;2,0,5
LOTIL|1100,71,1895,142|3,4;0,5;4;2,5;4
LOTIO|226,52450,12002,51|1,4;1;3,5;3,5;1,5
LOTIT|142,1774,577262,141|1;;1,3;2,5;4
LOTIZ|113,13169,18289,201|4;0;1,2,5;2,5;1,4
LOTJI|3208,3310,32494,61166|1,3;0,5,1;4;4;3,5
LOTJJ|71,887,135,23|;0,5;3,1,5;;1,5,4
LOTJL|71,52295,3687,887|;1;3,5;2,5;3,1,5
LOTJL|113,13169,177,113|4;0;3,1,5;4;1,3,5,2
LOTJL|142,1774,577262,142|1;;1,3;2,0,5;4
LOTLI|71,887,59255,30583|;0,5;4;4;2,5
LOTLI|142,1774,161518,61166|1;;;3,1,5;3,5
LOTLJ|275,29,35997,139|2;1,5;1,5,3;3,5;4
LOTLL|71,52295,3415,887|;1;2,0,5;3,5;3,1,5
LOTLL|113,52337,7537,113|4;1;2,0,5;4,5;1,3,5,2
LOTLL|1100,71,4951,29|3,4;0,5;2,0;1,5,3,1,5;4,5
LOTLL|3208,3310,30,142|1,3;0,5,1;2,0,5;1,5;4
LOTOI|71,887,313207,30583|;0,5;1,2;0,5;2,5
LOTOI|3208,3310,147182,61166|1,3;0,5,1;3;1,5;3,5
LOTOZ|275,29,35997,2973|2;1,5;1,5,3;0,5;1,2,4
LOTSI|142,1774,577262,61166|1;;1,3;4;3,5
LOTSJ|275,29,77,23|2;1,5;1,5;2;1,5,4
LOTTI|142,1774,577262,61166|1;;1,3;4;3,5
LOTTJ|142,958,78,23|1;0;1,2,5;2,0,5;1,5,4
LOTTL|275,29,39,142|2;1,5;2,5;3,1,5;4
LOTTL|275,29,35997,142|2;1,5;1,5,3;3,5,4;4
LOTZT|275,29,35997,141|2;1,5;1,5,3;2,0,2;4
LOZIJ|802,1006,1774,23|2,4;1,5;4;3,5;1,5,4
LOZIJ|1100,71,18023,3310|3,4;0,5;2;3,5,3,3,5;2,0,5
LOZIL|71,887,1655,142|;0,5;4;2,5;4
LOZIL|142,958,142,142|1;0;1,5,2;;4
LOZJI|802,1006,1774,61166|2,4;1,5;4;4;3,5
LOZJI|1100,71,18023,30583|3,4;0,5;2;2,0,5;2,5
LOZJO|226,52450,226,51|1,4;1;3,5;2,5;1,5
LOZJO|3208,3310,46,51|1,3;0,5,1;3,5;2,5;1,5
LOZJS|142,958,142,57|1;0;1,5,2;2;4
LOZLI|71,887,1655,30583|;0,5;4;4;2,5
LOZLI|142,1774,222958,61166|1;;;3,1,5;3,5
LOZLO|275,29,71,204|2;1,5;2;1,3,5;0,5
LOZOJ|3208,3310,46,3310|1,3;0,5,1;3,5;1,5;2,0,5
LOZOL|275,29,71,887|2;1,5;2;0,5;3,1,5
LOZSJ|142,958,142,3310|1;0;1,5,2;1;2,0,5
LOZTT|142,958,142,27|1;0;1,5,2;2;1,5,4
LOZTT|275,29,893,141|2;1,5;;3,1,5;4
LSIIJ|142,3310,3310,3310|1;1;;;2,0,5
LSIIJ|275,887,139,139|2;2,5;3,5;;4
LSIIJ|275,887,887,139|2;2,5;;3,5;4
LSIIJ|550,1774,23,23|1,2;3,1,5;3,5;;1,5,4
LSIIJ|550,1774,1774,23|1,2;3,1,5;;3,5;1,5,4
LSIIJ|802,157474,11946,955|2,4;2;3,3,5,2,5;3,5;1,2,5
LSIIJ|1100,26444,36556,2525|3,4;;3,5;3,5;2,5
LSIIL|71,1655,142,142|;;2,5;;4
LSIIL|71,1655,1655,142|;;;2,5;4
LSIIL|71,19655,89559,887|;2,4,4,1,5;2,5;3,5;3,1,5
LSIIL|71,19655,159463,887|;2,4,4,1,5;3,5;2,5;3,1,5
LSIIL|142,3310,29,29|1;1;3,5;;4,5
LSIIL|142,3310,3310,29|1;1;;3,5;4,5
LSIIL|275,887,887,887|2;2,5;;;3,1,5
LSIIL|275,78611,96087,29|2;3;2,5;2,5;4,5
LSIIL|275,78611,113563,29|2;3;3,5;2,5;4,5
LSIIL|1604,1910,142,142|3;1,2,4;2,5;;4
LSIIL|1604,1910,1910,142|3;1,2,4;;2,5;4
LSIIL|3208,3820,29,29|1,3;2,5,1;3,5;;4,5
LSIIL|3208,3820,3820,29|1,3;2,5,1;;3,5;4,5
LSIJI|275,887,887,30583|2;2,5;;4;2,5
LSIJI|550,1774,1774,61166|1,2;3,1,5;;4;3,5
LSIJO|275,887,139,204|2;2,5;3,5;3,4,5;0,5
LSIJO|3208,1672,6041,153|1,3;;3,5;1,5,4;
LSIJS|71,1655,142,57|;;2,5;2;4
LSIJS|275,78611,113563,3483|2;3;3,5;1,5,2,5,4,4;3,4
LSIJS|1604,1910,142,57|3;1,2,4;2,5;2;4
LSIJT|275,887,139,27|2;2,5;3,5;;1,5,4
LSIJT|275,78611,113563,27|2;3;3,5;1,5,2,5,4;1,5,4
LSILI|71,1655,1655,30583|;;;4;2,5
LSILI|142,3310,3310,61166|1;1;;1,4;3,5
LSILO|142,3310,29,51|1;1;3,5;3,5;1,5
LSILO|1100,26444,36556,204|3,4;;3,5;4;0,5
LSILO|3208,3820,29,51|1,3;2,5,1;3,5;3,5;1,5
LSILT|142,3310,29,141|1;1;3,5;1,5;4
LSILT|3208,3307,4571,27|1,3;2,5,3;3;4,5;1,5,4
LSILT|3208,3820,29,141|1,3;2,5,1;3,5;1,5;4
LSILZ|550,1774,23,201|1,2;3,1,5;3,5;1,5,3;1,4
LSIOJ|275,887,139,955|2;2,5;3,5;0;1,2,5
LSIOL|113,1217,1217,113|4;1,2;;0,5;1,3,5,2
LSIOL|142,3310,29,3293|1;1;3,5;1;3,5
LSIOL|3208,3820,29,3293|1,3;2,5,1;3,5;1;3,5
LSISJ|71,1655,142,3310|;;2,5;1;2,0,5
LSISJ|1604,1910,142,3310|3;1,2,4;2,5;1;2,0,5
LSITL|1100,1406,35038,142|3,4;2,5;3;4;4
LSITT|71,1655,142,27|;;2,5;2;1,5,4
LSITT|142,9934,893,141|1;3;3,5;3,1,5;4
LSITT|550,1774,23,141|1,2;3,1,5;3,5;1,5,3;4
LSITT|1604,1910,142,27|3;1,2,4;2,5;2;1,5,4
LSITT|3208,3307,3307,27|1,3;2,5,3;;2,0,5;1,5,4
LSIZJ|1100,1406,35038,3310|3,4;2,5;3;3;2,0,5
LSIZL|550,1774,23,887|1,2;3,1,5;3,5;;3,1,5
LSJII|275,887,30583,30583|2;2,5;4;;2,5
LSJII|550,1774,61166,61166|1,2;3,1,5;4;;3,5
LSJIO|142,3310,8942,51|1;1;3;3,5;1,5
LSJIO|1604,812612,30532,204|3;1;2,0,5;2,5;0,5
LSJIO|3208,1672,61064,153|1,3;;4;3,5;
LSJIS|71,1655,202615,57|;;2;3,5;4
LSJIT|71,50759,1879,141|;2,4,4,1,5,3;2,0,5;2,5;4
LSJIT|275,887,95095,27|2;2,5;;2,5;1,5,4
LSJIT|275,78611,96115,27|2;3;1,5,2,5,4;2,5;1,5,4
LSJIT|802,2026,3818,27|2,4;3,1,5;4;3,5;1,5,4
LSJJJ|142,3310,97518,3310|1;1;;1,5,4;2,0,5
LSJJJ|142,3310,953582,3310|1;1;1,4;2,5,3;2,0,5
LSJJJ|142,5038,2990,3310|1;2;1,5,4;1,2,5;2,0,5
LSJJJ|275,78611,4923,23|2;3;1,5,2,5,2;1,5,2,5;1,5,4
LSJJJ|275,78611,5049,23|2;3;1,5,3,5;1,5,2,5,4;1,5,4
LSJJJ|275,78611,5049,3001|2;3;1,5,3,5;1,5,4;1,2,5,4
LSJJJ|275,78611,45843,3001|2;3;1,5,4;1,2,5,4,4,2,2;1,2,5,4
LSJJL|71,1655,61047,887|;;4;2,5;3,1,5
LSJJL|71,1655,202615,887|;;2;1,3,5,3;3,1,5
LSJJL|71,19655,1767,887|;2,4,4,1,5;3,5;2,5;3,1,5
LSJJL|275,887,95095,887|2;2,5;;1,5,4;3,1,5
LSJJL|275,78611,4923,2491|2;3;1,5,2,5,2;1,5,3,5;1,3,5
LSJJL|275,78611,5049,29|2;3;1,5,3,5;1,5,2,5,4,4;4,5
LSJLL|275,78611,4951,29|2;3;1,5,2,5;1,5,3,1,5;4,5
LSJLL|275,78611,45843,2995|2;3;1,5,4;3,5,4,5,3;3,5,4
LSJOI|142,3310,8942,61166|1;1;3;1,5;3,5
LSJOI|275,887,804727,30583|2;2,5;1,2;0,5;2,5
LSJOO|3208,3820,60,204|1,3;2,5,1;2,5;1,5;0,5
LSJOT|275,78611,4923,27|2;3;1,5,2,5,2;1,5;1,5,4
LSJSI|71,1655,202615,30583|;;2;4;2,5
LSJTI|71,1655,202615,30583|;;2;3,1,5,2;2,5
LSJTJ|142,5038,35246,3310|1;2;1,5,3;3,1,5;2,0,5
LSJTJ|275,78611,4923,23|2;3;1,5,2,5,2;1,5,2,5;1,5,4
LSJTL|275,78611,4923,2491|2;3;1,5,2,5,2;1,5,3,1,5;1,3,5
LSJTL|550,1774,894,142|1,2;3,1,5;2,5;3,1,5;4
LSJZO|275,78611,5049,153|2;3;1,5,3,5;1,5,2;
LSJZT|275,78611,4923,27|2;3;1,5,2,5,2;1,5,3,5;1,5,4
LSLII|71,1655,30583,30583|;;4;;2,5
LSLII|142,3310,61166,61166|1;1;1,4;;3,5
LSLIO|275,887,17527,204|2;2,5;1,2;3,4,1,5;0,5
LSLIO|802,157474,60962,51|2,4;2;3,1,5;3,5;1,5
LSLIO|1100,26444,489292,204|3,4;;4;3,5;0,5
LSLIS|802,2026,51434,3483|2,4;3,1,5;1,3;2,5;3,4
LSLIT|142,3310,584942,141|1;1;1;3,5;4
LSLIT|3208,3307,61163,27|1,3;2,5,3;1,4;2,5;1,5,4
LSLIT|3208,3820,585452,141|1,3;2,5,1;1;3,5;4
LSLIZ|550,1774,823022,201|1,2;3,1,5;1,3;2,5;1,4
LSLJJ|113,1217,337,23|4;1,2;2,5;2,5,3;1,5,4
LSLJJ|113,1217,337,209|4;1,2;2,5;1,5,4;2,5,3
LSLJJ|113,1217,337,2525|4;1,2;2,5;2,5,3,3;2,5
LSLJJ|275,78611,5043,23|2;3;1,5,2,5,3;1,5,2,5;1,5,4
LSLJL|113,1217,1767,887|4;1,2;3,5,4;2,5;3,1,5
LSLJL|275,78611,5019,29|2;3;1,5,3,5,1,5;1,5,2,5;4,5
LSLJL|275,78611,5043,2995|2;3;1,5,2,5,3;1,5,4;3,5,4
LSLLJ|142,3310,584942,3310|1;1;1;4;2,0,5
LSLLJ|142,5038,30702,3310|1;2;1,5,3,5;1,3,5;2,0,5
LSLLJ|275,78611,5043,23|2;3;1,5,2,5,3;1,5,3,5,4;1,5,4
LSLLJ|550,1774,30702,3310|1,2;3,1,5;4;1,3,5;2,0,5
LSLLJ|550,1774,823022,3310|1,2;3,1,5;1,3;2,5,2;2,0,5
LSLLL|71,4967,30,142|;2;1,5,3,1,5;1,5;4
LSLLL|71,19655,1495,887|;2,4,4,1,5;2,5;3,5;3,1,5
LSLLL|113,1217,337,29|4;1,2;2,5;1,5,3,5,2;4,5
LSLLL|113,1217,337,113|4;1,2;2,5;4,5;1,3,5,2
LSLLL|113,1217,337,887|4;1,2;2,5;3,5,4;3,1,5
LSLLL|113,1217,337,3545|4;1,2;2,5;1,5,3,5,2,3;3,5,4
LSLLL|275,887,463735,887|2;2,5;4;1,3,5,2;3,1,5
LSLLL|275,887,582519,887|2;2,5;1;4;3,1,5
LSLLL|275,78611,4981,29|2;3;1,5,2,5;1,5,3,1,5;4,5
LSLOI|142,3310,208622,61166|1;1;3;1,5;3,5
LSLOI|275,887,17527,30583|2;2,5;1,2;0,5;2,5
LSLOS|275,78611,5019,3483|2;3;1,5,3,5,1,5;1,5;3,4
LSLST|275,78611,5019,27|2;3;1,5,3,5,1,5;2,5,2;1,5,4
LSLTI|550,1774,823022,61166|1,2;3,1,5;1,3;2,0,5,3;3,5
LSLTJ|71,1655,3303,23|;;1,3,5;2,0,5;1,5,4
LSLTJ|142,5038,33710,3310|1;2;1,5;3,4;2,0,5
LSLTJ|275,1499,891,139|2;1,5,2;3,5;3,1,5;4
LSLTJ|275,78611,5019,23|2;3;1,5,3,5,1,5;1,5,2,5,4;1,5,4
LSLTJ|1604,1910,198,23|3;1,2,4;1,3,5;2,0,5;1,5,4
LSLZI|550,1774,823022,61166|1,2;3,1,5;1,3;1,4;3,5
LSLZZ|275,78611,5043,147|2;3;1,5,2,5,3;1,5,2;4
LSOIJ|275,887,209783,955|2;2,5;0;3,5;1,2,5
LSOIL|113,1217,113,113|4;1,2;0,5;;1,3,5,2
LSOIL|142,3310,838894,3293|1;1;1;2,5;3,5
LSOIL|3208,3820,839404,3293|1,3;2,5,1;1;2,5;3,5
LSOJI|142,3310,838894,61166|1;1;1;3,5;3,5
LSOJI|275,887,209783,30583|2;2,5;0;1,2,5;2,5
LSOJO|142,3310,838894,204|1;1;1;2,5,0,5;0,5
LSOJO|3208,3820,839404,204|1,3;2,5,1;1;2,5,0,5;0,5
LSOLI|142,3310,838894,61166|1;1;1;3,5;3,5
LSOLI|275,887,209783,30583|2;2,5;0;1,2,5;2,5
LSOLO|71,19655,71,204|;2,4,4,1,5;0,5;1,3,5;0,5
LSOLO|275,887,209783,51|2;2,5;0;3,5,1,5;1,5
LSOLZ|113,1217,113,201|4;1,2;0,5;1,3,5,2,3;1,4
LSOOJ|142,3310,1006,3310|1;1;0,5;1,5;2,0,5
LSOOJ|142,3310,838894,3310|1;1;1;0,5;2,0,5
LSOOL|71,19655,71,887|;2,4,4,1,5;0,5;0,5;3,1,5
LSOOL|275,887,3191,887|2;2,5;1,5;0,5;3,1,5
LSOOL|275,887,209783,887|2;2,5;0;1,5;3,1,5
LSOOL|275,78611,4925,29|2;3;1,5;1,5;4,5
LSOSL|275,887,209783,887|2;2,5;0;1,2,5;3,1,5
LSOTI|142,3310,838894,61166|1;1;1;3,5;3,5
LSOTI|275,887,209783,30583|2;2,5;0;1,2,5;2,5
LSOZJ|142,3310,838894,3310|1;1;1;3,5;2,0,5
LSSIJ|142,3310,1774,23|1;1;;3,5;1,5,4
LSSIL|275,3443,4979,2491|2;1,5;3;3,5;1,3,5
LSSIL|275,78611,4979,2491|2;3;1,5,2,5,3;3,5;1,3,5
LSSJI|71,1655,812663,30583|;;1;2,0,5;2,5
LSSJI|142,3310,1774,61166|1;1;;4;3,5
LSSLO|275,887,71,204|2;2,5;1,2,5;1,3,5;0,5
LSSLT|275,3443,4979,27|2;1,5;3;1,5,3,1,5;1,5,4
LSSLT|275,78611,4979,27|2;3;1,5,2,5,3;1,5,3,1,5;1,5,4
LSSOL|275,887,71,887|2;2,5;1,2,5;0,5;3,1,5
LSSTZ|275,3443,4979,147|2;1,5;3;1,5,3,1,5;4
LSSTZ|275,78611,4979,147|2;3;1,5,2,5,3;1,5,3,1,5;4
LSTIJ|275,3443,1907,139|2;1,5;4;2,5;4
LSTIL|71,4967,1895,142|;2;1,5,4;2,5;4
LSTIL|275,78611,4919,2491|2;3;1,5,2,5,2;3,5;1,3,5
LSTIL|275,78611,4979,2491|2;3;1,5,2,5,3;3,5;1,3,5
LSTIL|1100,1406,30590,142|3,4;2,5;4;3,5;4
LSTIO|113,50801,6001,153|4;1;2,0,5;2,5;
LSTIS|71,50759,5959,156|;2,4,4,1,5,3;2,0,5;2,5;1,5,4
LSTIT|71,1655,79735,27|;;2;3,5;1,5,4
LSTIT|142,9934,585422,141|1;3;3,1,5;3,5;4
LSTIT|275,78611,79735,27|2;3;1,5,2,5,4;3,5;1,5,4
LSTIT|550,1774,577262,141|1,2;3,1,5;1,3;2,5;4
LSTIT|3208,3307,27,27|1,3;2,5,3;2,0,5;;1,5,4
LSTJI|71,1655,321143,30583|;;1;2,0,5;2,5
LSTJI|142,3310,32494,61166|1;1;4;4;3,5
LSTJJ|113,1217,6097,209|4;1,2;2,0,5;1,5,4;2,5,3
LSTJJ|275,887,135,23|2;2,5;3,1,5;;1,5,4
LSTJJ|802,2026,36074,139|2,4;3,1,5;1,3;2,0,5;4
LSTJL|71,19655,1767,887|;2,4,4,1,5;3,5;2,5;3,1,5
LSTJL|113,50801,6001,113|4;1;2,0,5;1,5,4;1,3,5,2
LSTJL|550,1774,577262,142|1,2;3,1,5;1,3;2,0,5;4
LSTJS|275,78611,4919,2871|2;3;1,5,2,5,2;1,5,4;3,4
LSTLI|275,887,59255,30583|2;2,5;4;4;2,5
LSTLI|275,78611,4919,30583|2;3;1,5,2,5,2;1,5,3,5;2,5
LSTLI|550,1774,161518,61166|1,2;3,1,5;;3,1,5;3,5
LSTLJ|71,1655,79735,23|;;2;1,5,3,1,5;1,5,4
LSTLJ|113,50801,6001,209|4;1;2,0,5;1,5,3,5;2,5,3
LSTLJ|275,1499,576987,139|2;1,5,2;1,3;3,5;4
LSTLJ|275,78611,79735,23|2;3;1,5,2,5,4;1,5,3,1,5;1,5,4
LSTLJ|3208,3307,27,139|1,3;2,5,3;2,0,5;1,5;4
LSTLL|71,19655,1495,887|;2,4,4,1,5;2,0,5;3,5;3,1,5
LSTLL|142,3310,30,142|1;1;2,0,5;1,5;4
LSTLT|275,78611,4919,27|2;3;1,5,2,5,2;1,5,3,5,1,5;1,5,4
LSTLT|275,78611,4979,27|2;3;1,5,2,5,3;1,5,3,1,5;1,5,4
LSTOI|142,3310,147182,61166|1;1;3;1,5;3,5
LSTOI|275,887,313207,30583|2;2,5;1,2;0,5;2,5
LSTOJ|275,78611,4919,23|2;3;1,5,2,5,2;1,5;1,5,4
LSTSI|550,1774,577262,61166|1,2;3,1,5;1,3;4;3,5
LSTSJ|275,78611,4919,23|2;3;1,5,2,5,2;1,5,2,5;1,5,4
LSTTI|71,1655,79735,30583|;;2;1,5,4;2,5
LSTTI|275,78611,79735,30583|2;3;1,5,2,5,4;1,5,4;2,5
LSTTI|550,1774,577262,61166|1,2;3,1,5;1,3;4;3,5
LSTTT|275,78611,4919,27|2;3;1,5,2,5,2;1,5,3,1,5;1,5,4
LSTTZ|275,78611,4979,147|2;3;1,5,2,5,3;1,5,3,1,5;4
LSTZI|71,1655,79735,30583|;;2;4;2,5
LSTZI|275,78611,79735,30583|2;3;1,5,2,5,4;4;2,5
LSTZJ|142,5038,17326,3310|1;2;1,5;1,3,4;2,0,5
LSTZT|3208,3307,27,141|1,3;2,5,3;2,0,5;1,3;4
LSZIJ|1100,1406,288638,3310|3,4;2,5;2;3,3,5,3,5;2,0,5
LSZIL|71,4967,1895,142|;2;4;2,5;4
LSZIL|275,887,1655,142|2;2,5;4;2,5;4
LSZIL|275,78611,4919,2491|2;3;1,5,2,5,2;3,5;1,3,5
LSZJO|142,3310,46,51|1;1;3,5;2,5;1,5
LSZJS|275,78611,4919,2871|2;3;1,5,2,5,2;1,5,4;3,4
LSZLI|275,887,1655,30583|2;2,5;4;4;2,5
LSZLI|275,78611,4919,30583|2;3;1,5,2,5,2;1,5,3,5;2,5
LSZLI|550,1774,222958,61166|1,2;3,1,5;;3,1,5;3,5
LSZLO|113,1217,71,204|4;1,2;2,0,5,2;1,3,5;0,5
LSZLT|275,78611,4919,27|2;3;1,5,2,5,2;1,5,3,5,1,5;1,5,4
LSZOJ|142,3310,46,3310|1;1;3,5;1,5;2,0,5
LSZOJ|275,78611,4919,23|2;3;1,5,2,5,2;1,5;1,5,4
LSZOL|113,1217,71,887|4;1,2;2,0,5,2;0,5;3,1,5
LSZSJ|142,5038,2542,3310|1;2;1,5,2;4;2,0,5
LSZSJ|275,78611,4919,23|2;3;1,5,2,5,2;1,5,2,5;1,5,4
LSZTT|275,78611,4919,27|2;3;1,5,2,5,2;1,5,3,1,5;1,5,4
LSZZL|3208,3307,43,142|1,3;2,5,3;3,5;1,5,3;4
LTIII|71,312391,382295,30583|;1,3,3,5,3;2,5;3,5;2,5
LTIII|71,312391,452199,30583|;1,3,3,5,3;3,5;2,5;2,5
LTIIJ|71,20039,5463,2525|;1;3,5;2,5;2,5
LTIIJ|71,58439,5463,2525|;1,3,3,5;2,5;2,5;2,5
LTIIJ|275,23,23,23|2;1,5,4;;;1,5,4
LTIIJ|550,58918,1847,139|1,2;4;3,5;2,5;4
LTIIJ|550,160294,10926,955|1,2;;2,5;3,5;1,2,5
LTIIJ|1100,30284,36556,2525|3,4;4;3,5;3,5;2,5
LTIIL|71,1895,142,142|;4;2,5;;4
LTIIL|71,1895,1895,142|;4;;2,5;4
LTIIL|142,3790,29,29|1;4,1;3,5;;4,5
LTIIL|142,3790,3790,29|1;4,1;;3,5;4,5
LTIIL|1604,321092,18261,3293|3;1;3,5;2,5;3,5
LTIIO|1100,1662,35054,153|3,4;3,5;3;3,0,5;
LTIIT|71,9831,2798,27|;2;3,5,3,2,5;3,5;1,5,4
LTIIT|71,9831,79735,27|;2;3,5;3,5;1,5,4
LTIIT|142,27,27,27|1;2;;;1,5,4
LTIIT|275,1399,141,141|2;1,5,3;3,5;;4
LTIIT|275,1399,1399,141|2;1,5,3;;3,5;4
LTIIT|550,2798,27,27|1,2;3,1,5;3,5;;1,5,4
LTIIT|550,2798,2798,27|1,2;3,1,5;;3,5;1,5,4
LTIIT|550,20070,1399,141|1,2;1,2,5;3,5;3,5;4
LTIIT|3208,3818,27,27|1,3;3,5,4;3,5;;1,5,4
LTIIT|3208,3818,3818,27|1,3;3,5,4;;3,5;1,5,4
LTIJI|71,20039,5463,30583|;1;3,5;2,5;2,5
LTIJI|71,58439,5463,30583|;1,3,3,5;2,5;2,5;2,5
LTIJI|550,160294,10926,61166|1,2;;2,5;1,2,5;3,5
LTIJJ|71,9063,2750,3310|;3;3,5;1,2,5;2,0,5
LTIJJ|71,36039,105943,23|;1,3;2,5;2,5;1,5,4
LTIJJ|1100,1405,35037,2525|3,4;2,0,5;3;;2,5
LTIJJ|1100,1662,35054,139|3,4;3,5;3;2,5;4
LTIJJ|1100,1662,35054,3310|3,4;3,5;3;4;2,0,5
LTIJL|71,4951,2493,3293|;2,0;3,5;1,2,5;3,5
LTIJL|113,2241,2241,142|4;1,3;;2,5,3;4
LTIJL|113,78193,7065,29|4;2;3,5;1,5,2,5,4,5;4,5
LTIJL|113,78193,7065,3545|4;2;3,5;1,5,2,5;3,5,4
LTIJL|275,1399,141,29|2;1,5,3;3,5;;4,5
LTIJL|1100,1405,35037,142|3,4;2,0,5;3;2,5;4
LTIJL|1100,1405,35037,3293|3,4;2,0,5;3;4;3,5
LTIJO|142,46,46,51|1;;;2,5;1,5
LTIJO|142,46,275,51|1;;3;1,5;1,5
LTIJO|142,46,275,153|1;;3;1,5,3;
LTIJO|275,23,2185,153|2;1,5,4;3;;
LTIJO|275,23,2185,204|2;1,5,4;3;3;0,5
LTIJS|71,1895,142,57|;4;2,5;2;4
LTIJT|142,46,275,27|1;;3;1,5,4;1,5,4
LTIJT|275,23,2185,141|2;1,5,4;3;4;4
LTILJ|71,9831,79735,23|;2;3,5;1,5,3,1,5;1,5,4
LTILJ|113,2241,2241,209|4;1,3;;4;2,5,3
LTILJ|142,27,27,139|1;2;;1,5;4
LTILJ|275,2523,2523,955|2;1,5,3,1;;3,5;1,2,5
LTILJ|550,2798,27,139|1,2;3,1,5;3,5;1,5;4
LTILJ|1100,1405,35037,139|3,4;2,0,5;3;3,5;4
LTILJ|1100,1405,35037,2525|3,4;2,0,5;3;4;2,5
LTILJ|1100,1662,1662,3310|3,4;3,5;;1,3,5;2,0,5
LTILJ|1100,1662,35054,3310|3,4;3,5;3;;2,0,5
LTILJ|3208,3818,27,139|1,3;3,5,4;3,5;1,5;4
LTILL|71,4951,4951,29|;2,0;;1,5,3,1,5;4,5
LTILL|142,18126,1405,3293|1;3;3,5;1,3,5;3,5
LTILL|226,306,35258,142|1,4;2;3,5;3,1,5;4
LTILL|226,575714,36243,2995|1,4;1,3;2,5;3,5;3,5,4
LTILL|275,1495,1495,887|2;1,5,2;;3,5;3,1,5
LTILL|1100,1405,1405,3293|3,4;2,0,5;;1,3,5;3,5
LTILL|1100,1405,35037,3293|3,4;2,0,5;3;;3,5
LTILL|1100,1662,35054,142|3,4;3,5;3;4;4
LTILO|142,46,275,51|1;;3;4,5;1,5
LTILO|142,3790,29,51|1;4,1;3,5;3,5;1,5
LTILO|275,23,2185,153|2;1,5,4;3;4;
LTILO|1100,30284,36556,204|3,4;4;3,5;4;0,5
LTILS|142,46,275,3483|1;;3;1,5,3,1;3,4
LTILT|142,3790,29,141|1;4,1;3,5;1,5;4
LTILT|3208,202,4571,27|1,3;3,5,3;3;4,5;1,5,4
LTILZ|142,46,275,147|1;;3;1,5;4
LTILZ|275,23,23,201|2;1,5,4;;1,5,3;1,4
LTILZ|275,23,2185,201|2;1,5,4;3;;1,4
LTIOI|1100,1662,35054,61166|3,4;3,5;3;;3,5
LTIOJ|142,46,46,3310|1;;;1,5;2,0,5
LTIOL|142,46,275,29|1;;3;1,5;4,5
LTIOL|142,3790,29,3293|1;4,1;3,5;1;3,5
LTIOL|275,23,2185,142|2;1,5,4;3;;4
LTISJ|71,1895,142,3310|;4;2,5;1;2,0,5
LTISL|142,46,275,887|1;;3;2,5;3,1,5
LTISL|275,23,2185,2491|2;1,5,4;3;3;1,3,5
LTISL|275,83,35035,2491|2;1,5;3;3;1,3,5
LTIST|275,1399,141,27|2;1,5,3;3,5;2;1,5,4
LTISZ|113,2241,2241,147|4;1,3;;2;4
LTITI|71,9831,2798,61166|;2;3,5,3,2,5;4;3,5
LTITI|71,9831,79735,30583|;2;3,5;1,5,4;2,5
LTITI|275,1399,1399,30583|2;1,5,3;;4;2,5
LTITI|550,2798,2798,61166|1,2;3,1,5;;4;3,5
LTITI|550,20070,1399,30583|1,2;1,2,5;3,5;4;2,5
LTITJ|142,46,275,23|1;;3;1,5,4;1,5,4
LTITJ|142,9902,891,139|1;4,3;3,5;3,1,5;4
LTITJ|275,23,2185,139|2;1,5,4;3;4;4
LTITJ|275,83,35035,139|2;1,5;3;4;4
LTITO|113,78193,7065,153|4;2;3,5;1,5,4;
LTITO|1604,79684,7116,204|3;2;3,5;1,5,4;0,5
LTITT|71,1895,142,27|;4;2,5;2;1,5,4
LTITT|275,23,23,141|2;1,5,4;;1,5,3;4
LTITT|1100,1405,35037,141|3,4;2,0,5;3;4;4
LTITT|3208,202,202,27|1,3;3,5,3;;2,0,5;1,5,4
LTITZ|226,575714,36243,147|1,4;1,3;2,5;4;4
LTIZI|71,9831,79735,30583|;2;3,5;4;2,5
LTIZJ|142,46,275,23|1;;3;1,5,4;1,5,4
LTIZJ|275,23,2185,139|2;1,5,4;3;4;4
LTIZL|275,23,23,887|2;1,5,4;;;3,1,5
LTIZT|113,78193,7065,27|4;2;3,5;2;1,5,4
LTIZT|142,27,27,141|1;2;;1,3;4
LTIZT|550,2798,27,141|1,2;3,1,5;3,5;1,3;4
LTIZT|3208,3818,27,141|1,3;3,5,4;3,5;1,3;4
LTJIJ|71,36039,61159,23|;1,3;2,5;2,5;1,5,4
LTJIJ|142,19662,1774,23|1;3,4;3,5;3,5;1,5,4
LTJIJ|802,2022,3814,23|2,4;1,2,5;4;3,5;1,5,4
LTJIJ|1100,1405,95613,2525|3,4;2,0,5;;3,5;2,5
LTJIJ|1100,1662,476798,3310|3,4;3,5;2,2,5;3,5;2,0,5
LTJIL|71,312391,17751,3293|;1,3,3,5,3;2,5,0,5;2,5;3,5
LTJIL|113,2241,142,142|4;1,3;2,5,3;;4
LTJIL|142,9134,35502,2491|1;4,2;1,3,5;3,5;1,3,5
LTJIL|275,1399,95607,29|2;1,5,3;;2,5;4,5
LTJIL|275,1495,1655,142|2;1,5,2;2,5;2,5;4
LTJIL|550,20070,1910,142|1,2;1,2,5;2,0,5;2,5;4
LTJIL|1100,1405,476541,3293|3,4;2,0,5;2,4,3;3,5;3,5
LTJIO|142,46,51,51|1;;2,5;;1,5
LTJIO|142,46,11822,51|1;;1;3,5;1,5
LTJIO|142,46,35054,153|1;;1,3;3,0,5;
LTJIO|226,29410,58082,51|1,4;4;4;3,5;1,5
LTJIO|275,23,5911,153|2;1,5,4;;2,5;
LTJIO|275,23,17527,204|2;1,5,4;3;3,4,1,5;0,5
LTJIO|1604,321092,30532,204|3;1;2,0,5;2,5;0,5
LTJIO|3208,32392,61064,153|1,3;4;4;3,5;
LTJIT|71,20039,1879,141|;1;2,0,5;2,5;4
LTJIT|142,46,3758,27|1;;1,4;3,5;1,5,4
LTJIT|142,1966,3758,27|1;4;4;3,5;1,5,4
LTJIT|275,23,1879,141|2;1,5,4;4;2,5;4
LTJJI|71,312391,321143,30583|;1,3,3,5,3;3,5;2,0,5;2,5
LTJJI|142,19662,1774,61166|1;3,4;3,5;4;3,5
LTJJI|550,2798,32494,61166|1,2;3,1,5;4;4;3,5
LTJJI|550,2798,953070,61166|1,2;3,1,5;3,3;2,5,2;3,5
LTJJJ|142,46,51,139|1;;2,5;1,3,5;4
LTJJJ|142,46,35054,139|1;;1,3;2,5;4
LTJJJ|142,46,35054,3310|1;;1,3;4;2,0,5
LTJJJ|275,23,5911,23|2;1,5,4;;1,5,4;1,5,4
LTJJL|71,1895,3687,887|;4;4;2,5;3,1,5
LTJJO|113,2241,3811,51|4;1,3;2,5;2,5;1,5
LTJJS|113,2241,142,57|4;1,3;2,5,3;2;4
LTJJT|142,27,5915,27|1;2;;1,5,4;1,5,4
LTJLI|71,312391,17751,30583|;1,3,3,5,3;2,5,0,5;3,5;2,5
LTJLI|142,9134,35502,61166|1;4,2;1,3,5;3,5;3,5
LTJLI|275,1495,1655,30583|2;1,5,2;2,5;4;2,5
LTJLJ|113,20081,13681,209|4;1;2,0,5;3,1,5;2,5,3
LTJLJ|113,58481,13681,209|4;1,4;2,5;3,1,5;2,5,3
LTJLJ|142,46,1902,3310|1;;4;1,3,5;2,0,5
LTJLJ|142,46,35054,3310|1;;1,3;;2,0,5
LTJLJ|275,23,5911,23|2;1,5,4;;1,5,3,5,2;1,5,4
LTJLL|142,46,35054,142|1;;1,3;4;4
LTJLS|142,27,5915,3483|1;2;;1,5,3,5,2,3;3,4
LTJLT|113,78193,305,27|4;2;1,5,3,5,3;1,5,3,5,1,2;1,5,4
LTJLT|142,27,5915,27|1;2;;1,5,3,5,2;1,5,4
LTJOI|142,46,35054,61166|1;;1,3;;3,5
LTJOI|275,23,17527,30583|2;1,5,4;3;0,5;2,5
LTJOL|113,78193,305,29|4;2;1,5,3,5,3;1,5;4,5
LTJOL|226,575714,36019,2995|1,4;1,3;2,5,0,5;0,5;3,5,4
LTJSJ|113,2241,142,3310|4;1,3;2,5,3;1;2,0,5
LTJSJ|113,78193,305,23|4;2;1,5,3,5,3;2,5,2;1,5,4
LTJSJ|113,78193,45425,209|4;2;1,5,4;3,4;2,5,3
LTJSJ|142,27,197,23|1;2;1,5,2;2;1,5,4
LTJSJ|142,19662,77,23|1;3,4;2,5,0,5;2;1,5,4
LTJSL|113,2241,449,113|4;1,3;;1,5,4;1,3,5,2
LTJSL|142,27,35035,2491|1;2;1,5,3;3;1,3,5
LTJTJ|113,78193,305,23|4;2;1,5,3,5,3;1,5,3,1,5,2;1,5,4
LTJTJ|142,27,35035,139|1;2;1,5,3;4;4
LTJTJ|142,46,51,139|1;;2,5;3,1,5;4
LTJTJ|142,20110,78,23|1;3,2;2,0,5,3;2,0,5;1,5,4
LTJTL|113,78193,305,113|4;2;1,5,3,5,3;1,5,4;1,3,5,2
LTJTL|275,23,39,142|2;1,5,4;1,5;3,1,5;4
LTJTO|113,2241,449,51|4;1,3;;2,5,4;1,5
LTJTO|113,78193,305,153|4;2;1,5,3,5,3;1,5,3,1,5;
LTJTT|113,2241,142,27|4;1,3;2,5,3;2;1,5,4
LTJZJ|113,2241,449,23|4;1,3;;1,4;1,5,4
LTJZL|113,78193,305,113|4;2;1,5,3,5,3;4;1,3,5,2
LTJZL|142,27,43,142|1;2;1,5;1,5,3;4
LTJZL|550,2798,958,142|1,2;3,1,5;2,5;1,5,2;4
LTJZL|3208,3818,58,142|1,3;3,5,4;2,5;1,5,3;4
LTLIJ|71,9063,18023,3310|;3;1,2,5;3,5,3,3,5;2,0,5
LTLIJ|71,9831,61159,23|;2;3,1,5;2,5;1,5,4
LTLIJ|71,312391,18023,3310|;1,3,3,5,3;3,5;3,5,3,3,5;2,0,5
LTLIJ|113,2241,209,209|4;1,3;4;;2,5,3
LTLIJ|142,27,139,139|1;2;1,5;;4
LTLIJ|275,1495,887,139|2;1,5,2;3,5;3,5;4
LTLIJ|275,2523,955,955|2;1,5,3,1;3,5;;1,2,5
LTLIJ|550,2798,584430,139|1,2;3,1,5;1;3,5;4
LTLIJ|1100,1405,464253,2525|3,4;2,0,5;2,2;3,5;2,5
LTLIJ|1100,1662,3310,3310|3,4;3,5;1,3,5;;2,0,5
LTLIJ|1100,1662,292478,3310|3,4;3,5;;3,5;2,0,5
LTLIJ|3208,3818,585450,139|1,3;3,5,4;1;3,5;4
LTLIL|71,4951,29,29|;2,0;1,5,3,1,5;;4,5
LTLIL|71,4951,17751,3293|;2,0;1,5,2;2,5;3,5
LTLIL|142,18126,839374,3293|1;3;1,3,5;2,5;3,5
LTLIL|226,306,1910,142|1,4;2;1,5,3,5;2,5;4
LTLIL|275,1495,887,887|2;1,5,2;3,5;;3,1,5
LTLIL|1100,1405,3293,3293|3,4;2,0,5;1,3,5;;3,5
LTLIL|1100,1405,292221,3293|3,4;2,0,5;;3,5;3,5
LTLIL|1100,1662,3310,29|3,4;3,5;1,3,5;3,5;4,5
LTLIL|1100,1662,30590,142|3,4;3,5;4;3,5;4
LTLIO|71,58439,29767,204|;1,3,3,5;4;2,5;0,5
LTLIO|142,46,57902,51|1;;1,2,2,5;3,5;1,5
LTLIO|275,23,28951,153|2;1,5,4;3,3,5;2,5;
LTLIS|142,46,51374,3483|1;;3,1;2,5;3,4
LTLIS|142,1966,51374,3483|1;4;1,3;2,5;3,4
LTLIS|550,160294,59942,2871|1,2;;3,1,5;3,5;3,4
LTLIT|142,3790,585422,141|1;4,1;1;3,5;4
LTLIT|3208,202,3818,27|1,3;3,5,3;1,4;3,5;1,5,4
LTLIZ|113,58481,29809,201|4;1,4;4;2,5;1,4
LTLIZ|142,46,36398,147|1;;1;3,5;4
LTLIZ|275,23,201,201|2;1,5,4;1,5,3;;1,4
LTLIZ|275,23,18199,201|2;1,5,4;;2,5;1,4
LTLJI|71,9063,18023,30583|;3;1,2,5;2,0,5;2,5
LTLJI|71,312391,18023,30583|;1,3,3,5,3;3,5;2,0,5;2,5
LTLJI|142,19662,32494,61166|1;3,4;3,5;4;3,5
LTLJI|275,1495,887,30583|2;1,5,2;3,5;4;2,5
LTLJJ|275,23,135,23|2;1,5,4;1,5;;1,5,4
LTLJO|71,9063,46,51|;3;3,5,1,5;2,5;1,5
LTLJO|142,27,139,204|1;2;1,5;3,4,5;0,5
LTLJT|113,2241,401,27|4;1,3;2;2,5,3;1,5,4
LTLJT|142,27,139,27|1;2;1,5;;1,5,4
LTLLI|71,4951,17751,30583|;2,0;1,5,2;3,5;2,5
LTLLI|71,312391,316791,30583|;1,3,3,5,3;2,5;3,5;2,5
LTLLI|275,1399,59255,30583|2;1,5,3;4;4;2,5
LTLLI|275,1399,464247,30583|2;1,5,3;2,2;1,3,5,3;2,5
LTLLI|1100,1662,3310,61166|3,4;3,5;1,3,5;1,4;3,5
LTLLL|113,10097,225,113|4;;3,1,5;4;1,3,5,2
LTLLO|71,4951,29,51|;2,0;1,5,3,1,5;3,5;1,5
LTLLO|113,2241,209,51|4;1,3;4;3,5;1,5
LTLLT|71,4951,29,141|;2,0;1,5,3,1,5;1,5;4
LTLLT|113,78193,305,27|4;2;1,5,3,5,1,5,2;1,5,3,5,1,2;1,5,4
LTLOJ|71,9063,46,3310|;3;3,5,1,5;1,5;2,0,5
LTLOJ|113,2241,401,23|4;1,3;2;;1,5,4
LTLOJ|142,27,139,955|1;2;1,5;0;1,2,5
LTLOL|71,4951,29,3293|;2,0;1,5,3,1,5;1;3,5
LTLOL|113,2241,1217,113|4;1,3;;0,5;1,3,5,2
LTLOL|113,78193,305,29|4;2;1,5,3,5,1,5,2;1,5;4,5
LTLOL|113,78193,5081,3545|4;2;1,5,3,5,1,5,2,3;1,5;3,5,4
LTLOS|275,23,201,57|2;1,5,4;1,5,3;0,5;4
LTLSI|142,46,51374,61166|1;;3,1;3,4;3,5
LTLSI|142,1966,51374,61166|1;4;1,3;3,4;3,5
LTLSI|275,23,25687,30583|2;1,5,4;4,2;1,2,4;2,5
LTLSJ|113,2241,401,209|4;1,3;2;2,5,3;2,5,3
LTLSJ|113,78193,305,23|4;2;1,5,3,5,1,5,2;2,5,2;1,5,4
LTLSJ|275,1399,3287,23|2;1,5,3;1,3,5;3;1,5,4
LTLSL|1100,1405,3293,29|3,4;2,0,5;1,3,5;3;4,5
LTLST|275,23,201,27|2;1,5,4;1,5,3;2;1,5,4
LTLST|275,83,3291,27|2;1,5;1,3,5;3;1,5,4
LTLTJ|71,1895,3303,23|;4;1,3,5;2,0,5;1,5,4
LTLTJ|113,2241,401,209|4;1,3;2;1,5,4;2,5,3
LTLTJ|113,78193,305,23|4;2;1,5,3,5,1,5,2;1,5,3,1,5,2;1,5,4
LTLTL|113,2241,209,113|4;1,3;4;4;1,3,5,2
LTLTL|113,2241,401,29|4;1,3;2;2,5,3;4,5
LTLTL|113,78193,305,113|4;2;1,5,3,5,1,5,2;1,5,4;1,3,5,2
LTLTO|113,2241,401,51|4;1,3;2;2,5;1,5
LTLTO|113,78193,305,153|4;2;1,5,3,5,1,5,2;1,5,3,1,5;
LTLTZ|142,18126,839374,3534|1;3;1,3,5;2,0,5;2,4
LTLTZ|226,575714,2242,147|1,4;1,3;2,5,2;2,0,5;4
LTLZJ|275,2523,955,139|2;1,5,3,1;3,5;1,5,2;4
LTLZL|113,2241,401,29|4;1,3;2;4;4,5
LTLZL|113,78193,305,113|4;2;1,5,3,5,1,5,2;4;1,3,5,2
LTOII|1100,1662,419454,61166|3,4;3,5;;3,5,3,2,5;3,5
LTOIJ|142,46,3310,3310|1;;1,5;;2,0,5
LTOIL|142,46,3310,29|1;;1,5;3,5;4,5
LTOIL|142,3790,839374,3293|1;4,1;1;2,5;3,5
LTOIL|275,23,1655,142|2;1,5,4;;2,5;4
LTOIO|226,144098,12002,51|1,4;4,2;1,5;3,5;1,5
LTOIT|142,9134,3758,27|1;4,2;1,5;3,5;1,5,4
LTOIZ|113,312433,18289,201|4;3,4;0,5;2,5;1,4
LTOJJ|71,36039,135,23|;1,3;0,5;;1,5,4
LTOJL|71,9063,3687,887|;3;1,5;2,5;3,1,5
LTOJL|113,2241,177,113|4;1,3;0,5;4;1,3,5,2
LTOLI|142,46,3310,61166|1;;1,5;1,4;3,5
LTOLI|275,23,1655,30583|2;1,5,4;;4;2,5
LTOLL|71,4951,3415,887|;2,0;1,5;3,5;3,1,5
LTOLL|113,78193,7537,113|4;2;1,5;4,5;1,3,5,2
LTOLL|226,306,30,142|1,4;2;1,5;1,5;4
LTOOI|71,312391,313207,30583|;1,3,3,5,3;0,5;0,5;2,5
LTOSJ|275,23,3287,23|2;1,5,4;1;3;1,5,4
LTOST|142,27,3291,27|1;2;1;3;1,5,4
LTOTJ|142,19662,78,23|1;3,4;0,5;2,0,5;1,5,4
LTOTZ|142,3790,839374,3534|1;4,1;1;2,0,5;2,4
LTOZL|3208,202,58,142|1,3;3,5,3;0,5;1,5,3;4
LTSIL|142,46,9838,887|1;;2;3,5;3,1,5
LTSIL|275,23,4919,2491|2;1,5,4;3;3,5;1,3,5
LTSIL|275,83,4979,2491|2;1,5;3;3,5;1,3,5
LTSIO|113,78193,6001,153|4;2;2,5,2;2,5;
LTSIT|275,1399,79735,27|2;1,5,3;3;3,5;1,5,4
LTSIZ|113,2241,147,147|4;1,3;2;;4
LTSIZ|226,575714,59618,147|1,4;1,3;4;3,5;4
LTSJJ|113,78193,6097,209|4;2;1,5,2,5;1,5,4;2,5,3
LTSJJ|142,27,4923,23|1;2;3;1,5,2,5;1,5,4
LTSJJ|3208,3513,5049,23|1,3;2,0,5;3;1,5,2,5,4;1,5,4
LTSJJ|3208,3513,5049,3001|1,3;2,0,5;3;1,5,4;1,2,5,4
LTSJL|71,9063,1767,887|;3;1,2,5;2,5;3,1,5
LTSJL|113,78193,6001,113|4;2;2,5,2;1,5,4;1,3,5,2
LTSJL|142,27,4923,2491|1;2;3;1,5,3,5;1,3,5
LTSJL|3208,3513,5049,29|1,3;2,0,5;3;1,5,2,5,4,4;4,5
LTSJS|275,23,4919,2871|2;1,5,4;3;1,5,4;3,4
LTSLI|142,46,9838,61166|1;;2;3,1,5;3,5
LTSLI|275,23,4919,30583|2;1,5,4;3;1,5,3,5;2,5
LTSLJ|113,78193,6001,209|4;2;2,5,2;1,5,3,5;2,5,3
LTSLJ|275,1399,79735,23|2;1,5,3;3;1,5,3,1,5;1,5,4
LTSLL|71,4951,1495,887|;2,0;1,5,2,5;3,5;3,1,5
LTSLL|113,2241,225,113|4;1,3;4;4;1,3,5,2
LTSLL|1100,1405,79741,29|3,4;2,0,5;3;1,5,3,1,5;4,5
LTSLT|275,23,4919,27|2;1,5,4;3;1,5,3,5,1,5;1,5,4
LTSLT|275,83,4979,27|2;1,5;3;1,5,3,1,5;1,5,4
LTSOJ|275,23,4919,23|2;1,5,4;3;1,5;1,5,4
LTSOL|275,23,3191,887|2;1,5,4;4;0,5;3,1,5
LTSOT|142,27,4923,27|1;2;3;1,5;1,5,4
LTSSJ|275,23,77,23|2;1,5,4;1,5,3;2;1,5,4
LTSSJ|275,23,4919,23|2;1,5,4;3;1,5,2,5;1,5,4
LTSST|275,2523,3291,27|2;1,5,3,1;4;3;1,5,4
LTSTI|275,1399,79735,30583|2;1,5,3;3;1,5,4;2,5
LTSTJ|142,27,4923,23|1;2;3;1,5,2,5;1,5,4
LTSTL|142,27,39,142|1;2;2,5;3,1,5;4
LTSTL|142,27,4923,2491|1;2;3;1,5,3,1,5;1,3,5
LTSTT|275,23,4919,27|2;1,5,4;3;1,5,3,1,5;1,5,4
LTSTZ|275,83,4979,147|2;1,5;3;1,5,3,1,5;4
LTSZI|275,1399,79735,30583|2;1,5,3;3;4;2,5
LTSZI|550,2798,408302,61166|1,2;3,1,5;;3,4;3,5
LTSZO|113,2241,147,51|4;1,3;2;4,4;1,5
LTSZO|3208,3513,5049,153|1,3;2,0,5;3;1,5,2;
LTSZT|142,27,4923,27|1;2;3;1,5,3,5;1,5,4
LTTII|71,9831,943719,30583|;2;4;2,5;2,5
LTTII|275,1399,30583,30583|2;1,5,3;4;;2,5
LTTII|550,2798,61166,61166|1,2;3,1,5;4;;3,5
LTTIJ|142,46,3694,23|1;;4;3,5;1,5,4
LTTIJ|142,9134,1774,23|1;4,2;1,2,5;3,5;1,5,4
LTTIJ|142,9902,585390,139|1;4,3;3,1,5;3,5;4
LTTIJ|142,19662,1774,23|1;3,4;3,5;3,5;1,5,4
LTTIJ|275,23,1847,139|2;1,5,4;4;2,5;4
LTTIJ|275,83,1907,139|2;1,5;4;2,5;4
LTTIL|113,78193,21873,3545|4;2;1,5,2,5;2,5;3,5,4
LTTIL|113,312433,21873,3545|4;3,4;2,0,5;2,5;3,5,4
LTTIL|226,144098,43746,2995|1,4;4,2;3,1,5;3,5;3,5,4
LTTIL|226,575714,43746,2995|1,4;1,3;3,5;3,5;3,5,4
LTTIO|113,20081,6001,153|4;1;2,0,5;2,5;
LTTIO|113,78193,6001,153|4;2;1,5,3,1,5,2;2,5;
LTTIO|113,78193,29041,153|4;2;1,5,4;2,5;
LTTIO|1604,79684,30532,204|3;2;1,5,4;2,5;0,5
LTTIS|71,20039,5959,156|;1;2,0,5;2,5;1,5,4
LTTIT|71,4951,1879,141|;2,0;1,5,4;2,5;4
LTTIT|275,23,141,141|2;1,5,4;1,5,3;;4
LTTIT|802,3050,3818,27|2,4;3,1,5;4;3,5;1,5,4
LTTIT|1100,1405,30589,141|3,4;2,0,5;4;3,5;4
LTTIT|3208,202,27,27|1,3;3,5,3;2,0,5;;1,5,4
LTTIZ|226,10210,36578,147|1,4;;3,1,5;3,5;4
LTTIZ|226,575714,36578,147|1,4;1,3;2,0,5,3;3,5;4
LTTIZ|226,575714,59618,147|1,4;1,3;4;3,5;4
LTTJI|142,9134,1774,61166|1;4,2;1,2,5;4;3,5
LTTJI|142,19662,1774,61166|1;3,4;3,5;4;3,5
LTTJJ|142,46,36014,139|1;;3,1;2,0,5;4
LTTJJ|142,1966,36014,139|1;4;1,3;2,0,5;4
LTTJL|113,20081,6001,113|4;1;2,0,5;1,5,4;1,3,5,2
LTTJL|113,78193,6001,113|4;2;1,5,3,1,5,2;1,5,4;1,3,5,2
LTTJL|142,20110,6030,142|1;3,2;2,0,5;1,5,4;4
LTTJL|275,23,141,29|2;1,5,4;1,5,3;;4,5
LTTLJ|113,20081,6001,209|4;1;2,0,5;1,5,3,5;2,5,3
LTTLJ|113,78193,6001,209|4;2;1,5,3,1,5,2;1,5,3,5;2,5,3
LTTLJ|3208,202,27,139|1,3;3,5,3;2,0,5;1,5;4
LTTLL|113,2241,225,113|4;1,3;4;4;1,3,5,2
LTTLL|113,10097,36465,113|4;;3,1,5;4;1,3,5,2
LTTLL|113,78193,29041,113|4;2;1,5,4;1,3,5,2;1,3,5,2
LTTLO|142,27,71,204|1;2;1,5,3;1,3,5;0,5
LTTLO|275,23,71,204|2;1,5,4;1,5;1,3,5;0,5
LTTLO|275,10035,36403,51|2;2,5;3,1,5;4;1,5
LTTLZ|142,18126,96206,3534|1;3;2,0,5;1,5,3,5;2,4
LTTOL|142,27,71,887|1;2;1,5,3;0,5;3,1,5
LTTOL|275,23,71,887|2;1,5,4;1,5;0,5;3,1,5
LTTOZ|142,3790,5070,3534|1;4,1;2;1,5;2,4
LTTSJ|142,27,77,23|1;2;1,5,2;2;1,5,4
LTTSJ|142,19662,77,23|1;3,4;2,0,5;2;1,5,4
LTTSO|113,2241,705,51|4;1,3;;2,4;1,5
LTTST|275,23,141,27|2;1,5,4;1,5,3;2;1,5,4
LTTSZ|275,83,36051,147|2;1,5;1,3;3;4
LTTTJ|113,2241,7121,209|4;1,3;2,0;1,5,4;2,5,3
LTTTJ|113,78193,7121,209|4;2;1,5,3,1,5,2,3;1,5,4;2,5,3
LTTZL|275,2523,43,142|2;1,5,3,1;2,5;1,5,3;4
LTTZT|3208,202,27,141|1,3;3,5,3;2,0,5;1,3;4
LTZII|71,9831,452199,30583|;2;4;2,5;2,5
LTZIJ|142,46,1774,23|1;;4;3,5;1,5,4
LTZIJ|275,23,887,139|2;1,5,4;;3,5;4
LTZIL|275,23,887,887|2;1,5,4;;;3,1,5
LTZIL|550,160294,11878,887|1,2;;1,5,2;3,5;3,1,5
LTZIO|113,78193,29041,153|4;2;4;2,5;
LTZIO|1604,79684,30532,204|3;2;4;2,5;0,5
LTZIT|71,4951,1879,141|;2,0;4;2,5;4
LTZIT|142,27,141,141|1;2;1,3;;4
LTZIT|142,9134,2798,27|1;4,2;1,5,2,5;3,5;1,5,4
LTZIT|550,2798,577262,141|1,2;3,1,5;1,2;2,5;4
LTZIZ|226,575714,36578,147|1,4;1,3;3,5,2;3,5;4
LTZJI|142,46,1774,61166|1;;4;4;3,5
LTZJI|275,23,887,30583|2;1,5,4;;4;2,5
LTZJJ|113,2241,135,23|4;1,3;2,0,2;;1,5,4
LTZJJ|802,3050,36074,139|2,4;3,1,5;1,2;2,0,5;4
LTZJL|113,2241,20193,113|4;1,3;2;2,0,5;1,3,5,2
LTZJL|142,27,141,29|1;2;1,3;;4,5
LTZJL|550,2798,577262,142|1,2;3,1,5;1,2;2,0,5;4
LTZLJ|275,2523,576987,139|2;1,5,3,1;3,4;3,5;4
LTZLL|113,78193,29041,113|4;2;4;1,3,5,2;1,3,5,2
LTZSI|275,1399,443767,30583|2;1,5,3;1;1,2,4;2,5
LTZSI|550,2798,577262,61166|1,2;3,1,5;1,2;4;3,5
LTZST|142,27,141,27|1;2;1,3;2;1,5,4
LTZTI|142,9134,2798,61166|1;4,2;1,5,2,5;4;3,5
LTZTI|550,2798,577262,61166|1,2;3,1,5;1,2;4;3,5
LTZTJ|142,27,891,139|1;2;;3,1,5;4
LTZTJ|142,19662,78,23|1;3,4;3,5;2,0,5;1,5,4
LTZTL|275,10035,39,142|2;2,5;1,5,2;3,1,5;4
LTZZL|3208,202,43,142|1,3;3,5,3;3,5;1,5,3;4
LZIIJ|71,18023,3310,3310|;2;3,5,3,3,5;;2,0,5
LZIIJ|71,18023,18023,3310|;2;;3,5,3,3,5;2,0,5
LZIIJ|142,36046,2525,2525|1;4,3,1;2,5;;2,5
LZIIJ|142,36046,36046,2525|1;4,3,1;;2,5;2,5
LZIIJ|226,562,18038,3310|1,4;3;2,5;3,3,5,3,5;2,0,5
LZIIJ|226,562,35514,3310|1,4;3;3,5;2,5;2,0,5
LZIIJ|275,23,23,23|2;1,5,4;;;1,5,4
LZIIJ|550,28198,1847,139|1,2;4;3,5;2,5;4
LZIIL|71,18023,3310,29|;2;3,5,3,3,5;3,5;4,5
LZIIL|71,18023,87927,29|;2;3,5;2,5;4,5
LZIIL|802,1570,5939,2491|2,4;4;3,5;2,5;1,3,5
LZIIL|802,1570,36522,2491|2,4;4;3,5,3,2,5;3,5;1,3,5
LZIIL|1100,288332,292701,3293|3,4;2;3,5;3,5;3,5
LZIJI|71,18023,18023,30583|;2;;2,0,5;2,5
LZIJI|142,36046,36046,61166|1;4,3,1;;2,5;3,5
LZIJO|275,23,2185,153|2;1,5,4;3;;
LZIJO|275,23,2185,204|2;1,5,4;3;3;0,5
LZIJO|802,1570,5939,51|2,4;4;3,5;1,5,4;1,5
LZIJT|142,36046,36046,141|1;4,3,1;;2,5,0,5;4
LZIJT|275,23,2185,141|2;1,5,4;3;4;4
LZIJZ|1100,1661,35053,2973|3,4;3,5;3;2;1,2,4
LZILI|71,18023,3310,61166|;2;3,5,3,3,5;1,4;3,5
LZILI|71,18023,87927,30583|;2;3,5;4,5;2,5
LZILO|275,23,2185,153|2;1,5,4;3;4;
LZILO|275,14099,14099,51|2;;;3,1,5,2;1,5
LZILT|1100,1661,35053,141|3,4;3,5;3;4;4
LZILZ|142,36046,36046,3534|1;4,3,1;;4;2,4
LZILZ|275,23,23,201|2;1,5,4;;1,5,3;1,4
LZILZ|275,23,2185,201|2;1,5,4;3;;1,4
LZILZ|275,14099,14099,147|2;;;3,1,5,2,3;4
LZIOJ|142,1006,1006,3310|1;;;1,5;2,0,5
LZIOJ|275,18227,3259,955|2;3;2,5;0,5;1,2,5
LZIOL|142,36046,36046,142|1;4,3,1;;0,5;4
LZIOL|275,23,2185,142|2;1,5,4;3;;4
LZISL|142,36046,2525,3293|1;4,3,1;2,5;4;3,5
LZISL|275,23,2185,2491|2;1,5,4;3;3;1,3,5
LZITJ|275,23,2185,139|2;1,5,4;3;4;4
LZITT|142,36046,36046,141|1;4,3,1;;2,0,5;4
LZITT|275,23,23,141|2;1,5,4;;1,5,3;4
LZIZJ|275,23,2185,139|2;1,5,4;3;4;4
LZIZL|142,43,43,142|1;2;;1,5,3;4
LZIZL|142,36046,36046,142|1;4,3,1;;3,5;4
LZIZL|275,23,23,887|2;1,5,4;;;3,1,5
LZIZL|275,14099,14099,887|2;;;1,5,2,2;3,1,5
LZIZL|550,36454,2423,887|1,2;1,5,2;3,5;4;3,1,5
LZJII|71,18023,30583,30583|;2;2,0,5;;2,5
LZJII|142,36046,61166,61166|1;4,3,1;2,5;;3,5
LZJIO|142,1006,35054,153|1;;1,3;3,0,5;
LZJIO|275,23,5911,153|2;1,5,4;;2,5;
LZJIO|275,23,17527,204|2;1,5,4;3;3,4,1,5;0,5
LZJIO|802,1570,60962,51|2,4;4;4;3,5;1,5
LZJIO|1100,288332,489292,204|3,4;2;2,0,5;3,5;0,5
LZJIT|142,36046,141,141|1;4,3,1;2,5,0,5;;4
LZJIT|142,36046,2798,27|1;4,3,1;3,5;3,5;1,5,4
LZJIT|275,23,1879,141|2;1,5,4;4;2,5;4
LZJIZ|1100,1661,202621,2973|3,4;3,5;2;3,5;1,2,4
LZJJJ|142,43,3755,955|1;2;1,4;2,5;1,2,5
LZJJJ|142,43,12603,955|1;2;2;1,3,5,3;1,2,5
LZJJJ|142,1006,35054,139|1;;1,3;2,5;4
LZJJJ|142,1006,35054,3310|1;;1,3;4;2,0,5
LZJJJ|226,562,2750,3310|1,4;3;1,3,5;1,2,5;2,0,5
LZJJJ|275,23,5911,23|2;1,5,4;;1,5,4;1,5,4
LZJJL|142,36046,141,29|1;4,3,1;2,5,0,5;;4,5
LZJLJ|142,43,35051,139|1;2;1,3;4;4
LZJLJ|142,1006,30702,3310|1;;4;1,3,5;2,0,5
LZJLJ|142,1006,35054,3310|1;;1,3;;2,0,5
LZJLJ|275,23,5911,23|2;1,5,4;;1,5,3,5,2;1,5,4
LZJLJ|3208,3769,12729,3001|1,3;3,5;2;3,5,1,2;1,2,5,4
LZJLL|142,43,12603,887|1;2;2;1,2,5,4;3,1,5
LZJLL|142,43,12603,2491|1;2;2;3,5,1,5;1,3,5
LZJLL|142,1006,35054,142|1;;1,3;4;4
LZJOI|142,1006,35054,61166|1;;1,3;;3,5
LZJOI|275,23,17527,30583|2;1,5,4;3;0,5;2,5
LZJST|142,36046,141,27|1;4,3,1;2,5,0,5;2;1,5,4
LZJTI|142,36046,2798,61166|1;4,3,1;3,5;4;3,5
LZJTJ|142,43,198,23|1;2;1,2,5;2,0,5;1,5,4
LZJTL|142,43,35051,2491|1;2;1,3;2;1,3,5
LZJTL|275,23,39,142|2;1,5,4;1,5;3,1,5;4
LZJTS|3208,3769,12729,57|1,3;3,5;2;1,2,5,2;4
LZJZS|142,43,12603,57|1;2;2;1,5,3,5;4
LZLII|71,18023,943719,30583|;2;1,4;2,5;2,5
LZLIO|275,23,28951,153|2;1,5,4;3,3,5;2,5;
LZLIO|275,14099,51,51|2;;3,1,5,2;;1,5
LZLIS|550,221734,59942,2871|1,2;;3,1,5;3,5;3,4
LZLIT|1100,1661,30589,141|3,4;3,5;4;3,5;4
LZLIZ|142,36046,3534,3534|1;4,3,1;4;;2,4
LZLIZ|275,23,201,201|2;1,5,4;1,5,3;;1,4
LZLIZ|275,23,18199,201|2;1,5,4;;2,5;1,4
LZLIZ|275,14099,147,147|2;;3,1,5,2,3;;4
LZLJJ|142,1006,822254,3310|1;;3,1;2,5,0,2;2,0,5
LZLJJ|275,23,135,23|2;1,5,4;1,5;;1,5,4
LZLJJ|275,14099,51,139|2;;3,1,5,2;1,3,5;4
LZLJJ|3208,3769,585401,3001|1,3;3,5;1;2,5;1,2,5,4
LZLJL|142,43,102,887|1;2;3,5;2,5;3,1,5
LZLJL|550,36454,102,887|1,2;1,5,2;4;2,5;3,1,5
LZLLJ|142,43,102,3310|1;2;3,5;1,3,5;2,0,5
LZLLJ|226,562,1662,3310|1,4;3;1,2,5;1,3,5;2,0,5
LZLLJ|550,36454,102,3310|1,2;1,5,2;4;1,3,5;2,0,5
LZLLL|113,13937,225,113|4;;3,1,5;4;1,3,5,2
LZLOO|275,18227,52275,51|2;3;1,3,5;0,5;1,5
LZLOS|275,23,201,57|2;1,5,4;1,5,3;0,5;4
LZLSI|142,1006,822254,61166|1;;3,1;3,4;3,5
LZLSI|275,23,25687,30583|2;1,5,4;4,2;1,2,4;2,5
LZLST|275,23,201,27|2;1,5,4;1,5,3;2;1,5,4
LZLTI|142,36046,48878,61166|1;4,3,1;3,5;4;3,5
LZLTJ|275,14099,51,139|2;;3,1,5,2;3,1,5;4
LZLTL|1100,1661,3309,29|3,4;3,5;1,3,5;2,0,5;4,5
LZLZO|275,14099,147,51|2;;3,1,5,2,3;4,4;1,5
LZOIJ|142,1006,3310,3310|1;;1,5;;2,0,5
LZOIJ|275,18227,227123,955|2;3;0,5;2,5;1,2,5
LZOIL|142,1006,3310,29|1;;1,5;3,5;4,5
LZOIL|142,36046,142,142|1;4,3,1;0,5;;4
LZOIL|275,23,1655,142|2;1,5,4;;2,5;4
LZOJO|226,562,46,51|1,4;3;1,5;2,5;1,5
LZOJS|142,36046,142,57|1;4,3,1;0,5;2;4
LZOLI|142,1006,3310,61166|1;;1,5;1,4;3,5
LZOLI|275,23,1655,30583|2;1,5,4;;4;2,5
LZOLO|275,18227,227123,51|2;3;0,5;3,1,5;1,5
LZOOJ|226,562,46,3310|1,4;3;1,5;1,5;2,0,5
LZOSJ|142,36046,142,3310|1;4,3,1;0,5;1;2,0,5
LZOSJ|275,23,3287,23|2;1,5,4;1;3;1,5,4
LZOTT|142,43,3307,27|1;2;1,5;2,0,5;1,5,4
LZOTT|142,36046,142,27|1;4,3,1;0,5;2;1,5,4
LZOZL|3208,3262,958,142|1,3;1,4,5;0,5;1,5,2;4
LZSIL|71,27719,1895,142|;1;1,2,4;2,5;4
LZSIL|142,36046,3790,29|1;4,3,1;4;3,5;4,5
LZSIL|275,23,4919,2491|2;1,5,4;3;3,5;1,3,5
LZSIL|802,3046,9958,887|2,4;1,5,3,5;2;3,5;3,1,5
LZSJS|275,23,4919,2871|2;1,5,4;3;1,5,4;3,4
LZSJZ|275,14099,1043,201|2;;1,2,5;2,5,2,2;1,4
LZSLI|142,1006,157678,61166|1;;2;3,1,5;3,5
LZSLI|275,23,4919,30583|2;1,5,4;3;1,5,3,5;2,5
LZSLT|275,23,4919,27|2;1,5,4;3;1,5,3,5,1,5;1,5,4
LZSOJ|275,23,4919,23|2;1,5,4;3;1,5;1,5,4
LZSOL|275,23,3191,887|2;1,5,4;4;0,5;3,1,5
LZSSJ|142,36046,2542,3310|1;4,3,1;3;4;2,0,5
LZSSJ|275,23,77,23|2;1,5,4;1,5,3;2;1,5,4
LZSSJ|275,23,4919,23|2;1,5,4;3;1,5,2,5;1,5,4
LZSSJ|275,2519,3287,23|2;1,5,3;4;3;1,5,4
LZSTT|275,23,4919,27|2;1,5,4;3;1,5,3,1,5;1,5,4
LZSZJ|142,43,50731,3310|1;2;1;3,5,4;2,0,5
LZTIJ|275,23,1847,139|2;1,5,4;4;2,5;4
LZTIJ|802,3046,3814,23|2,4;1,5,3,5;4;3,5;1,5,4
LZTIL|142,36046,3790,29|1;4,3,1;4;3,5;4,5
LZTIL|550,36454,11878,887|1,2;1,5,2;;3,5;3,1,5
LZTIT|142,36046,141,141|1;4,3,1;2,0,5;;4
LZTIT|142,36046,2798,27|1;4,3,1;3,5;3,5;1,5,4
LZTIT|275,23,141,141|2;1,5,4;1,5,3;;4
LZTIZ|226,14050,36578,147|1,4;;3,1,5;3,5;4
LZTJJ|142,43,4923,23|1;2;2;1,5,2,5;1,5,4
LZTJJ|226,562,170,955|1,4;3;3,1,5;2,5;1,2,5
LZTJJ|226,562,170,3310|1,4;3;3,1,5;1,2,5;2,0,5
LZTJJ|3208,3769,5049,23|1,3;3,5;2;1,5,2,5,4;1,5,4
LZTJJ|3208,3769,5049,3001|1,3;3,5;2;1,5,4;1,2,5,4
LZTJL|142,43,4923,2491|1;2;2;1,5,3,5;1,3,5
LZTJL|142,36046,141,29|1;4,3,1;2,0,5;;4,5
LZTJL|226,562,102,887|1,4;3;1,2,5;2,5;3,1,5
LZTJL|275,23,141,29|2;1,5,4;1,5,3;;4,5
LZTJL|3208,3769,5049,29|1,3;3,5;2;1,5,2,5,4,4;4,5
LZTLJ|226,562,102,3310|1,4;3;1,2,5;1,3,5;2,0,5
LZTLL|113,13937,36465,113|4;;3,1,5;4;1,3,5,2
LZTLL|1100,1661,79741,29|3,4;3,5;2;1,5,3,1,5;4,5
LZTLO|275,23,71,204|2;1,5,4;1,5;1,3,5;0,5
LZTOL|275,23,71,887|2;1,5,4;1,5;0,5;3,1,5
LZTOT|142,43,4923,27|1;2;2;1,5;1,5,4
LZTST|142,36046,141,27|1;4,3,1;2,0,5;2;1,5,4
LZTST|275,23,141,27|2;1,5,4;1,5,3;2;1,5,4
LZTTI|142,36046,2798,61166|1;4,3,1;3,5;4;3,5
LZTTJ|142,43,78,23|1;2;1,2,5;2,0,5;1,5,4
LZTTJ|142,43,4923,23|1;2;2;1,5,2,5;1,5,4
LZTTL|142,43,4923,2491|1;2;2;1,5,3,1,5;1,3,5
LZTTL|142,43,36011,2491|1;2;3,1;2,0,5;1,3,5
LZTTL|275,2519,39,142|2;1,5,3;2,5;3,1,5;4
LZTTO|275,14099,2067,51|2;;3,1,5;4;1,5
LZTZO|3208,3769,5049,153|1,3;3,5;2;1,5,2;
LZTZT|142,43,4923,27|1;2;2;1,5,3,5;1,5,4
LZZIJ|142,1006,1774,23|1;;4;3,5;1,5,4
LZZIJ|275,23,887,139|2;1,5,4;;3,5;4
LZZIJ|275,14099,887,139|2;;1,5,2,2;3,5;4
LZZIJ|802,1570,3814,23|2,4;4;3,4;3,5;1,5,4
LZZIL|142,43,142,142|1;2;1,5,3;;4
LZZIL|142,36046,142,142|1;4,3,1;3,5;;4
LZZIL|275,23,887,887|2;1,5,4;;;3,1,5
LZZIL|275,14099,887,887|2;;1,5,2,2;;3,1,5
LZZJI|142,1006,1774,61166|1;;4;4;3,5
LZZJI|275,23,887,30583|2;1,5,4;;4;2,5
LZZJI|275,14099,887,30583|2;;1,5,2,2;4;2,5
LZZJS|142,43,142,57|1;2;1,5,3;2;4
LZZJS|142,36046,142,57|1;4,3,1;3,5;2;4
LZZLO|275,2519,71,204|2;1,5,3;3;1,3,5;0,5
LZZOL|275,2519,71,887|2;1,5,3;3;0,5;3,1,5
LZZSJ|142,43,142,3310|1;2;1,5,3;1;2,0,5
LZZSJ|142,36046,142,3310|1;4,3,1;3,5;1;2,0,5
LZZTT|142,43,142,27|1;2;1,5,3;2;1,5,4
LZZTT|142,36046,142,27|1;4,3,1;3,5;2;1,5,4
OIIIO|51,51,51,51|0;;;;1,5
OIIIO|51,51,17527,204|0;;2;3,4,1,5;0,5
OIIIO|51,51,35003,204|0;;3;2,5;0,5
OIIIO|51,17527,204,204|0;2;3,4,1,5;;0,5
OIIIO|51,17527,17527,204|0;2;;3,4,1,5;0,5
OIIIO|51,35003,204,204|0;3;2,5;;0,5
OIIIO|51,35003,35003,204|0;3;;2,5;0,5
OIIIO|102,102,4471,153|;;3;2,1,5;
OIIIO|102,102,35054,153|;;3,3,5,2,5;3,0,5;
OIIIO|102,4471,153,153|;3;2,1,5;;
OIIIO|102,4471,4471,153|;3;;2,1,5;
OIIIO|102,35054,153,153|;3,3,5,2,5;3,0,5;;
OIIIO|102,35054,35054,153|;3,3,5,2,5;;3,0,5;
OIIIO|204,204,204,204|1;;;;0,5
OIIIO|204,204,4573,51|1;;2;3,5;1,5
OIIIO|204,204,8942,51|1;;3;3,5;1,5
OIIIO|204,4573,51,51|1;2;3,5;;1,5
OIIIO|204,4573,4573,51|1;2;;3,5;1,5
OIIIO|204,8942,51,51|1;3;3,5;;1,5
OIIIO|204,8942,8942,51|1;3;;3,5;1,5
OIIJJ|51,51,51,139|0;;;1,3,5;4
OIIJJ|51,51,35003,139|0;;3;4;4
OIIJJ|51,35003,35003,139|0;3;;4;4
OIIJJ|102,102,4471,23|;;3;1,5,4;1,5,4
OIIJJ|102,102,35054,139|;;3,3,5,2,5;2,5;4
OIIJJ|102,102,35054,3310|;;3,3,5,2,5;4;2,0,5
OIIJJ|102,4471,4471,23|;3;;1,5,4;1,5,4
OIIJJ|102,35054,35054,139|;3,3,5,2,5;;2,5;4
OIIJJ|102,35054,35054,3310|;3,3,5,2,5;;4;2,0,5
OIIJJ|204,204,4573,23|1;;2;2,5;1,5,4
OIIJJ|204,204,4573,2525|1;;2;1,5,4;2,5
OIIJJ|204,4573,51,139|1;2;3,5;1,3,5;4
OIIJJ|204,4573,4573,23|1;2;;2,5;1,5,4
OIIJJ|204,4573,4573,2525|1;2;;1,5,4;2,5
OIIJJ|204,8942,51,139|1;3;3,5;1,3,5;4
OIIJL|51,51,35003,2491|0;;3;;1,3,5
OIIJL|51,35003,35003,2491|0;3;;;1,3,5
OIIJL|102,102,102,887|;;;2,5;3,1,5
OIIJL|102,102,4471,887|;;3;1,5;3,1,5
OIIJL|102,4471,153,3293|;3;2,1,5;1,2,5;3,5
OIIJL|102,4471,4471,887|;3;;1,5;3,1,5
OIIJL|102,35054,153,3293|;3,3,5,2,5;3,0,5;1,2,5;3,5
OIILJ|102,102,102,3310|;;;1,3,5;2,0,5
OIILJ|102,102,35054,3310|;;3,3,5,2,5;;2,0,5
OIILJ|102,4471,153,955|;3;2,1,5;3,5;1,2,5
OIILJ|102,35054,153,955|;3,3,5,2,5;3,0,5;3,5;1,2,5
OIILJ|102,35054,35054,3310|;3,3,5,2,5;;;2,0,5
OIILJ|204,204,4573,2525|1;;2;1,5;2,5
OIILJ|204,4573,4573,2525|1;2;;1,5;2,5
OIILL|51,51,35003,142|0;;3;3,5;4
OIILL|51,51,35003,2491|0;;3;4;1,3,5
OIILL|51,17527,204,29|0;2;3,4,1,5;2,5;4,5
OIILL|51,35003,204,29|0;3;2,5;2,5;4,5
OIILL|51,35003,35003,142|0;3;;3,5;4
OIILL|51,35003,35003,2491|0;3;;4;1,3,5
OIILL|102,102,4471,29|;;3;1,5,3,5;4,5
OIILL|102,102,4471,887|;;3;4,5;3,1,5
OIILL|102,102,35054,142|;;3,3,5,2,5;4;4
OIILL|102,4471,4471,29|;3;;1,5,3,5;4,5
OIILL|102,4471,4471,887|;3;;4,5;3,1,5
OIILL|102,35054,35054,142|;3,3,5,2,5;;4;4
OIILL|204,204,204,29|1;;;2,5;4,5
OIILL|204,204,4573,29|1;;2;4,5;4,5
OIILL|204,4573,4573,29|1;2;;4,5;4,5
OIIOI|51,51,17527,30583|0;;2;0,5;2,5
OIIOI|51,51,35003,48059|0;;3;0;2,5
OIIOI|51,17527,17527,30583|0;2;;0,5;2,5
OIIOI|51,35003,35003,48059|0;3;;0;2,5
OIIOI|102,102,4471,30583|;;3;;2,5
OIIOI|102,102,35054,61166|;;3,3,5,2,5;;3,5
OIIOI|102,4471,4471,30583|;3;;;2,5
OIIOI|102,35054,35054,61166|;3,3,5,2,5;;;3,5
OIIOI|204,204,4573,56797|1;;2;1;3,5
OIIOI|204,204,8942,61166|1;;3;1,5;3,5
OIIOI|204,4573,4573,56797|1;2;;1;3,5
OIIOI|204,8942,8942,61166|1;3;;1,5;3,5
OIISZ|102,4471,153,201|;3;2,1,5;4;1,4
OIISZ|102,35054,153,201|;3,3,5,2,5;3,0,5;4;1,4
OIITJ|51,51,51,139|0;;;3,1,5;4
OIITJ|204,4573,51,139|1;2;3,5;3,1,5;4
OIITJ|204,8942,51,139|1;3;3,5;3,1,5;4
OIITL|51,17527,204,29|0;2;3,4,1,5;2,0,5;4,5
OIITL|51,35003,204,29|0;3;2,5;2,0,5;4,5
OIITL|204,204,204,29|1;;;2,0,5;4,5
OIIZS|102,4471,153,57|;3;2,1,5;4;4
OIIZS|102,35054,153,57|;3,3,5,2,5;3,0,5;4;4
OIJIJ|51,51,139,139|0;;1,3,5;;4
OIJIJ|51,51,1907,139|0;;4;2,5;4
OIJIJ|51,35003,139,139|0;3;4;;4
OIJIJ|102,102,887,139|;;2,5;3,5;4
OIJIJ|102,102,3814,23|;;4;3,5;1,5,4
OIJIJ|102,102,29798,3310|;;2,5,2;2,5;2,0,5
OIJIJ|102,4471,23,23|;3;1,5,4;;1,5,4
OIJIJ|102,4471,887,139|;3;1,5;3,5;4
OIJIJ|102,35054,139,139|;3,3,5,2,5;2,5;;4
OIJIJ|102,35054,3310,3310|;3,3,5,2,5;4;;2,0,5
OIJIJ|204,204,1774,23|1;;2,5;3,5;1,5,4
OIJIJ|204,204,59596,2525|1;;1,4;3,5;2,5
OIJIJ|204,4573,23,23|1;2;2,5;;1,5,4
OIJIJ|204,4573,2525,2525|1;2;1,5,4;;2,5
OIJIJ|204,4573,564701,139|1;2;1,5,3;3,5;4
OIJIJ|204,8942,569070,139|1;3;1,3,5;3,5;4
OIJIL|51,51,5939,2491|0;;;2,5;1,3,5
OIJIL|51,35003,2491,2491|0;3;;;1,3,5
OIJIL|102,102,887,887|;;2,5;;3,1,5
OIJIL|102,102,11878,887|;;1;3,5;3,1,5
OIJIL|102,4471,887,887|;3;1,5;;3,1,5
OIJIL|102,35054,3310,29|;3,3,5,2,5;4;3,5;4,5
OIJIL|102,35054,838894,3293|;3,3,5,2,5;3,4;2,5;3,5
OIJJI|102,102,887,30583|;;2,5;4;2,5
OIJJI|102,4471,887,30583|;3;1,5;4;2,5
OIJJI|102,35054,175086,61166|;3,3,5,2,5;4,2;1,2,5;3,5
OIJJI|102,35054,838894,61166|;3,3,5,2,5;3,4;3,5;3,5
OIJJI|204,204,1774,61166|1;;2,5;4;3,5
OIJJI|204,4573,564701,56797|1;2;1,5,3;4;3,5
OIJJI|204,8942,569070,61166|1;3;1,3,5;4;3,5
OIJJO|51,51,139,204|0;;1,3,5;3,4,5;0,5
OIJJO|51,51,5939,51|0;;;1,5,4;1,5
OIJJO|51,35003,139,204|0;3;4;3,4,5;0,5
OIJJO|102,35054,139,204|;3,3,5,2,5;2,5;3,4,5;0,5
OIJJO|102,35054,838894,204|;3,3,5,2,5;3,4;2,5,0,5;0,5
OIJJO|204,204,46,51|1;;3,5;2,5;1,5
OIJJO|204,204,6092,204|1;;;1,5,4;0,5
OIJJO|204,204,59596,204|1;;1,4;2,5,3;0,5
OIJJT|51,51,139,27|0;;1,3,5;;1,5,4
OIJJT|51,35003,139,27|0;3;4;;1,5,4
OIJJT|102,35054,139,27|;3,3,5,2,5;2,5;;1,5,4
OIJJT|204,4573,564701,141|1;2;1,5,3;2,5;4
OIJLI|102,4471,808311,30583|;3;2,5,1;3,5;2,5
OIJLI|102,35054,3310,61166|;3,3,5,2,5;4;1,4;3,5
OIJLI|102,35054,838894,61166|;3,3,5,2,5;3,4;3,5;3,5
OIJLZ|102,4471,23,201|;3;1,5,4;1,5,3;1,4
OIJLZ|204,4573,23,201|1;2;2,5;1,5,3;1,4
OIJOJ|51,51,139,955|0;;1,3,5;0;1,2,5
OIJOJ|51,35003,139,955|0;3;4;0;1,2,5
OIJOJ|102,35054,139,955|;3,3,5,2,5;2,5;0;1,2,5
OIJOJ|102,35054,838894,3310|;3,3,5,2,5;3,4;0,5;2,0,5
OIJOJ|204,204,46,3310|1;;3,5;1,5;2,0,5
OIJOL|51,51,3191,887|0;;1,2,5;0,5;3,1,5
OIJOL|204,204,989,3293|1;;2,5,0;1,5;3,5
OIJOL|204,4573,989,3293|1;2;1,5;1,5;3,5
OIJSJ|102,35054,2542,3310|;3,3,5,2,5;;4;2,0,5
OIJSL|51,35003,235963,2491|0;3;2;4;1,3,5
OIJSL|204,4573,2525,3293|1;2;1,5,4;4;3,5
OIJTI|102,35054,838894,61166|;3,3,5,2,5;3,4;3,5;3,5
OIJTT|102,4471,23,141|;3;1,5,4;1,5,3;4
OIJTT|204,4573,23,141|1;2;2,5;1,5,3;4
OIJZJ|51,35003,2491,955|0;3;;4;1,2,5
OIJZJ|102,35054,838894,3310|;3,3,5,2,5;3,4;3,5;2,0,5
OIJZL|102,4471,23,887|;3;1,5,4;;3,1,5
OIJZL|204,4573,23,887|1;2;2,5;;3,1,5
OIJZL|204,4573,564701,3293|1;2;1,5,3;2;3,5
OILIJ|102,102,3310,3310|;;1,3,5;;2,0,5
OILIJ|102,102,18278,3310|;;;2,5;2,0,5
OILIJ|102,4471,887,139|;3;4,5;3,5;4
OILIJ|102,4471,209783,955|;3;3,5;3,5;1,2,5
OILIJ|102,35054,3310,3310|;3,3,5,2,5;;;2,0,5
OILIJ|204,204,36556,2525|1;;1;3,5;2,5
OILIJ|204,4573,2525,2525|1;2;1,5;;2,5
OILIL|51,51,1655,142|0;;3,5;2,5;4
OILIL|51,51,28979,2491|0;;4;2,5;1,3,5
OILIL|51,17527,87927,29|0;2;2,5;2,5;4,5
OILIL|51,35003,142,142|0;3;3,5;;4
OILIL|51,35003,2491,2491|0;3;4;;1,3,5
OILIL|51,35003,105403,29|0;3;2;2,5;4,5
OILIL|102,102,1910,142|;;4;2,5;4
OILIL|102,102,3310,29|;;1,3,5;3,5;4,5
OILIL|102,102,57958,887|;;3,3;3,5;3,1,5
OILIL|102,4471,29,29|;3;1,5,3,5;;4,5
OILIL|102,4471,887,887|;3;4,5;;3,1,5
OILIL|102,35054,142,142|;3,3,5,2,5;4;;4
OILIL|102,35054,3310,29|;3,3,5,2,5;;3,5;4,5
OILIL|204,204,29,29|1;;2,5;;4,5
OILIL|204,204,3820,29|1;;1,4;3,5;4,5
OILIL|204,4573,29,29|1;2;4,5;;4,5
OILJI|102,4471,887,30583|;3;4,5;4;2,5
OILJI|102,4471,209783,30583|;3;3,5;1,2,5;2,5
OILJI|102,35054,240366,61166|;3,3,5,2,5;2,4;1,2,5;3,5
OILJS|51,35003,142,57|0;3;3,5;2;4
OILJS|102,35054,142,57|;3,3,5,2,5;4;2;4
OILLI|51,51,1655,30583|0;;3,5;4;2,5
OILLI|51,17527,87927,30583|0;2;2,5;4,5;2,5
OILLI|51,35003,105403,48059|0;3;2;4,5;2,5
OILLI|102,102,3310,61166|;;1,3,5;1,4;3,5
OILLI|102,4471,209783,30583|;3;3,5;1,2,5;2,5
OILLI|102,4471,286071,30583|;3;2,5,1;3,5;2,5
OILLI|102,35054,3310,61166|;3,3,5,2,5;;1,4;3,5
OILLO|51,51,71,204|0;;1,2,5;1,3,5;0,5
OILLO|51,51,28979,51|0;;4;1,3,5,2;1,5
OILLO|51,51,36403,51|0;;1;4;1,5
OILLO|102,4471,29,51|;3;1,5,3,5;3,5;1,5
OILLO|102,4471,209783,51|;3;3,5;3,5,1,5;1,5
OILLO|204,204,29,51|1;;2,5;3,5;1,5
OILLO|204,204,36556,204|1;;1;4;0,5
OILLO|204,4573,29,51|1;2;4,5;3,5;1,5
OILLT|51,35003,105403,27|0;3;2;1,5,3,5;1,5,4
OILLT|102,4471,29,141|;3;1,5,3,5;1,5;4
OILLT|204,204,29,141|1;;2,5;1,5;4
OILLT|204,4573,29,141|1;2;4,5;1,5;4
OILOJ|51,51,3259,955|0;;3,5,1;0,5;1,2,5
OILOJ|51,35003,3259,955|0;3;;0,5;1,2,5
OILOJ|204,204,1006,3310|1;;3,5;1,5;2,0,5
OILOL|51,51,71,887|0;;1,2,5;0,5;3,1,5
OILOL|102,4471,29,3293|;3;1,5,3,5;1;3,5
OILOL|102,4471,209783,887|;3;3,5;1,5;3,1,5
OILOL|204,204,29,3293|1;;2,5;1;3,5
OILOL|204,4573,29,3293|1;2;4,5;1;3,5
OILSJ|51,35003,142,3310|0;3;3,5;1;2,0,5
OILSJ|51,35003,105403,955|0;3;2;2,5;1,2,5
OILSJ|102,35054,142,3310|;3,3,5,2,5;4;1;2,0,5
OILSL|102,4471,209783,887|;3;3,5;1,2,5;3,1,5
OILSL|204,4573,2525,3293|1;2;1,5;4;3,5
OILTI|102,4471,209783,30583|;3;3,5;1,2,5;2,5
OILTT|51,35003,142,27|0;3;3,5;2;1,5,4
OILTT|102,35054,142,27|;3,3,5,2,5;4;2;1,5,4
OILZJ|51,35003,2491,955|0;3;4;4;1,2,5
OILZJ|204,4573,825821,2525|1;2;1,5,3;1,4;2,5
OILZL|102,4471,2423,887|;3;1,5;4;3,1,5
OIOII|51,51,13107,30583|0;;0;2,5;2,5
OIOII|51,51,13107,48059|0;;0;3,5;2,5
OIOII|51,17527,30583,30583|0;2;0,5;;2,5
OIOII|51,35003,48059,48059|0;3;0;;2,5
OIOII|102,102,26214,30583|;;;3,5;2,5
OIOII|102,4471,30583,30583|;3;;;2,5
OIOII|102,35054,61166,61166|;3,3,5,2,5;;;3,5
OIOII|204,204,52428,56797|1;;1;2,5;3,5
OIOII|204,204,52428,61166|1;;1;3,5;3,5
OIOII|204,4573,56797,56797|1;2;1;;3,5
OIOII|204,8942,61166,61166|1;3;1,5;;3,5
OIOJJ|51,51,13107,955|0;;0;1,3,5;1,2,5
OIOJJ|51,35003,61115,955|0;3;;2,5;1,2,5
OIOJJ|102,35054,48110,3310|;3,3,5,2,5;0;1,2,5;2,0,5
OIOJJ|204,204,52428,3310|1;;1;3,5;2,0,5
OIOJL|51,51,13107,887|0;;0;1,2,5;3,1,5
OIOJL|204,204,52428,3293|1;;1;2,5,0,5;3,5
OIOLJ|51,51,13107,955|0;;0;3,5,1,5;1,2,5
OIOLJ|204,204,52428,3310|1;;1;3,5;2,0,5
OIOLL|51,51,13107,887|0;;0;1,2,5;3,1,5
OIOLL|102,4471,56695,887|;3;1;3,5;3,1,5
OIOLL|204,204,52428,3293|1;;1;2,5;3,5
OIOLL|204,4573,30685,3293|1;2;;1,3,5;3,5
OIOOO|51,51,13107,51|0;;0;1,5;1,5
OIOOO|204,204,52428,204|1;;1;0,5;0,5
OIOTJ|51,51,13107,955|0;;0;3,1,5;1,2,5
OIOTJ|204,204,52428,3310|1;;1;3,5;2,0,5
OIOTL|51,51,13107,887|0;;0;1,2,5;3,1,5
OIOTL|204,204,52428,3293|1;;1;2,0,5;3,5
OISIZ|102,35054,846062,201|;3,3,5,2,5;3,2;3,5;1,4
OISJJ|51,35003,2795,955|0;3;3;2,5;1,2,5
OISJJ|102,35054,846062,3310|;3,3,5,2,5;3,2;2,0,5,3;2,0,5
OISJL|51,35003,846011,2491|0;3;3,3;2,0,5,2,3;1,3,5
OISLL|102,4471,1495,887|;3;1,5,2;3,5;3,1,5
OISLL|204,204,30,142|1;;2;1,5;4
OISTI|102,4471,55159,30583|;3;4,5;4;2,5
OITIJ|51,51,139,139|0;;3,1,5;;4
OITIJ|204,4573,580061,139|1;2;1,5,3;3,5;4
OITIJ|204,8942,584430,139|1;3;3,1,5;3,5;4
OITIL|51,17527,95607,29|0;2;2,0,5;2,5;4,5
OITIL|51,35003,113083,29|0;3;2;2,5;4,5
OITIL|204,204,29,29|1;;2,0,5;;4,5
OITIT|102,4471,1399,141|;3;1,5;3,5;4
OITIT|102,35054,2798,27|;3,3,5,2,5;;3,5;1,5,4
OITJI|102,35054,178926,61166|;3,3,5,2,5;4,2;1,2,5;3,5
OITJO|51,51,139,204|0;;3,1,5;3,4,5;0,5
OITJO|204,204,46,51|1;;3,5;2,5;1,5
OITJT|51,51,139,27|0;;3,1,5;;1,5,4
OITLI|102,4471,316791,30583|;3;2,5,1;3,5;2,5
OITLO|51,51,71,204|0;;1,2,5;1,3,5;0,5
OITLO|204,204,29,51|1;;2,0,5;3,5;1,5
OITLT|204,204,29,141|1;;2,0,5;1,5;4
OITOJ|51,51,139,955|0;;3,1,5;0;1,2,5
OITOJ|204,204,46,3310|1;;3,5;1,5;2,0,5
OITOL|51,51,71,887|0;;1,2,5;0,5;3,1,5
OITOL|204,204,29,3293|1;;2,0,5;1;3,5
OITTI|102,4471,1399,30583|;3;1,5;4;2,5
OITTI|102,35054,2798,61166|;3,3,5,2,5;;4;3,5
OITTJ|204,4573,580061,2525|1;2;1,5,3;4;2,5
OITTL|51,35003,113083,2491|0;3;2;1,5,4;1,3,5
OITTT|51,35003,3307,27|0;3;3;2,0,5;1,5,4
OITTT|204,4573,893,141|1;2;1,5,2;3,1,5;4
OIZIS|102,4471,225655,57|;3;;2,5;4
OIZJJ|51,51,135,23|0;;1,5,3;;1,5,4
OIZJJ|102,35054,2750,3310|;3,3,5,2,5;3;1,2,5;2,0,5
OIZLJ|204,4573,225757,2525|1;2;;3,1,5,2,3;2,5
OIZLL|102,4471,225655,887|;3;;3,1,5,2;3,1,5
OIZLL|204,4573,1405,3293|1;2;2,5;1,3,5;3,5
OIZTI|102,35054,48878,61166|;3,3,5,2,5;;4;3,5
OJIIJ|51,139,139,139|0;1,3,5;;;4
OJIIJ|51,1907,139,139|0;4;2,5;;4
OJIIJ|51,1907,1907,139|0;4;;2,5;4
OJIIJ|102,887,139,139|;2,5;3,5;;4
OJIIJ|102,887,887,139|;2,5;;3,5;4
OJIIJ|102,3814,23,23|;4;3,5;;1,5,4
OJIIJ|102,3814,3814,23|;4;;3,5;1,5,4
OJIIJ|102,11878,887,139|;1;3,5;3,5;4
OJIIJ|102,29798,3310,3310|;2,5,2;2,5;;2,0,5
OJIIJ|102,29798,29798,3310|;2,5,2;;2,5;2,0,5
OJIIJ|204,1774,23,23|1;2,5;3,5;;1,5,4
OJIIJ|204,1774,1774,23|1;2,5;;3,5;1,5,4
OJIIJ|204,59596,2525,2525|1;1,4;3,5;;2,5
OJIIJ|204,59596,59596,2525|1;1,4;;3,5;2,5
OJIIJ|204,560332,564701,139|1;1,3;3,5,0;3,5;4
OJIIJ|204,560332,569070,139|1;1,3;3,5;3,5;4
OJIIL|51,5939,2491,2491|0;;2,5;;1,3,5
OJIIL|51,5939,5939,2491|0;;;2,5;1,3,5
OJIIL|102,887,887,887|;2,5;;;3,1,5
OJIIL|102,11878,887,887|;1;3,5;;3,1,5
OJIIL|102,11878,11878,887|;1;;3,5;3,1,5
OJIIL|102,29798,3310,29|;2,5,2;2,5;3,5;4,5
OJIJI|102,887,887,30583|;2,5;;4;2,5
OJIJI|102,11878,887,30583|;1;3,5;4;2,5
OJIJI|102,140134,175086,61166|;3,0;2,5,1,5;1,2,5;3,5
OJIJI|204,1774,1774,61166|1;2,5;;4;3,5
OJIJI|204,560332,564701,56797|1;1,3;3,5,0;4;3,5
OJIJI|204,560332,569070,61166|1;1,3;3,5;4;3,5
OJIJO|51,139,139,204|0;1,3,5;;3,4,5;0,5
OJIJO|51,1907,139,204|0;4;2,5;3,4,5;0,5
OJIJO|51,5939,5939,51|0;;;1,5,4;1,5
OJIJO|102,887,139,204|;2,5;3,5;3,4,5;0,5
OJIJO|204,46,46,51|1;3,5;;2,5;1,5
OJIJO|204,46,275,51|1;3,5;3;1,5;1,5
OJIJO|204,46,275,153|1;3,5;3;1,5,3;
OJIJO|204,6092,6092,204|1;;;1,5,4;0,5
OJIJO|204,59596,59596,204|1;1,4;;2,5,3;0,5
OJIJT|51,139,139,27|0;1,3,5;;;1,5,4
OJIJT|51,1907,139,27|0;4;2,5;;1,5,4
OJIJT|102,887,139,27|;2,5;3,5;;1,5,4
OJIJT|204,46,275,27|1;3,5;3;1,5,4;1,5,4
OJIJT|204,560332,564701,141|1;1,3;3,5,0;2,5;4
OJILI|102,29798,3310,61166|;2,5,2;2,5;1,4;3,5
OJILI|102,803942,808311,30583|;3,4;2,5;3,5;2,5
OJILO|204,46,275,51|1;3,5;3;4,5;1,5
OJILS|204,46,275,3483|1;3,5;3;1,5,3,1;3,4
OJILZ|102,3814,23,201|;4;3,5;1,5,3;1,4
OJILZ|204,46,275,147|1;3,5;3;1,5;4
OJILZ|204,1774,23,201|1;2,5;3,5;1,5,3;1,4
OJIOJ|51,139,139,955|0;1,3,5;;0;1,2,5
OJIOJ|51,1907,139,955|0;4;2,5;0;1,2,5
OJIOJ|102,887,139,955|;2,5;3,5;0;1,2,5
OJIOJ|204,46,46,3310|1;3,5;;1,5;2,0,5
OJIOL|51,3191,3191,887|0;1,2,5;;0,5;3,1,5
OJIOL|204,46,275,29|1;3,5;3;1,5;4,5
OJIOL|204,989,989,3293|1;2,5,0;;1,5;3,5
OJIOL|204,11980,989,3293|1;1;3,5;1,5;3,5
OJISJ|102,5990,2542,3310|;;2,5;4;2,0,5
OJISL|51,201011,235963,2491|0;2;3,5;4;1,3,5
OJISL|204,46,275,887|1;3,5;3;2,5;3,1,5
OJISL|204,59596,2525,3293|1;1,4;3,5;4;3,5
OJITJ|204,46,275,23|1;3,5;3;1,5,4;1,5,4
OJITT|102,3814,23,141|;4;3,5;1,5,3;4
OJITT|204,1774,23,141|1;2,5;3,5;1,5,3;4
OJIZJ|51,5939,2491,955|0;;2,5;4;1,2,5
OJIZJ|204,46,275,23|1;3,5;3;1,5,4;1,5,4
OJIZL|102,3814,23,887|;4;3,5;;3,1,5
OJIZL|204,1774,23,887|1;2,5;3,5;;3,1,5
OJIZL|204,560332,564701,3293|1;1,3;3,5,0;2;3,5
OJJII|51,11827,13107,30583|0;1;2,5;2,5;2,5
OJJII|51,11827,13107,48059|0;1;2,5;3,5;2,5
OJJII|51,201011,13107,30583|0;2;1,2,5,2,5,4;2,5;2,5
OJJII|51,201011,13107,48059|0;2;1,2,5,2,5,4;3,5;2,5
OJJII|102,887,30583,30583|;2,5;4;;2,5
OJJII|204,1774,61166,61166|1;2,5;4;;3,5
OJJII|204,560332,52428,56797|1;1,3;4;2,5;3,5
OJJII|204,560332,52428,61166|1;1,3;4;3,5;3,5
OJJIO|51,139,204,204|0;1,3,5;3,4,5;;0,5
OJJIO|51,5939,51,51|0;;1,5,4;;1,5
OJJIO|204,46,51,51|1;3,5;2,5;;1,5
OJJIO|204,46,11822,51|1;3,5;1;3,5;1,5
OJJIO|204,46,35054,153|1;3,5;1,3;3,0,5;
OJJIO|204,6092,204,204|1;;1,5,4;;0,5
OJJIO|204,59596,204,204|1;1,4;2,5,3;;0,5
OJJIO|204,560332,35054,153|1;1,3;3,5;3,0,5;
OJJIT|51,139,27,27|0;1,3,5;;;1,5,4
OJJIT|51,1907,96115,27|0;4;;2,5;1,5,4
OJJIT|102,887,95095,27|;2,5;;2,5;1,5,4
OJJIT|204,46,3758,27|1;3,5;1,4;3,5;1,5,4
OJJIT|204,560332,585452,141|1;1,3;2,5;3,5;4
OJJJJ|51,139,59531,232|0;1,3,5;3,4,5,2;2,5,2,5;2,5,3
OJJJJ|51,5939,51,139|0;;1,5,4;1,3,5;4
OJJJJ|51,11827,13107,955|0;1;2,5;1,3,5;1,2,5
OJJJJ|51,201011,13107,955|0;2;1,2,5,2,5,4;1,3,5;1,2,5
OJJJJ|204,46,51,139|1;3,5;2,5;1,3,5;4
OJJJJ|204,46,35054,139|1;3,5;1,3;2,5;4
OJJJJ|204,46,35054,3310|1;3,5;1,3;4;2,0,5
OJJJJ|204,989,35037,2525|1;2,5,0;1,3;;2,5
OJJJJ|204,560332,35037,2525|1;1,3;2,5,0,5;;2,5
OJJJJ|204,560332,35054,139|1;1,3;3,5;2,5;4
OJJJJ|204,560332,35054,3310|1;1,3;3,5;4;2,0,5
OJJJJ|204,560332,52428,3310|1;1,3;4;3,5;2,0,5
OJJJL|51,11827,13107,887|0;1;2,5;1,2,5;3,1,5
OJJJL|51,201011,13107,887|0;2;1,2,5,2,5,4;1,2,5;3,1,5
OJJJL|102,887,95095,887|;2,5;;1,5,4;3,1,5
OJJJL|102,5990,102,887|;;1,5,4;2,5;3,1,5
OJJJL|204,989,35037,142|1;2,5,0;1,3;2,5;4
OJJJL|204,989,35037,3293|1;2,5,0;1,3;4;3,5
OJJJL|204,560332,35037,142|1;1,3;2,5,0,5;2,5;4
OJJJL|204,560332,35037,3293|1;1,3;2,5,0,5;4;3,5
OJJJL|204,560332,52428,3293|1;1,3;4;2,5,0,5;3,5
OJJLJ|51,139,27,139|0;1,3,5;;1,5;4
OJJLJ|51,139,12699,955|0;1,3,5;2;3,5,1,3;1,2,5
OJJLJ|51,11827,13107,955|0;1;2,5;3,5,1,5;1,2,5
OJJLJ|51,201011,12699,955|0;2;1,3,5;3,5,1,3;1,2,5
OJJLJ|51,201011,13107,955|0;2;1,2,5,2,5,4;3,5,1,5;1,2,5
OJJLJ|102,5990,102,3310|;;1,5,4;1,3,5;2,0,5
OJJLJ|204,46,1902,3310|1;3,5;4;1,3,5;2,0,5
OJJLJ|204,46,35054,3310|1;3,5;1,3;;2,0,5
OJJLJ|204,989,35037,139|1;2,5,0;1,3;3,5;4
OJJLJ|204,989,35037,2525|1;2,5,0;1,3;4;2,5
OJJLJ|204,560332,35037,139|1;1,3;2,5,0,5;3,5;4
OJJLJ|204,560332,35037,2525|1;1,3;2,5,0,5;4;2,5
OJJLJ|204,560332,35054,3310|1;1,3;3,5;;2,0,5
OJJLJ|204,560332,52428,3310|1;1,3;4;3,5;2,0,5
OJJLL|51,139,204,29|0;1,3,5;3,4,5;2,5;4,5
OJJLL|51,3191,204151,887|0;1,2,5;2,0;3,5,1,3;3,1,5
OJJLL|51,3763,12723,2995|0;1,4;2;3,5,1,2;3,5,4
OJJLL|51,11827,13107,887|0;1;2,5;1,2,5;3,1,5
OJJLL|51,201011,12723,2995|0;2;1,2,5,2,5;3,5,1,2;3,5,4
OJJLL|51,201011,13107,887|0;2;1,2,5,2,5,4;1,2,5;3,1,5
OJJLL|51,201011,204151,887|0;2;1,2,5;3,5,1,3;3,1,5
OJJLL|204,46,35054,142|1;3,5;1,3;4;4
OJJLL|204,989,30685,3293|1;2,5,0;4;1,3,5;3,5
OJJLL|204,989,35037,3293|1;2,5,0;1,3;;3,5
OJJLL|204,6092,204,29|1;;1,5,4;2,5;4,5
OJJLL|204,59596,204,29|1;1,4;2,5,3;2,5;4,5
OJJLL|204,560332,35037,3293|1;1,3;2,5,0,5;;3,5
OJJLL|204,560332,35054,142|1;1,3;3,5;4;4
OJJLL|204,560332,52428,3293|1;1,3;4;2,5;3,5
OJJOI|102,887,804727,30583|;2,5;1,2;0,5;2,5
OJJOI|102,803942,804727,30583|;3,4;2,5,0,5;0,5;2,5
OJJOI|204,46,35054,61166|1;3,5;1,3;;3,5
OJJOI|204,560332,35054,61166|1;1,3;3,5;;3,5
OJJOO|51,11827,13107,51|0;1;2,5;1,5;1,5
OJJOO|51,201011,13107,51|0;2;1,2,5,2,5,4;1,5;1,5
OJJOO|204,11980,13260,204|1;1;2,5;1,5;0,5
OJJOO|204,560332,52428,204|1;1,3;4;0,5;0,5
OJJOS|51,139,12699,3483|0;1,3,5;2;1,5;3,4
OJJOS|51,201011,12699,3483|0;2;1,3,5;1,5;3,4
OJJSO|51,139,12699,51|0;1,3,5;2;1,2,5,4;1,5
OJJSO|51,201011,12699,51|0;2;1,3,5;1,2,5,4;1,5
OJJSO|204,59596,14796,204|1;1,4;2,5,3,2;4;0,5
OJJSO|204,560332,40140,204|1;1,3;;1,5,4;0,5
OJJTJ|51,5939,51,139|0;;1,5,4;3,1,5;4
OJJTJ|51,11827,13107,955|0;1;2,5;3,1,5;1,2,5
OJJTJ|51,201011,13107,955|0;2;1,2,5,2,5,4;3,1,5;1,2,5
OJJTJ|204,46,51,139|1;3,5;2,5;3,1,5;4
OJJTJ|204,560332,52428,3310|1;1,3;4;3,5;2,0,5
OJJTL|51,139,204,29|0;1,3,5;3,4,5;2,0,5;4,5
OJJTL|51,11827,13107,887|0;1;2,5;1,2,5;3,1,5
OJJTL|51,201011,13107,887|0;2;1,2,5,2,5,4;1,2,5;3,1,5
OJJTL|102,3814,54,142|;4;2,5;3,1,5;4
OJJTL|204,1774,894,142|1;2,5;2,5;3,1,5;4
OJJTL|204,6092,204,29|1;;1,5,4;2,0,5;4,5
OJJTL|204,59596,204,29|1;1,4;2,5,3;2,0,5;4,5
OJJTL|204,560332,52428,3293|1;1,3;4;2,0,5;3,5
OJJTO|51,3763,12723,51|0;1,4;2;1,2,5,2;1,5
OJJTO|51,201011,12723,51|0;2;1,2,5,2,5;1,2,5,2;1,5
OJJTT|204,989,35037,141|1;2,5,0;1,3;4;4
OJJTT|204,560332,35037,141|1;1,3;2,5,0,5;4;4
OJJZI|51,3191,204151,30583|0;1,2,5;2,0;1,5,2,4;2,5
OJJZI|51,201011,204151,30583|0;2;1,2,5;1,5,2,4;2,5
OJJZT|51,139,27,141|0;1,3,5;;1,3;4
OJLII|51,201011,13107,30583|0;2;1,2,5,2;2,5;2,5
OJLII|51,201011,13107,48059|0;2;1,2,5,2;3,5;2,5
OJLII|102,140134,26214,30583|;3,0;1,2,5;3,5;2,5
OJLII|102,803942,26214,30583|;3,4;3,5;3,5;2,5
OJLII|204,29900,52428,56797|1;4;1,3,5;2,5;3,5
OJLII|204,29900,52428,61166|1;4;1,3,5;3,5;3,5
OJLII|204,560332,52428,56797|1;1,3;;2,5;3,5
OJLII|204,560332,52428,61166|1;1,3;;3,5;3,5
OJLIO|51,3191,4471,153|0;1,2,5;2;2,1,5;
OJLIO|102,887,17527,204|;2,5;1,2;3,4,1,5;0,5
OJLIO|102,140134,8942,51|;3,0;3,5,1,5;3,5;1,5
OJLIO|204,46,57902,51|1;3,5;1,2,2,5;3,5;1,5
OJLIO|204,560332,35054,153|1;1,3;3,5;3,0,5;
OJLIS|51,201011,202615,57|0;2;1,2,5,4;3,5;4
OJLIS|204,46,51374,3483|1;3,5;3,1;2,5;3,4
OJLIZ|51,201011,12631,2973|0;2;1,2,5;3,5;1,2,4
OJLIZ|204,46,36398,147|1;3,5;1;3,5;4
OJLIZ|204,1774,823022,201|1;2,5;1,3;2,5;1,4
OJLJJ|51,139,3755,955|0;1,3,5;4,1;2,5;1,2,5
OJLJJ|51,139,4539,955|0;1,3,5;2;1,5;1,2,5
OJLJJ|51,139,36491,139|0;1,3,5;4,1,4;2,5,3;4
OJLJJ|51,3191,4471,23|0;1,2,5;2;1,5,4;1,5,4
OJLJJ|51,201011,13107,955|0;2;1,2,5,2;1,3,5;1,2,5
OJLJJ|204,6092,51660,3310|1;;1,5,3;2,5,4,5,4;2,0,5
OJLJJ|204,29900,52428,3310|1;4;1,3,5;3,5;2,0,5
OJLJJ|204,560332,35037,2525|1;1,3;2,5;;2,5
OJLJJ|204,560332,35054,139|1;1,3;3,5;2,5;4
OJLJJ|204,560332,35054,3310|1;1,3;3,5;4;2,0,5
OJLJJ|204,560332,52428,3310|1;1,3;;3,5;2,0,5
OJLJL|51,139,4539,29|0;1,3,5;2;1,5,2,5;4,5
OJLJL|51,139,4539,2491|0;1,3,5;2;1,5,4;1,3,5
OJLJL|51,139,36491,142|0;1,3,5;4,1,4;2,5,2;4
OJLJL|51,3191,4471,887|0;1,2,5;2;1,5;3,1,5
OJLJL|51,3191,61047,887|0;1,2,5;1,4;2,5;3,1,5
OJLJL|51,3763,585395,2995|0;1,4;1;2,5;3,5,4
OJLJL|51,201011,13107,887|0;2;1,2,5,2;1,2,5;3,1,5
OJLJL|51,201011,202615,887|0;2;1,2,5,4;1,3,5,3;3,1,5
OJLJL|204,989,822237,3293|1;2,5,0;3,1;2,5,0,2;3,5
OJLJL|204,29900,52428,3293|1;4;1,3,5;2,5,0,5;3,5
OJLJL|204,560332,35037,142|1;1,3;2,5;2,5;4
OJLJL|204,560332,35037,3293|1;1,3;2,5;4;3,5
OJLJL|204,560332,36300,142|1;1,3;4;2,5,4,5;4
OJLJL|204,560332,52428,3293|1;1,3;;2,5,0,5;3,5
OJLLJ|51,139,4539,23|0;1,3,5;2;1,5,3,5;1,5,4
OJLLJ|51,139,4539,955|0;1,3,5;2;4,5;1,2,5
OJLLJ|51,139,36491,139|0;1,3,5;4,1,4;4;4
OJLLJ|51,201011,13107,955|0;2;1,2,5,2;3,5,1,5;1,2,5
OJLLJ|51,201011,204219,955|0;2;3,5,1,5;3,5,1,3;1,2,5
OJLLJ|204,1774,30702,3310|1;2,5;4;1,3,5;2,0,5
OJLLJ|204,1774,823022,3310|1;2,5;1,3;2,5,2;2,0,5
OJLLJ|204,29900,52428,3310|1;4;1,3,5;3,5;2,0,5
OJLLJ|204,560332,35037,139|1;1,3;2,5;3,5;4
OJLLJ|204,560332,35037,2525|1;1,3;2,5;4;2,5
OJLLJ|204,560332,35054,3310|1;1,3;3,5;;2,0,5
OJLLJ|204,560332,52428,3310|1;1,3;;3,5;2,0,5
OJLLL|51,139,4539,2491|0;1,3,5;2;1,5;1,3,5
OJLLL|51,3191,4471,29|0;1,2,5;2;1,5,3,5;4,5
OJLLL|51,3191,4471,887|0;1,2,5;2;4,5;3,1,5
OJLLL|51,201011,13107,887|0;2;1,2,5,2;1,2,5;3,1,5
OJLLL|51,201011,14643,887|0;2;1,2,5,3,5;3,5,4,5,4;3,1,5
OJLLL|102,887,463735,887|;2,5;4;1,3,5,2;3,1,5
OJLLL|102,887,582519,887|;2,5;1;4;3,1,5
OJLLL|204,29900,52428,3293|1;4;1,3,5;2,5;3,5
OJLLL|204,560332,35037,3293|1;1,3;2,5;;3,5
OJLLL|204,560332,35054,142|1;1,3;3,5;4;4
OJLLL|204,560332,52428,3293|1;1,3;;2,5;3,5
OJLOI|51,3191,4471,30583|0;1,2,5;2;;2,5
OJLOI|102,887,17527,30583|;2,5;1,2;0,5;2,5
OJLOI|102,140134,8942,61166|;3,0;3,5,1,5;1,5;3,5
OJLOI|204,560332,35054,61166|1;1,3;3,5;;3,5
OJLOO|51,1907,195,51|0;4;1,3,5;0,5;1,5
OJLOO|51,201011,13107,51|0;2;1,2,5,2;1,5;1,5
OJLOO|204,29900,52428,204|1;4;1,3,5;0,5;0,5
OJLOO|204,560332,52428,204|1;1,3;;0,5;0,5
OJLSI|51,201011,202615,30583|0;2;1,2,5,4;4;2,5
OJLSI|204,46,51374,61166|1;3,5;3,1;3,4;3,5
OJLSO|51,201011,14643,51|0;2;1,2,5,3,5;4;1,5
OJLSO|204,6092,51660,204|1;;1,5,3;2,2;0,5
OJLTI|51,201011,202615,30583|0;2;1,2,5,4;3,1,5,2;2,5
OJLTI|204,1774,823022,61166|1;2,5;1,3;2,0,5,3;3,5
OJLTJ|51,201011,13107,955|0;2;1,2,5,2;3,1,5;1,2,5
OJLTJ|204,29900,52428,3310|1;4;1,3,5;3,5;2,0,5
OJLTJ|204,560332,52428,3310|1;1,3;;3,5;2,0,5
OJLTL|51,201011,13107,887|0;2;1,2,5,2;1,2,5;3,1,5
OJLTL|204,29900,52428,3293|1;4;1,3,5;2,0,5;3,5
OJLTL|204,560332,52428,3293|1;1,3;;2,0,5;3,5
OJLTO|204,560332,36300,204|1;1,3;4;4;0,5
OJLTT|51,139,4539,27|0;1,3,5;2;1,5,4;1,5,4
OJLTT|204,560332,35037,141|1;1,3;2,5;4;4
OJLZI|51,201011,12631,30583|0;2;1,2,5;1,5,2,4;2,5
OJLZI|204,1774,823022,61166|1;2,5;1,3;1,4;3,5
OJLZO|51,201011,14643,51|0;2;1,2,5,3,5;1,5,3,3;1,5
OJLZO|204,6092,51660,204|1;;1,5,3;1,4;0,5
OJLZT|204,560332,36300,141|1;1,3;4;2,4;4
OJOIJ|51,139,955,955|0;1,3,5;0;;1,2,5
OJOIJ|51,1907,210803,955|0;4;0;3,5;1,2,5
OJOIJ|51,3191,887,139|0;1,2,5;0,5;3,5;4
OJOIJ|102,887,209783,955|;2,5;0;3,5;1,2,5
OJOIJ|204,46,3310,3310|1;3,5;1,5;;2,0,5
OJOIL|51,3191,887,887|0;1,2,5;0,5;;3,1,5
OJOIL|102,140134,11878,887|;3,0;1,5;3,5;3,1,5
OJOIL|204,46,3310,29|1;3,5;1,5;3,5;4,5
OJOIL|204,989,3293,3293|1;2,5,0;1,5;;3,5
OJOIL|204,11980,847564,3293|1;1;1,5;3,5;3,5
OJOJI|51,3191,887,30583|0;1,2,5;0,5;4;2,5
OJOJI|102,887,209783,30583|;2,5;0;1,2,5;2,5
OJOJO|51,11827,847411,51|0;1;1,5;2,0,5;1,5
OJOJO|51,201011,785,51|0;2;1,5;1,3,5,2;1,5
OJOJO|204,11980,847564,204|1;1;1,5;2,0,5;0,5
OJOJO|204,560332,2188,204|1;1,3;0,5;4;0,5
OJOJS|51,201011,785,57|0;2;1,5;1,2,5,2;4
OJOJS|204,560332,2188,156|1;1,3;0,5;;1,5,4
OJOJZ|51,201011,785,2973|0;2;1,5;1,3,5;1,2,4
OJOJZ|204,560332,2188,2973|1;1,3;0,5;2,0;1,2,4
OJOLI|102,887,209783,30583|;2,5;0;1,2,5;2,5
OJOLI|204,46,3310,61166|1;3,5;1,5;1,4;3,5
OJOLO|51,1907,210803,51|0;4;0;3,5,1,5;1,5
OJOLO|51,201011,785,51|0;2;1,5;1,2,5,2;1,5
OJOLO|51,201011,785,153|0;2;1,5;3,5,1,5;
OJOLO|102,887,209783,51|;2,5;0;3,5,1,5;1,5
OJOLO|204,560332,2188,153|1;1,3;0,5;2;
OJOLO|204,560332,2188,204|1;1,3;0,5;;0,5
OJOLS|51,201011,785,57|0;2;1,5;1,2,5,3,5;4
OJOLT|204,560332,2188,141|1;1,3;0,5;4;4
OJOOJ|204,560332,2188,139|1;1,3;0,5;0,5;4
OJOOL|51,201011,785,887|0;2;1,5;1,5,0;3,1,5
OJOOL|102,887,3191,887|;2,5;1,5;0,5;3,1,5
OJOOL|102,887,209783,887|;2,5;0;1,5;3,1,5
OJOSL|102,887,209783,887|;2,5;0;1,2,5;3,1,5
OJOSL|204,989,3293,29|1;2,5,0;1,5;3;4,5
OJOSL|204,560332,2188,142|1;1,3;0,5;4;4
OJOTI|102,887,209783,30583|;2,5;0;1,2,5;2,5
OJOTL|204,560332,2188,142|1;1,3;0,5;4;4
OJOZJ|51,139,955,139|0;1,3,5;0;1,5,2;4
OJOZJ|204,560332,2188,3310|1;1,3;0,5;2;2,0,5
OJSIJ|51,201011,210803,955|0;2;1,2,5,4;3,5;1,2,5
OJSIJ|204,560332,36556,2525|1;1,3;4;3,5;2,5
OJSIL|51,3191,1655,142|0;1,2,5;;2,5;4
OJSIL|102,140134,9958,887|;3,0;1,2,5;3,5;3,1,5
OJSIL|204,46,9838,887|1;3,5;2;3,5;3,1,5
OJSJO|51,139,46,51|0;1,3,5;2;2,5;1,5
OJSLI|51,3191,1655,30583|0;1,2,5;;4;2,5
OJSLI|204,46,9838,61166|1;3,5;2;3,1,5;3,5
OJSLO|51,201011,210803,51|0;2;1,2,5,4;3,5,1,5;1,5
OJSLO|102,887,71,204|;2,5;1,2,5;1,3,5;0,5
OJSLO|204,560332,36556,204|1;1,3;4;4;0,5
OJSOJ|51,139,46,3310|0;1,3,5;2;1,5;2,0,5
OJSOL|102,887,71,887|;2,5;1,2,5;0,5;3,1,5
OJSTL|204,560332,35038,142|1;1,3;2,5;4;4
OJSTT|51,139,3307,27|0;1,3,5;1;2,0,5;1,5,4
OJSZJ|204,560332,35038,3310|1;1,3;2,5;3;2,0,5
OJTIJ|102,5990,18278,3310|;;1,5;2,5;2,0,5
OJTIJ|204,46,3694,23|1;3,5;4;3,5;1,5,4
OJTIJ|204,560332,36556,2525|1;1,3;4;3,5;2,5
OJTIO|204,560332,35054,153|1;1,3;3,5;3,0,5;
OJTIT|204,1774,577262,141|1;2,5;1,3;2,5;4
OJTIZ|51,201011,12631,2973|0;2;1,2,5;3,5;1,2,4
OJTJJ|51,3763,5043,23|0;1,4;2;1,5,2,5;1,5,4
OJTJJ|102,887,135,23|;2,5;3,1,5;;1,5,4
OJTJJ|204,46,36014,139|1;3,5;3,1;2,0,5;4
OJTJJ|204,560332,35037,2525|1;1,3;2,0,5;;2,5
OJTJJ|204,560332,35054,139|1;1,3;3,5;2,5;4
OJTJJ|204,560332,35054,3310|1;1,3;3,5;4;2,0,5
OJTJL|51,139,5019,29|0;1,3,5;2;1,5,2,5;4,5
OJTJL|51,3763,5043,2995|0;1,4;2;1,5,4;3,5,4
OJTJL|204,1774,577262,142|1;2,5;1,3;2,0,5;4
OJTJL|204,6092,36300,142|1;;1,5,3;2,5,4,5;4
OJTJL|204,560332,35037,142|1;1,3;2,0,5;2,5;4
OJTJL|204,560332,35037,3293|1;1,3;2,0,5;4;3,5
OJTJO|51,201011,12659,51|0;2;1,2,5,2,5;1,3,5,3;1,5
OJTLI|102,887,59255,30583|;2,5;4;4;2,5
OJTLI|204,1774,161518,61166|1;2,5;;3,1,5;3,5
OJTLJ|51,3763,5043,23|0;1,4;2;1,5,3,5,4;1,5,4
OJTLJ|51,201011,12699,955|0;2;3,1,5;3,5,1,3;1,2,5
OJTLJ|204,560332,35037,139|1;1,3;2,0,5;3,5;4
OJTLJ|204,560332,35037,2525|1;1,3;2,0,5;4;2,5
OJTLJ|204,560332,35054,3310|1;1,3;3,5;;2,0,5
OJTLL|204,560332,35037,3293|1;1,3;2,0,5;;3,5
OJTLL|204,560332,35054,142|1;1,3;3,5;4;4
OJTLO|204,560332,36556,204|1;1,3;4;4;0,5
OJTOI|102,887,313207,30583|;2,5;1,2;0,5;2,5
OJTOI|204,560332,35054,61166|1;1,3;3,5;;3,5
OJTOS|51,139,5019,3483|0;1,3,5;2;1,5;3,4
OJTOS|51,201011,12699,3483|0;2;3,1,5;1,5;3,4
OJTSI|204,1774,577262,61166|1;2,5;1,3;4;3,5
OJTSO|51,201011,12699,51|0;2;3,1,5;1,2,5,4;1,5
OJTST|51,139,5019,27|0;1,3,5;2;2,5,2;1,5,4
OJTTI|204,1774,577262,61166|1;2,5;1,3;4;3,5
OJTTJ|51,139,78,23|0;1,3,5;3;2,0,5;1,5,4
OJTTJ|51,139,5019,23|0;1,3,5;2;1,5,2,5,4;1,5,4
OJTTO|51,5939,36147,51|0;;1,5,3;4;1,5
OJTTO|204,6092,36300,204|1;;1,5,3;4;0,5
OJTTT|204,560332,35037,141|1;1,3;2,0,5;4;4
OJTZI|51,201011,12631,30583|0;2;1,2,5;1,5,2,4;2,5
OJTZL|51,139,43,142|0;1,3,5;;1,5,3;4
OJTZT|204,6092,36300,141|1;;1,5,3;2,4;4
OJTZZ|51,3763,5043,147|0;1,4;2;1,5,2;4
OJZIJ|51,5939,227123,955|0;;;2,5;1,2,5
OJZIJ|204,46,1774,23|1;3,5;4;3,5;1,5,4
OJZIL|102,887,1655,142|;2,5;4;2,5;4
OJZIL|204,560332,847564,3293|1;1,3;2;3,5;3,5
OJZJI|51,3191,290423,30583|0;1,2,5;2;2,0,5;2,5
OJZJI|204,46,1774,61166|1;3,5;4;4;3,5
OJZJO|51,201011,12659,51|0;2;1,5,2,5,3;1,3,5,3;1,5
OJZJO|204,560332,847564,204|1;1,3;2;2,0,5;0,5
OJZJZ|204,560332,35053,2973|1;1,3;3,5;2;1,2,4
OJZLI|102,887,1655,30583|;2,5;4;4;2,5
OJZLI|204,1774,222958,61166|1;2,5;;3,1,5;3,5
OJZLO|51,5939,227123,51|0;;;3,1,5;1,5
OJZLO|204,6092,227276,204|1;;;3,1,5;0,5
OJZLT|204,560332,35053,141|1;1,3;3,5;4;4
OJZOJ|51,139,36043,139|0;1,3,5;3,4;0,5;4
OLIIJ|102,3310,3310,3310|;1,3,5;;;2,0,5
OLIIJ|102,18278,3310,3310|;;2,5;;2,0,5
OLIIJ|102,18278,18278,3310|;;;2,5;2,0,5
OLIIJ|102,57958,887,139|;3,3;3,5;3,5;4
OLIIJ|204,36556,2525,2525|1;1;3,5;;2,5
OLIIJ|204,36556,36556,2525|1;1;;3,5;2,5
OLIIL|51,1655,142,142|0;3,5;2,5;;4
OLIIL|51,1655,1655,142|0;3,5;;2,5;4
OLIIL|51,28979,2491,2491|0;4;2,5;;1,3,5
OLIIL|51,28979,28979,2491|0;4;;2,5;1,3,5
OLIIL|51,70451,87927,29|0;2;2,5;2,5;4,5
OLIIL|51,70451,105403,29|0;2;2,5,1;2,5;4,5
OLIIL|102,1910,142,142|;4;2,5;;4
OLIIL|102,1910,1910,142|;4;;2,5;4
OLIIL|102,3310,29,29|;1,3,5;3,5;;4,5
OLIIL|102,3310,3310,29|;1,3,5;;3,5;4,5
OLIIL|102,18278,3310,29|;;2,5;3,5;4,5
OLIIL|102,57958,887,887|;3,3;3,5;;3,1,5
OLIIL|102,57958,57958,887|;3,3;;3,5;3,1,5
OLIIL|204,29,29,29|1;2,5;;;4,5
OLIIL|204,3820,29,29|1;1,4;3,5;;4,5
OLIIL|204,3820,3820,29|1;1,4;;3,5;4,5
OLIJI|102,57958,887,30583|;3,3;3,5;4;2,5
OLIJI|102,205414,240366,61166|;2,4;3,5;1,2,5;3,5
OLIJO|51,71,2188,204|0;1,2,5;3;4;0,5
OLIJS|51,71,2188,156|0;1,2,5;3;;1,5,4
OLIJS|51,1655,142,57|0;3,5;2,5;2;4
OLIJS|102,1910,142,57|;4;2,5;2;4
OLIJZ|51,71,2188,2973|0;1,2,5;3;2,0;1,2,4
OLILI|51,1655,1655,30583|0;3,5;;4;2,5
OLILI|51,70451,87927,30583|0;2;2,5;4,5;2,5
OLILI|51,70451,105403,48059|0;2;2,5,1;4,5;2,5
OLILI|102,3310,3310,61166|;1,3,5;;1,4;3,5
OLILI|102,18278,3310,61166|;;2,5;1,4;3,5
OLILI|102,281702,286071,30583|;3,4;2,5;3,5;2,5
OLILO|51,71,71,204|0;1,2,5;;1,3,5;0,5
OLILO|51,71,2188,153|0;1,2,5;3;2;
OLILO|51,71,2188,204|0;1,2,5;3;;0,5
OLILO|51,28979,28979,51|0;4;;1,3,5,2;1,5
OLILO|51,36403,36403,51|0;1;;4;1,5
OLILO|102,3310,29,51|;1,3,5;3,5;3,5;1,5
OLILO|204,29,29,51|1;2,5;;3,5;1,5
OLILO|204,3820,29,51|1;1,4;3,5;3,5;1,5
OLILO|204,36556,36556,204|1;1;;4;0,5
OLILT|51,71,2188,141|0;1,2,5;3;4;4
OLILT|51,70451,105403,27|0;2;2,5,1;1,5,3,5;1,5,4
OLILT|102,3310,29,141|;1,3,5;3,5;1,5;4
OLILT|204,29,29,141|1;2,5;;1,5;4
OLILT|204,3820,29,141|1;1,4;3,5;1,5;4
OLIOJ|51,71,2188,139|0;1,2,5;3;0,5;4
OLIOJ|51,3259,3259,955|0;3,5,1;;0,5;1,2,5
OLIOJ|51,18227,3259,955|0;;2,5;0,5;1,2,5
OLIOJ|204,1006,1006,3310|1;3,5;;1,5;2,0,5
OLIOL|51,71,71,887|0;1,2,5;;0,5;3,1,5
OLIOL|102,3310,29,3293|;1,3,5;3,5;1;3,5
OLIOL|204,29,29,3293|1;2,5;;1;3,5
OLIOL|204,3820,29,3293|1;1,4;3,5;1;3,5
OLISJ|51,1655,142,3310|0;3,5;2,5;1;2,0,5
OLISJ|51,70451,105403,955|0;2;2,5,1;2,5;1,2,5
OLISJ|102,1910,142,3310|;4;2,5;1;2,0,5
OLISL|51,71,2188,142|0;1,2,5;3;4;4
OLISL|204,36556,2525,3293|1;1;3,5;4;3,5
OLITL|51,71,2188,142|0;1,2,5;3;4;4
OLITT|51,1655,142,27|0;3,5;2,5;2;1,5,4
OLITT|102,1910,142,27|;4;2,5;2;1,5,4
OLIZJ|51,71,2188,3310|0;1,2,5;3;2;2,0,5
OLIZJ|51,28979,2491,955|0;4;2,5;4;1,2,5
OLIZJ|204,821452,825821,2525|1;1,3;2,5;1,4;2,5
OLIZL|102,36454,2423,887|;1;3,5;4;3,1,5
OLJII|51,57907,13107,30583|0;1,4;2,5;2,5;2,5
OLJII|51,57907,13107,48059|0;1,4;2,5;3,5;2,5
OLJII|51,70451,13107,30583|0;2;1,5;2,5;2,5
OLJII|51,70451,13107,48059|0;2;1,5;3,5;2,5
OLJII|102,205414,26214,30583|;2,4;1,2,5;3,5;2,5
OLJII|102,281702,26214,30583|;3,4;3,5;3,5;2,5
OLJII|204,821452,52428,56797|1;1,3;3,5,3;2,5;3,5
OLJII|204,821452,52428,61166|1;1,3;3,5,3;3,5;3,5
OLJIO|51,71,29767,204|0;1,2,5;3,3,5;2,5;0,5
OLJIO|51,70451,4471,153|0;2;1,5,2,5;2,1,5;
OLJIO|102,3310,8942,51|;1,3,5;3;3,5;1,5
OLJIO|102,281702,17527,204|;3,4;2,5,0,5;3,4,1,5;0,5
OLJIO|204,1006,35054,153|1;3,5;1,3;3,0,5;
OLJIS|51,71,5959,156|0;1,2,5;;2,5;1,5,4
OLJIS|51,1655,202615,57|0;3,5;2;3,5;4
OLJIS|204,821452,51374,3483|1;1,3;3,5;2,5;3,4
OLJIZ|51,71,12631,2973|0;1,2,5;2,0;3,5;1,2,4
OLJIZ|204,821452,823022,201|1;1,3;3,5,4;2,5;1,4
OLJJJ|51,57907,13107,955|0;1,4;2,5;1,3,5;1,2,5
OLJJJ|51,70451,4471,23|0;2;1,5,2,5;1,5,4;1,5,4
OLJJJ|51,70451,4539,955|0;2;1,5,3,5;1,5;1,2,5
OLJJJ|51,70451,13107,955|0;2;1,5;1,3,5;1,2,5
OLJJJ|102,3310,97518,3310|;1,3,5;;1,5,4;2,0,5
OLJJJ|102,3310,953582,3310|;1,3,5;1,4;2,5,3;2,0,5
OLJJJ|204,29,35037,2525|1;2,5;1,5,3;;2,5
OLJJJ|204,1006,35054,139|1;3,5;1,3;2,5;4
OLJJJ|204,1006,35054,3310|1;3,5;1,3;4;2,0,5
OLJJJ|204,821452,51660,3310|1;1,3;3,5,2,5;2,5,4,5,4;2,0,5
OLJJJ|204,821452,52428,3310|1;1,3;3,5,3;3,5;2,0,5
OLJJL|51,1655,61047,887|0;3,5;4;2,5;3,1,5
OLJJL|51,1655,202615,887|0;3,5;2;1,3,5,3;3,1,5
OLJJL|51,57907,13107,887|0;1,4;2,5;1,2,5;3,1,5
OLJJL|51,70451,4471,887|0;2;1,5,2,5;1,5;3,1,5
OLJJL|51,70451,4539,29|0;2;1,5,3,5;1,5,2,5;4,5
OLJJL|51,70451,4539,2491|0;2;1,5,3,5;1,5,4;1,3,5
OLJJL|51,70451,13107,887|0;2;1,5;1,2,5;3,1,5
OLJJL|204,29,5917,29|1;2,5;;1,5,4;4,5
OLJJL|204,29,35037,142|1;2,5;1,5,3;2,5;4
OLJJL|204,29,35037,3293|1;2,5;1,5,3;4;3,5
OLJJL|204,821452,52428,3293|1;1,3;3,5,3;2,5,0,5;3,5
OLJJL|204,821452,822237,3293|1;1,3;2,5,0,5;2,5,0,2;3,5
OLJLJ|51,3259,204219,955|0;3,5,1;2,0;3,5,1,3;1,2,5
OLJLJ|51,57907,13107,955|0;1,4;2,5;3,5,1,5;1,2,5
OLJLJ|51,70451,4539,23|0;2;1,5,3,5;1,5,3,5;1,5,4
OLJLJ|51,70451,4539,955|0;2;1,5,3,5;4,5;1,2,5
OLJLJ|51,70451,6963,23|0;2;1,5,4;1,5,3,5,4,5;1,5,4
OLJLJ|51,70451,13107,955|0;2;1,5;3,5,1,5;1,2,5
OLJLJ|204,29,5917,23|1;2,5;;1,5,3,5,3;1,5,4
OLJLJ|204,29,35037,139|1;2,5;1,5,3;3,5;4
OLJLJ|204,29,35037,2525|1;2,5;1,5,3;4;2,5
OLJLJ|204,1006,30702,3310|1;3,5;4;1,3,5;2,0,5
OLJLJ|204,1006,35054,3310|1;3,5;1,3;;2,0,5
OLJLJ|204,2012,96220,3548|1;4;;1,5,3,5;2,5,4
OLJLJ|204,821452,52428,3310|1;1,3;3,5,3;3,5;2,0,5
OLJLJ|204,821452,823022,3310|1;1,3;3,5,4;2,5,2;2,0,5
OLJLL|51,36403,14643,887|0;1;2;3,5,4,5,4;3,1,5
OLJLL|51,57907,13107,887|0;1,4;2,5;1,2,5;3,1,5
OLJLL|51,70451,4471,29|0;2;1,5,2,5;1,5,3,5;4,5
OLJLL|51,70451,4471,887|0;2;1,5,2,5;4,5;3,1,5
OLJLL|51,70451,4539,2491|0;2;1,5,3,5;1,5;1,3,5
OLJLL|51,70451,13107,887|0;2;1,5;1,2,5;3,1,5
OLJLL|204,29,1885,3293|1;2,5;4;1,3,5;3,5
OLJLL|204,29,5917,29|1;2,5;;1,5,3,5,2;4,5
OLJLL|204,29,35037,3293|1;2,5;1,5,3;;3,5
OLJLL|204,1006,35054,142|1;3,5;1,3;4;4
OLJLL|204,821452,52428,3293|1;1,3;3,5,3;2,5;3,5
OLJOI|51,70451,4471,30583|0;2;1,5,2,5;;2,5
OLJOI|102,3310,8942,61166|;1,3,5;3;1,5;3,5
OLJOI|102,281702,17527,30583|;3,4;2,5,0,5;0,5;2,5
OLJOI|204,1006,35054,61166|1;3,5;1,3;;3,5
OLJOO|51,57907,13107,51|0;1,4;2,5;1,5;1,5
OLJOO|51,70451,13107,51|0;2;1,5;1,5;1,5
OLJOO|204,3820,60,204|1;1,4;2,5;1,5;0,5
OLJOO|204,821452,52428,204|1;1,3;3,5,3;0,5;0,5
OLJSI|51,1655,202615,30583|0;3,5;2;4;2,5
OLJSI|204,821452,51374,61166|1;1,3;3,5;3,4;3,5
OLJSO|51,36403,14643,51|0;1;2;4;1,5
OLJSO|204,821452,51660,204|1;1,3;3,5,2,5;2,2;0,5
OLJST|51,70451,6963,27|0;2;1,5,4;1,5,3,4;1,5,4
OLJTI|51,1655,202615,30583|0;3,5;2;3,1,5,2;2,5
OLJTI|204,821452,823022,61166|1;1,3;3,5,4;2,0,5,3;3,5
OLJTJ|51,57907,13107,955|0;1,4;2,5;3,1,5;1,2,5
OLJTJ|51,70451,13107,955|0;2;1,5;3,1,5;1,2,5
OLJTJ|204,821452,52428,3310|1;1,3;3,5,3;3,5;2,0,5
OLJTL|51,57907,13107,887|0;1,4;2,5;1,2,5;3,1,5
OLJTL|51,70451,13107,887|0;2;1,5;1,2,5;3,1,5
OLJTL|204,821452,52428,3293|1;1,3;3,5,3;2,0,5;3,5
OLJTO|51,70451,6963,51|0;2;1,5,4;1,5,4;1,5
OLJTT|51,70451,4539,27|0;2;1,5,3,5;1,5,4;1,5,4
OLJTT|204,29,35037,141|1;2,5;1,5,3;4;4
OLJZI|51,71,12631,30583|0;1,2,5;2,0;1,5,2,4;2,5
OLJZI|204,821452,823022,61166|1;1,3;3,5,4;1,4;3,5
OLJZO|51,36403,14643,51|0;1;2;1,5,3,3;1,5
OLJZO|204,821452,51660,204|1;1,3;3,5,2,5;1,4;0,5
OLLII|51,1655,30583,30583|0;3,5;4;;2,5
OLLII|51,70451,13107,30583|0;2;4,5;2,5;2,5
OLLII|51,70451,13107,48059|0;2;4,5;3,5;2,5
OLLII|102,3310,61166,61166|;1,3,5;1,4;;3,5
OLLII|204,18380,52428,56797|1;;1,3,5;2,5;3,5
OLLII|204,18380,52428,61166|1;;1,3,5;3,5;3,5
OLLII|204,821452,52428,56797|1;1,3;2,5,2,5,4;2,5;3,5
OLLII|204,821452,52428,61166|1;1,3;2,5,2,5,4;3,5;3,5
OLLIO|51,71,204,204|0;1,2,5;1,3,5;;0,5
OLLIO|51,71,4471,153|0;1,2,5;2;2,1,5;
OLLIO|51,71,18247,204|0;1,2,5;;2,5;0,5
OLLIO|51,28979,51,51|0;4;1,3,5,2;;1,5
OLLIO|51,36403,51,51|0;1;4;;1,5
OLLIO|51,70451,4471,153|0;2;1,5,2,5;2,1,5;
OLLIO|204,29,51,51|1;2,5;3,5;;1,5
OLLIO|204,36556,204,204|1;1;4;;0,5
OLLIT|51,71,1879,141|0;1,2,5;4;2,5;4
OLLIT|51,70451,96115,27|0;2;1,5,3,5;2,5;1,5,4
OLLIT|102,3310,584942,141|;1,3,5;1;3,5;4
OLLIT|204,29,141,141|1;2,5;1,5;;4
OLLIT|204,3820,585452,141|1;1,4;1;3,5;4
OLLJJ|51,71,4471,23|0;1,2,5;2;1,5,4;1,5,4
OLLJJ|51,3259,4539,955|0;3,5,1;2;1,5;1,2,5
OLLJJ|51,3259,61115,955|0;3,5,1;1,4;2,5;1,2,5
OLLJJ|51,28979,51,139|0;4;1,3,5,2;1,3,5;4
OLLJJ|51,36403,51,139|0;1;4;1,3,5;4
OLLJJ|51,70451,4471,23|0;2;1,5,2,5;1,5,4;1,5,4
OLLJJ|51,70451,4539,955|0;2;1,5,3,5,1,5;1,5;1,2,5
OLLJJ|51,70451,13107,955|0;2;4,5;1,3,5;1,2,5
OLLJJ|204,29,51,139|1;2,5;3,5;1,3,5;4
OLLJJ|204,1006,822254,3310|1;3,5;3,1;2,5,0,2;2,0,5
OLLJJ|204,2012,51420,3548|1;4;1,3;2,5,0,3;2,5,4
OLLJJ|204,18380,52428,3310|1;;1,3,5;3,5;2,0,5
OLLJJ|204,821452,51420,3548|1;1,3;2,5,2,5;2,5,0,3;2,5,4
OLLJJ|204,821452,52428,3310|1;1,3;2,5,2,5,4;3,5;2,0,5
OLLJJ|204,821452,822254,3310|1;1,3;3,5;2,5,0,2;2,0,5
OLLJL|51,71,3687,887|0;1,2,5;1,4;2,5;3,1,5
OLLJL|51,71,4471,887|0;1,2,5;2;1,5;3,1,5
OLLJL|51,3259,4539,29|0;3,5,1;2;1,5,2,5;4,5
OLLJL|51,3259,4539,2491|0;3,5,1;2;1,5,4;1,3,5
OLLJL|51,70451,4471,887|0;2;1,5,2,5;1,5;3,1,5
OLLJL|51,70451,4539,29|0;2;1,5,3,5,1,5;1,5,2,5;4,5
OLLJL|51,70451,4539,2491|0;2;1,5,3,5,1,5;1,5,4;1,3,5
OLLJL|51,70451,13107,887|0;2;4,5;1,2,5;3,1,5
OLLJL|102,36454,102,887|;1;4;2,5;3,1,5
OLLJL|204,29,141,29|1;2,5;1,5;;4,5
OLLJL|204,29,51357,3293|1;2,5;1,5,3;2,5,0,2;3,5
OLLJL|204,18380,52428,3293|1;;1,3,5;2,5,0,5;3,5
OLLJL|204,821452,51357,3293|1;1,3;2,5;2,5,0,2;3,5
OLLJL|204,821452,52428,3293|1;1,3;2,5,2,5,4;2,5,0,5;3,5
OLLLJ|51,3259,4539,23|0;3,5,1;2;1,5,3,5;1,5,4
OLLLJ|51,3259,4539,955|0;3,5,1;2;4,5;1,2,5
OLLLJ|51,70451,4539,23|0;2;1,5,3,5,1,5;1,5,3,5;1,5,4
OLLLJ|51,70451,4539,955|0;2;1,5,3,5,1,5;4,5;1,2,5
OLLLJ|51,70451,13107,955|0;2;4,5;3,5,1,5;1,2,5
OLLLJ|102,3310,584942,3310|;1,3,5;1;4;2,0,5
OLLLJ|102,36454,102,3310|;1;4;1,3,5;2,0,5
OLLLJ|204,18380,52428,3310|1;;1,3,5;3,5;2,0,5
OLLLJ|204,821452,52428,3310|1;1,3;2,5,2,5,4;3,5;2,0,5
OLLLL|51,71,204,29|0;1,2,5;1,3,5;2,5;4,5
OLLLL|51,71,4471,29|0;1,2,5;2;1,5,3,5;4,5
OLLLL|51,71,4471,887|0;1,2,5;2;4,5;3,1,5
OLLLL|51,3259,4539,2491|0;3,5,1;2;1,5;1,3,5
OLLLL|51,70451,4471,29|0;2;1,5,2,5;1,5,3,5;4,5
OLLLL|51,70451,4471,887|0;2;1,5,2,5;4,5;3,1,5
OLLLL|51,70451,4539,2491|0;2;1,5,3,5,1,5;1,5;1,3,5
OLLLL|51,70451,13107,887|0;2;4,5;1,2,5;3,1,5
OLLLL|204,29,28957,113|1;2,5;3,5,3;1,3,5,3,5;1,3,5,2
OLLLL|204,18380,52428,3293|1;;1,3,5;2,5;3,5
OLLLL|204,36556,204,29|1;1;4;2,5;4,5
OLLLL|204,821452,52428,3293|1;1,3;2,5,2,5,4;2,5;3,5
OLLOI|51,71,4471,30583|0;1,2,5;2;;2,5
OLLOI|51,70451,4471,30583|0;2;1,5,2,5;;2,5
OLLOI|102,3310,208622,61166|;1,3,5;3;1,5;3,5
OLLOI|102,205414,208622,61166|;2,4;3,5,1,5;1,5;3,5
OLLOO|51,18227,52275,51|0;;1,3,5;0,5;1,5
OLLOO|51,70451,13107,51|0;2;4,5;1,5;1,5
OLLOO|204,18380,52428,204|1;;1,3,5;0,5;0,5
OLLOO|204,821452,52428,204|1;1,3;2,5,2,5,4;0,5;0,5
OLLOZ|204,29,51357,2973|1;2,5;1,5,3;0,5;1,2,4
OLLOZ|204,821452,51357,2973|1;1,3;2,5;0,5;1,2,4
OLLSI|204,1006,822254,61166|1;3,5;3,1;3,4;3,5
OLLSI|204,821452,822254,61166|1;1,3;3,5;3,4;3,5
OLLST|204,29,141,27|1;2,5;1,5;2;1,5,4
OLLTJ|51,1655,3303,23|0;3,5;1,3,5;2,0,5;1,5,4
OLLTJ|51,28979,51,139|0;4;1,3,5,2;3,1,5;4
OLLTJ|51,36403,51,139|0;1;4;3,1,5;4
OLLTJ|51,70451,13107,955|0;2;4,5;3,1,5;1,2,5
OLLTJ|102,1910,198,23|;4;1,3,5;2,0,5;1,5,4
OLLTJ|204,29,51,139|1;2,5;3,5;3,1,5;4
OLLTJ|204,18380,52428,3310|1;;1,3,5;3,5;2,0,5
OLLTJ|204,821452,52428,3310|1;1,3;2,5,2,5,4;3,5;2,0,5
OLLTL|51,71,204,29|0;1,2,5;1,3,5;2,0,5;4,5
OLLTL|51,70451,13107,887|0;2;4,5;1,2,5;3,1,5
OLLTL|204,18380,52428,3293|1;;1,3,5;2,0,5;3,5
OLLTL|204,36556,204,29|1;1;4;2,0,5;4,5
OLLTL|204,821452,52428,3293|1;1,3;2,5,2,5,4;2,0,5;3,5
OLLTO|204,2012,51420,204|1;4;1,3;3,5,3;0,5
OLLTO|204,821452,51420,204|1;1,3;2,5,2,5;3,5,3;0,5
OLLTT|51,3259,4539,27|0;3,5,1;2;1,5,4;1,5,4
OLLTT|51,70451,4539,27|0;2;1,5,3,5,1,5;1,5,4;1,5,4
OLLZO|51,28979,51507,51|0;4;1,3,5,2,3;1,4;1,5
OLLZO|51,70451,37683,51|0;2;1,5;4;1,5
OLLZO|204,29,51357,204|1;2,5;1,5,3;3,5,4;0,5
OLLZO|204,821452,51357,204|1;1,3;2,5;3,5,4;0,5
OLOIJ|51,71,887,139|0;1,2,5;0,5;3,5;4
OLOIJ|51,3259,955,955|0;3,5,1;0,5;;1,2,5
OLOIJ|51,18227,227123,955|0;;0,5;2,5;1,2,5
OLOIJ|102,281702,18278,3310|;3,4;0,5;2,5;2,0,5
OLOIJ|204,1006,3310,3310|1;3,5;1,5;;2,0,5
OLOIL|51,71,887,887|0;1,2,5;0,5;;3,1,5
OLOIL|102,3310,838894,3293|;1,3,5;1;2,5;3,5
OLOIL|204,29,3293,3293|1;2,5;1;;3,5
OLOIL|204,1006,3310,29|1;3,5;1,5;3,5;4,5
OLOIL|204,3820,839404,3293|1;1,4;1;2,5;3,5
OLOJI|51,71,887,30583|0;1,2,5;0,5;4;2,5
OLOJI|102,3310,838894,61166|;1,3,5;1;3,5;3,5
OLOJO|51,70451,275,51|0;2;1,5;1,5;1,5
OLOJO|51,70451,275,153|0;2;1,5;1,5,3;
OLOJO|102,3310,838894,204|;1,3,5;1;2,5,0,5;0,5
OLOJO|204,3820,839404,204|1;1,4;1;2,5,0,5;0,5
OLOJO|204,821452,3208,153|1;1,3;0,5;2,5,0,5;
OLOJO|204,821452,3208,204|1;1,3;0,5;3,5,3;0,5
OLOJT|51,70451,275,27|0;2;1,5;1,5,4;1,5,4
OLOJZ|204,821452,3208,201|1;1,3;0,5;3,5,2,5;1,4
OLOLI|102,3310,838894,61166|;1,3,5;1;3,5;3,5
OLOLI|204,1006,3310,61166|1;3,5;1,5;1,4;3,5
OLOLO|51,18227,227123,51|0;;0,5;3,1,5;1,5
OLOLO|51,70451,275,51|0;2;1,5;4,5;1,5
OLOLO|204,18380,227276,204|1;;0,5;3,1,5;0,5
OLOLO|204,821452,3208,204|1;1,3;0,5;2,5,3;0,5
OLOLS|51,70451,275,3483|0;2;1,5;1,5,3,1;3,4
OLOLS|204,821452,3208,3483|1;1,3;0,5;2,5;3,4
OLOLZ|51,70451,275,147|0;2;1,5;1,5;4
OLOLZ|204,821452,3208,201|1;1,3;0,5;2,5,2;1,4
OLOOJ|102,3310,1006,3310|;1,3,5;0,5;1,5;2,0,5
OLOOJ|102,3310,838894,3310|;1,3,5;1;0,5;2,0,5
OLOOJ|204,821452,3208,3310|1;1,3;0,5;0,5,1;2,0,5
OLOOL|51,70451,275,29|0;2;1,5;1,5;4,5
OLOSL|51,70451,275,887|0;2;1,5;2,5;3,1,5
OLOSL|204,29,3293,29|1;2,5;1;3;4,5
OLOTI|102,3310,838894,61166|;1,3,5;1;3,5;3,5
OLOTJ|51,70451,275,23|0;2;1,5;1,5,4;1,5,4
OLOZJ|51,3259,955,139|0;3,5,1;0,5;1,5,2;4
OLOZJ|51,70451,275,23|0;2;1,5;1,5,4;1,5,4
OLOZJ|102,3310,838894,3310|;1,3,5;1;3,5;2,0,5
OLSIJ|51,70451,227123,955|0;2;2,5;2,5;1,2,5
OLSIJ|102,3310,1774,23|;1,3,5;;3,5;1,5,4
OLSIL|51,71,1655,142|0;1,2,5;;2,5;4
OLSIL|204,36556,847564,3293|1;1;1;3,5;3,5
OLSJI|51,1655,812663,30583|0;3,5;1;2,0,5;2,5
OLSJI|102,3310,1774,61166|;1,3,5;;4;3,5
OLSJO|51,36403,847411,51|0;1;1;2,0,5;1,5
OLSJO|204,36556,847564,204|1;1;1;2,0,5;0,5
OLSJT|51,70451,4475,27|0;2;1,5,2,5;1,5,4;1,5,4
OLSLI|51,71,1655,30583|0;1,2,5;;4;2,5
OLSLI|204,1006,157678,61166|1;3,5;2;3,1,5;3,5
OLSLO|51,70451,227123,51|0;2;2,5;3,1,5;1,5
OLSLO|204,821452,51436,204|1;1,3;2,5,3;2,5,2;0,5
OLSLS|51,70451,4475,3483|0;2;1,5,2,5;1,5,3;3,4
OLSOL|204,29,4925,29|1;2,5;3;1,5;4,5
OLTIL|51,71,1895,142|0;1,2,5;4;2,5;4
OLTIL|51,70451,5939,2491|0;2;1,5,4;2,5;1,3,5
OLTIL|102,36454,11878,887|;1;;3,5;3,1,5
OLTIO|51,70451,4471,153|0;2;1,5,2,5;2,1,5;
OLTIS|204,821452,51374,3483|1;1,3;3,5;2,5;3,4
OLTIT|51,1655,79735,27|0;3,5;2;3,5;1,5,4
OLTJI|51,1655,321143,30583|0;3,5;1;2,0,5;2,5
OLTJI|102,3310,32494,61166|;1,3,5;4;4;3,5
OLTJJ|51,70451,4471,23|0;2;1,5,2,5;1,5,4;1,5,4
OLTJJ|51,70451,4539,955|0;2;1,5,3,1,5;1,5;1,2,5
OLTJL|51,70451,4471,887|0;2;1,5,2,5;1,5;3,1,5
OLTJL|51,70451,4539,29|0;2;1,5,3,1,5;1,5,2,5;4,5
OLTJL|51,70451,4539,2491|0;2;1,5,3,1,5;1,5,4;1,3,5
OLTJL|204,2012,36060,142|1;4;1,3;2,5,4;4
OLTJL|204,821452,51357,3293|1;1,3;2,0,5;2,5,0,2;3,5
OLTJO|51,70451,5939,51|0;2;1,5,4;1,5,4;1,5
OLTLJ|51,1655,79735,23|0;3,5;2;1,5,3,1,5;1,5,4
OLTLJ|51,36403,6963,23|0;1;2;1,5,3,5,4,5;1,5,4
OLTLJ|51,70451,4539,23|0;2;1,5,3,1,5;1,5,3,5;1,5,4
OLTLJ|51,70451,4539,955|0;2;1,5,3,1,5;4,5;1,2,5
OLTLJ|204,29,35997,139|1;2,5;1,5,3;3,5;4
OLTLJ|204,2012,36060,3548|1;4;1,3;4;2,5,4
OLTLL|51,71,4951,29|0;1,2,5;2,0;1,5,3,1,5;4,5
OLTLL|51,70451,4471,29|0;2;1,5,2,5;1,5,3,5;4,5
OLTLL|51,70451,4471,887|0;2;1,5,2,5;4,5;3,1,5
OLTLL|51,70451,4539,2491|0;2;1,5,3,1,5;1,5;1,3,5
OLTLL|102,3310,30,142|;1,3,5;2,0,5;1,5;4
OLTLL|204,2012,36060,142|1;4;1,3;3,5;4
OLTLO|204,821452,51436,204|1;1,3;3,5,3,5;2,5,2;0,5
OLTOI|51,70451,4471,30583|0;2;1,5,2,5;;2,5
OLTOI|102,3310,147182,61166|;1,3,5;3;1,5;3,5
OLTOZ|204,29,35997,2973|1;2,5;1,5,3;0,5;1,2,4
OLTOZ|204,821452,51357,2973|1;1,3;2,0,5;0,5;1,2,4
OLTSI|204,821452,51374,61166|1;1,3;3,5;3,4;3,5
OLTSJ|204,29,77,23|1;2,5;1,5;2;1,5,4
OLTSS|204,2012,36060,156|1;4;1,3;3;1,5,4
OLTST|51,36403,6963,27|0;1;2;1,5,3,4;1,5,4
OLTTI|51,1655,79735,30583|0;3,5;2;1,5,4;2,5
OLTTL|204,29,39,142|1;2,5;2,5;3,1,5;4
OLTTL|204,29,35997,142|1;2,5;1,5,3;3,5,4;4
OLTTO|51,36403,6963,51|0;1;2;1,5,4;1,5
OLTTO|204,36556,7116,204|1;1;2;1,5,4;0,5
OLTTT|51,70451,4539,27|0;2;1,5,3,1,5;1,5,4;1,5,4
OLTZI|51,1655,79735,30583|0;3,5;2;4;2,5
OLTZO|204,821452,51357,204|1;1,3;2,0,5;3,5,4;0,5
OLTZT|204,29,35997,141|1;2,5;1,5,3;2,0,2;4
OLZIJ|51,71,18023,3310|0;1,2,5;2;3,5,3,3,5;2,0,5
OLZIJ|102,281702,18038,3310|;3,4;3,5;3,3,5,3,5;2,0,5
OLZIJ|204,1006,1774,23|1;3,5;4;3,5;1,5,4
OLZIL|51,70451,5939,2491|0;2;1,5,4;2,5;1,3,5
OLZIL|204,821452,839404,3293|1;1,3;3,5,4;2,5;3,5
OLZJI|51,71,18023,30583|0;1,2,5;2;2,0,5;2,5
OLZJI|204,1006,1774,61166|1;3,5;4;4;3,5
OLZJO|51,70451,5939,51|0;2;1,5,4;1,5,4;1,5
OLZJO|102,3310,46,51|;1,3,5;3,5;2,5;1,5
OLZJO|204,821452,839404,204|1;1,3;3,5,4;2,5,0,5;0,5
OLZLO|204,29,71,204|1;2,5;2;1,3,5;0,5
OLZOJ|102,3310,46,3310|;1,3,5;3,5;1,5;2,0,5
OLZOL|204,29,71,887|1;2,5;2;0,5;3,1,5
OLZSL|51,70451,4535,887|0;2;1,5,3,5;2,5;3,1,5
OLZTJ|51,70451,4535,23|0;2;1,5,3,5;1,5,4;1,5,4
OLZTT|204,29,893,141|1;2,5;;3,1,5;4
OOIII|51,13107,13107,30583|0;0;;2,5;2,5
OOIII|51,13107,13107,48059|0;0;;3,5;2,5
OOIII|51,13107,30583,30583|0;0;2,5;;2,5
OOIII|51,13107,48059,48059|0;0;3,5;;2,5
OOIII|102,26214,26214,30583|;;;3,5;2,5
OOIII|102,26214,30583,30583|;;3,5;;2,5
OOIII|204,52428,52428,56797|1;1;;2,5;3,5
OOIII|204,52428,52428,61166|1;1;;3,5;3,5
OOIII|204,52428,56797,56797|1;1;2,5;;3,5
OOIII|204,52428,61166,61166|1;1;3,5;;3,5
OOIJJ|51,13107,13107,955|0;0;;1,3,5;1,2,5
OOIJJ|51,26163,61115,955|0;;3,3,5,2,5;2,5;1,2,5
OOIJJ|102,13158,48110,3310|;0;3,5;1,2,5;2,0,5
OOIJJ|204,52428,52428,3310|1;1;;3,5;2,0,5
OOIJL|51,13107,13107,887|0;0;;1,2,5;3,1,5
OOIJL|204,52428,52428,3293|1;1;;2,5,0,5;3,5
OOILJ|51,13107,13107,955|0;0;;3,5,1,5;1,2,5
OOILJ|204,52428,52428,3310|1;1;;3,5;2,0,5
OOILL|51,13107,13107,887|0;0;;1,2,5;3,1,5
OOILL|102,52326,56695,887|;1;2,5;3,5;3,1,5
OOILL|204,26316,30685,3293|1;;3,5;1,3,5;3,5
OOILL|204,52428,52428,3293|1;1;;2,5;3,5
OOIOO|51,13107,13107,51|0;0;;1,5;1,5
OOIOO|204,52428,52428,204|1;1;;0,5;0,5
OOITJ|51,13107,13107,955|0;0;;3,1,5;1,2,5
OOITJ|204,52428,52428,3310|1;1;;3,5;2,0,5
OOITL|51,13107,13107,887|0;0;;1,2,5;3,1,5
OOITL|204,52428,52428,3293|1;1;;2,0,5;3,5
OOJIJ|51,13107,887,139|0;0;1,2,5;3,5;4
OOJIJ|51,13107,955,955|0;0;1,3,5;;1,2,5
OOJIJ|51,26163,227123,955|0;;2,5;2,5;1,2,5
OOJIJ|204,52428,3310,3310|1;1;3,5;;2,0,5
OOJIL|51,13107,887,887|0;0;1,2,5;;3,1,5
OOJIL|102,52326,11878,887|;1;3,5;3,5;3,1,5
OOJIL|204,52428,3293,3293|1;1;2,5,0,5;;3,5
OOJIL|204,52428,3310,29|1;1;3,5;3,5;4,5
OOJJI|51,13107,887,30583|0;0;1,2,5;4;2,5
OOJLI|204,52428,3310,61166|1;1;3,5;1,4;3,5
OOJLO|51,26163,227123,51|0;;2,5;3,1,5;1,5
OOJLO|204,26316,227276,204|1;;2,5;3,1,5;0,5
OOJOL|102,52326,3191,887|;1;2,5,0,5;0,5;3,1,5
OOJSL|204,52428,3293,29|1;1;2,5,0,5;3;4,5
OOJZJ|51,13107,955,139|0;0;1,3,5;1,5,2;4
OOLIJ|51,13107,887,139|0;0;1,2,5;3,5;4
OOLIJ|51,13107,955,955|0;0;3,5,1,5;;1,2,5
OOLIJ|102,13158,18278,3310|;0;1,2,5;2,5;2,0,5
OOLIJ|204,52428,3310,3310|1;1;3,5;;2,0,5
OOLIL|51,13107,887,887|0;0;1,2,5;;3,1,5
OOLIL|204,26316,847564,3293|1;;1,3,5;3,5;3,5
OOLIL|204,52428,3293,3293|1;1;2,5;;3,5
OOLIL|204,52428,3310,29|1;1;3,5;3,5;4,5
OOLJI|51,13107,887,30583|0;0;1,2,5;4;2,5
OOLJO|51,26163,847411,51|0;;1,3,5;2,0,5;1,5
OOLJO|204,26316,847564,204|1;;1,3,5;2,0,5;0,5
OOLLI|204,52428,3310,61166|1;1;3,5;1,4;3,5
OOLOJ|102,13158,1006,3310|;0;3,5,1,5;1,5;2,0,5
OOLSL|204,52428,3293,29|1;1;2,5;3;4,5
OOLZJ|51,13107,955,139|0;0;3,5,1,5;1,5,2;4
OOOIO|51,13107,51,51|0;0;1,5;;1,5
OOOIO|204,52428,204,204|1;1;0,5;;0,5
OOOJJ|51,13107,51,139|0;0;1,5;1,3,5;4
OOOJL|102,13158,102,887|;0;1,5;2,5;3,1,5
OOOJL|102,52326,102,887|;1;0,5;2,5;3,1,5
OOOLJ|102,13158,102,3310|;0;1,5;1,3,5;2,0,5
OOOLJ|102,52326,102,3310|;1;0,5;1,3,5;2,0,5
OOOLL|204,52428,204,29|1;1;0,5;2,5;4,5
OOOTJ|51,13107,51,139|0;0;1,5;3,1,5;4
OOOTL|204,52428,204,29|1;1;0,5;2,0,5;4,5
OOSTJ|51,13107,891,139|0;0;3,1,5;3,1,5;4
OOTIJ|51,13107,887,139|0;0;1,2,5;3,5;4
OOTIJ|51,13107,955,955|0;0;3,1,5;;1,2,5
OOTIJ|102,13158,18278,3310|;0;1,2,5;2,5;2,0,5
OOTIJ|204,52428,3310,3310|1;1;3,5;;2,0,5
OOTIL|51,13107,887,887|0;0;1,2,5;;3,1,5
OOTIL|102,52326,11878,887|;1;3,5;3,5;3,1,5
OOTIL|204,52428,3293,3293|1;1;2,0,5;;3,5
OOTIL|204,52428,3310,29|1;1;3,5;3,5;4,5
OOTJI|51,13107,887,30583|0;0;1,2,5;4;2,5
OOTLI|204,52428,3310,61166|1;1;3,5;1,4;3,5
OOTSL|204,52428,3293,29|1;1;2,0,5;3;4,5
OOTZJ|51,13107,955,139|0;0;3,1,5;1,5,2;4
OOZTL|204,52428,3309,29|1;1;3,5;2,0,5;4,5
OSIJJ|51,9843,2795,955|0;2;3,3,5,2,5;2,5;1,2,5
OSIJL|204,108,4477,29|1;;3;1,5,4;4,5
OSILL|102,19686,1495,887|;1,2;2,5;3,5;3,1,5
OSILL|204,30,30,142|1;2;;1,5;4
OSITI|102,50790,55159,30583|;1;3,5;4;2,5
OSITJ|204,108,4477,2525|1;;3;1,5,3;2,5
OSJIJ|51,9843,210803,955|0;2;2,5;3,5;1,2,5
OSJIL|102,19686,9958,887|;1,2;3,5;3,5;3,1,5
OSJIL|102,50790,1910,142|;1;2,0,5;2,5;4
OSJIL|204,108,3820,29|1;;4;3,5;4,5
OSJJO|204,30,46,51|1;2;1,5;2,5;1,5
OSJLO|51,9843,210803,51|0;2;2,5;3,5,1,5;1,5
OSJLO|102,19686,71,204|;1,2;2,5,0,5;1,3,5;0,5
OSJOJ|204,30,46,3310|1;2;1,5;1,5;2,0,5
OSJOL|102,19686,71,887|;1,2;2,5,0,5;0,5;3,1,5
OSJTL|204,30,35038,142|1;2;1,5,3;4;4
OSJTT|204,108,893,141|1;;2,5;3,1,5;4
OSJZJ|204,30,35038,3310|1;2;1,5,3;3;2,0,5
OSLIL|204,30,142,142|1;2;1,5;;4
OSLJO|51,9843,3811,51|0;2;3,1,5;2,5;1,5
OSLJS|204,30,142,57|1;2;1,5;2;4
OSLJT|51,75,4475,27|0;3,1,5;2;1,5,4;1,5,4
OSLLO|204,108,1916,204|1;;4;1,3,5;0,5
OSLLO|204,108,51436,204|1;;1,3;2,5,2;0,5
OSLLS|51,75,4475,3483|0;3,1,5;2;1,5,3;3,4
OSLLS|51,75,51403,3483|0;3,1,5;1,3;2,5;3,4
OSLSJ|204,30,142,3310|1;2;1,5;1;2,0,5
OSLTT|204,30,142,27|1;2;1,5;2;1,5,4
OSOLJ|204,30,1662,3310|1;2;;1,3,5;2,0,5
OSOTJ|51,75,891,139|0;3,1,5;0,5;3,1,5;4
OSSII|102,50790,26214,30583|;1;;3,5;2,5
OSTIJ|204,108,36076,2525|1;;1,3;2,5;2,5
OSTIL|51,50739,5939,2491|0;1;2,0,5;2,5;1,3,5
OSTJO|51,50739,5939,51|0;1;2,0,5;1,5,4;1,5
OSTJO|204,50892,6092,204|1;3,4,1,2;2,0,5;1,5,4;0,5
OSTJT|204,108,36076,141|1;;1,3;2,0,5;4
OSTOJ|51,75,36043,139|0;3,1,5;1,3;0,5;4
OSTTJ|204,30,78,23|1;2;1,5;2,0,5;1,5,4
OSTTS|204,108,4988,156|1;;2;1,5,3,1,5;1,5,4
OSTTS|204,108,36076,156|1;;1,3;2,0,5;1,5,4
OSTZL|204,30,35998,142|1;2;1,5,3;2,0,2;4
OSZJL|102,19686,102,887|;1,2;3,5;2,5;3,1,5
OSZLJ|102,19686,102,3310|;1,2;3,5;1,3,5;2,0,5
OSZTJ|51,50739,3303,23|0;1;3,5,4;2,0,5;1,5,4
OSZTL|204,30,894,142|1;2;;3,1,5;4
OTIIJ|51,139,139,139|0;3,1,5;;;4
OTIIJ|204,575692,580061,139|1;1,3;2,5;3,5;4
OTIIJ|204,575692,584430,139|1;1,3;3,5;3,5;4
OTIIL|51,78131,95607,29|0;2;2,5;2,5;4,5
OTIIL|51,78131,113083,29|0;2;3,5;2,5;4,5
OTIIL|204,29,29,29|1;2,0,5;;;4,5
OTIIT|102,10086,2798,27|;;2,5;3,5;1,5,4
OTIIT|102,20070,1399,141|;1;3,5;3,5;4
OTIIT|102,29286,2798,27|;4;2,5;3,5;1,5,4
OTIIT|102,58470,1399,141|;1,4;3,5;3,5;4
OTIJI|102,143974,178926,61166|;4,2;3,5;1,2,5;3,5
OTIJO|51,71,2188,204|0;1,2,5;3;4;0,5
OTIJO|51,139,139,204|0;3,1,5;;3,4,5;0,5
OTIJO|204,46,46,51|1;3,5;;2,5;1,5
OTIJO|204,46,275,51|1;3,5;3;1,5;1,5
OTIJO|204,46,275,153|1;3,5;3;1,5,3;
OTIJS|51,71,2188,156|0;1,2,5;3;;1,5,4
OTIJT|51,139,139,27|0;3,1,5;;;1,5,4
OTIJT|204,46,275,27|1;3,5;3;1,5,4;1,5,4
OTIJZ|51,71,2188,2973|0;1,2,5;3;2,0;1,2,4
OTILI|102,312422,316791,30583|;3,4;2,5;3,5;2,5
OTILO|51,71,71,204|0;1,2,5;;1,3,5;0,5
OTILO|51,71,2188,153|0;1,2,5;3;2;
OTILO|51,71,2188,204|0;1,2,5;3;;0,5
OTILO|204,29,29,51|1;2,0,5;;3,5;1,5
OTILO|204,46,275,51|1;3,5;3;4,5;1,5
OTILS|204,46,275,3483|1;3,5;3;1,5,3,1;3,4
OTILT|51,71,2188,141|0;1,2,5;3;4;4
OTILT|204,29,29,141|1;2,0,5;;1,5;4
OTILZ|204,46,275,147|1;3,5;3;1,5;4
OTIOJ|51,71,2188,139|0;1,2,5;3;0,5;4
OTIOJ|51,139,139,955|0;3,1,5;;0;1,2,5
OTIOJ|204,46,46,3310|1;3,5;;1,5;2,0,5
OTIOL|51,71,71,887|0;1,2,5;;0,5;3,1,5
OTIOL|204,29,29,3293|1;2,0,5;;1;3,5
OTIOL|204,46,275,29|1;3,5;3;1,5;4,5
OTISL|51,71,2188,142|0;1,2,5;3;4;4
OTISL|204,46,275,887|1;3,5;3;2,5;3,1,5
OTITI|102,10086,2798,61166|;;2,5;4;3,5
OTITI|102,20070,1399,30583|;1;3,5;4;2,5
OTITI|102,29286,2798,61166|;4;2,5;4;3,5
OTITI|102,58470,1399,30583|;1,4;3,5;4;2,5
OTITJ|204,46,275,23|1;3,5;3;1,5,4;1,5,4
OTITJ|204,575692,580061,2525|1;1,3;2,5;4;2,5
OTITL|51,71,2188,142|0;1,2,5;3;4;4
OTITL|51,78131,113083,2491|0;2;3,5;1,5,4;1,3,5
OTITT|51,18035,3307,27|0;3;3,3,5,3,5;2,0,5;1,5,4
OTITT|204,9964,893,141|1;2;3,5;3,1,5;4
OTIZJ|51,71,2188,3310|0;1,2,5;3;2;2,0,5
OTIZJ|204,46,275,23|1;3,5;3;1,5,4;1,5,4
OTJIL|102,20070,1910,142|;1;2,0,5;2,5;4
OTJIL|102,29286,57958,887|;4;4;3,5;3,1,5
OTJIL|204,2028,3820,29|1;4;4;3,5;4,5
OTJIO|51,71,29767,204|0;1,2,5;3,3,5;2,5;0,5
OTJIO|51,139,204,204|0;3,1,5;3,4,5;;0,5
OTJIO|204,46,51,51|1;3,5;2,5;;1,5
OTJIO|204,46,11822,51|1;3,5;1;3,5;1,5
OTJIO|204,46,35054,153|1;3,5;1,3;3,0,5;
OTJIS|51,71,5959,156|0;1,2,5;;2,5;1,5,4
OTJIT|51,139,27,27|0;3,1,5;;;1,5,4
OTJIT|204,46,3758,27|1;3,5;1,4;3,5;1,5,4
OTJIT|204,575692,577262,141|1;1,3;3,5,4;2,5;4
OTJIZ|51,71,12631,2973|0;1,2,5;2,0;3,5;1,2,4
OTJJJ|51,139,59531,232|0;3,1,5;3,4,5,2;2,5,2,5;2,5,3
OTJJJ|102,36070,135,23|;1,3;2,0,5;;1,5,4
OTJJJ|204,29,35037,2525|1;2,0,5;1,5,3;;2,5
OTJJJ|204,46,51,139|1;3,5;2,5;1,3,5;4
OTJJJ|204,46,35054,139|1;3,5;1,3;2,5;4
OTJJJ|204,46,35054,3310|1;3,5;1,3;4;2,0,5
OTJJJ|204,575692,36014,139|1;1,3;3,5;2,0,5;4
OTJJL|51,78131,5019,29|0;2;1,5,3,5;1,5,2,5;4,5
OTJJL|204,29,5917,29|1;2,0,5;;1,5,4;4,5
OTJJL|204,29,35037,142|1;2,0,5;1,5,3;2,5;4
OTJJL|204,29,35037,3293|1;2,0,5;1,5,3;4;3,5
OTJJL|204,575692,577262,142|1;1,3;3,5,4;2,0,5;4
OTJJO|51,3699,12659,51|0;4;2;1,3,5,3;1,5
OTJLJ|51,139,27,139|0;3,1,5;;1,5;4
OTJLJ|51,139,12699,955|0;3,1,5;2;3,5,1,3;1,2,5
OTJLJ|204,29,5917,23|1;2,0,5;;1,5,3,5,3;1,5,4
OTJLJ|204,29,35037,139|1;2,0,5;1,5,3;3,5;4
OTJLJ|204,29,35037,2525|1;2,0,5;1,5,3;4;2,5
OTJLJ|204,46,1902,3310|1;3,5;4;1,3,5;2,0,5
OTJLJ|204,46,35054,3310|1;3,5;1,3;;2,0,5
OTJLL|51,139,204,29|0;3,1,5;3,4,5;2,5;4,5
OTJLL|204,29,1885,3293|1;2,0,5;4;1,3,5;3,5
OTJLL|204,29,5917,29|1;2,0,5;;1,5,3,5,2;4,5
OTJLL|204,29,35037,3293|1;2,0,5;1,5,3;;3,5
OTJLL|204,46,35054,142|1;3,5;1,3;4;4
OTJOI|102,312422,313207,30583|;3,4;2,5,0,5;0,5;2,5
OTJOI|204,46,35054,61166|1;3,5;1,3;;3,5
OTJOS|51,139,12699,3483|0;3,1,5;2;1,5;3,4
OTJOS|51,78131,5019,3483|0;2;1,5,3,5;1,5;3,4
OTJSI|204,575692,577262,61166|1;1,3;3,5,4;4;3,5
OTJSO|51,139,12699,51|0;3,1,5;2;1,2,5,4;1,5
OTJST|51,78131,5019,27|0;2;1,5,3,5;2,5,2;1,5,4
OTJTI|204,575692,577262,61166|1;1,3;3,5,4;4;3,5
OTJTJ|51,78131,5019,23|0;2;1,5,3,5;1,5,2,5,4;1,5,4
OTJTJ|204,46,51,139|1;3,5;2,5;3,1,5;4
OTJTL|51,139,204,29|0;3,1,5;3,4,5;2,0,5;4,5
OTJTT|204,29,35037,141|1;2,0,5;1,5,3;4;4
OTJZI|51,71,12631,30583|0;1,2,5;2,0;1,5,2,4;2,5
OTJZT|51,139,27,141|0;3,1,5;;1,3;4
OTLIJ|51,3699,1907,139|0;4;4;2,5;4
OTLIJ|102,10086,3814,23|;;3,1,5;3,5;1,5,4
OTLIJ|102,58470,29798,3310|;1,4;4;2,5;2,0,5
OTLIO|51,71,204,204|0;1,2,5;1,3,5;;0,5
OTLIO|51,71,4471,153|0;1,2,5;2;2,1,5;
OTLIO|51,71,18247,204|0;1,2,5;;2,5;0,5
OTLIO|204,29,51,51|1;2,0,5;3,5;;1,5
OTLIO|204,46,57902,51|1;3,5;1,2,2,5;3,5;1,5
OTLIS|204,46,51374,3483|1;3,5;3,1;2,5;3,4
OTLIT|51,71,1879,141|0;1,2,5;4;2,5;4
OTLIT|51,78131,79735,27|0;2;1,5,2,5,4;3,5;1,5,4
OTLIT|204,29,141,141|1;2,0,5;1,5;;4
OTLIZ|204,46,36398,147|1;3,5;1;3,5;4
OTLJJ|51,71,4471,23|0;1,2,5;2;1,5,4;1,5,4
OTLJJ|51,139,3755,955|0;3,1,5;4,1;2,5;1,2,5
OTLJJ|51,139,4539,955|0;3,1,5;2;1,5;1,2,5
OTLJJ|51,139,36491,139|0;3,1,5;4,1,4;2,5,3;4
OTLJJ|204,29,51,139|1;2,0,5;3,5;1,3,5;4
OTLJL|51,71,3687,887|0;1,2,5;1,4;2,5;3,1,5
OTLJL|51,71,4471,887|0;1,2,5;2;1,5;3,1,5
OTLJL|51,139,4539,29|0;3,1,5;2;1,5,2,5;4,5
OTLJL|51,139,4539,2491|0;3,1,5;2;1,5,4;1,3,5
OTLJL|51,139,36491,142|0;3,1,5;4,1,4;2,5,2;4
OTLJL|204,29,141,29|1;2,0,5;1,5;;4,5
OTLJL|204,29,51357,3293|1;2,0,5;1,5,3;2,5,0,2;3,5
OTLLJ|51,139,4539,23|0;3,1,5;2;1,5,3,5;1,5,4
OTLLJ|51,139,4539,955|0;3,1,5;2;4,5;1,2,5
OTLLJ|51,139,36491,139|0;3,1,5;4,1,4;4;4
OTLLJ|51,78131,79735,23|0;2;1,5,2,5,4;1,5,3,1,5;1,5,4
OTLLJ|204,575692,35997,139|1;1,3;2,5;3,5;4
OTLLL|51,71,204,29|0;1,2,5;1,3,5;2,5;4,5
OTLLL|51,71,4471,29|0;1,2,5;2;1,5,3,5;4,5
OTLLL|51,71,4471,887|0;1,2,5;2;4,5;3,1,5
OTLLL|51,139,4539,2491|0;3,1,5;2;1,5;1,3,5
OTLLL|51,78131,4951,29|0;2;1,5,2,5;1,5,3,1,5;4,5
OTLLL|102,4982,30,142|;2;1,5,3,1,5;1,5;4
OTLLL|204,29,28957,113|1;2,0,5;3,5,3;1,3,5,3,5;1,3,5,2
OTLLO|204,2028,51436,204|1;4;1,3;2,5,2;0,5
OTLOI|51,71,4471,30583|0;1,2,5;2;;2,5
OTLOI|102,143974,147182,61166|;4,2;3,5,1,5;1,5;3,5
OTLOZ|204,29,51357,2973|1;2,0,5;1,5,3;0,5;1,2,4
OTLOZ|204,575692,35997,2973|1;1,3;2,5;0,5;1,2,4
OTLSI|204,46,51374,61166|1;3,5;3,1;3,4;3,5
OTLST|204,29,141,27|1;2,0,5;1,5;2;1,5,4
OTLTI|51,78131,79735,30583|0;2;1,5,2,5,4;1,5,4;2,5
OTLTJ|204,29,51,139|1;2,0,5;3,5;3,1,5;4
OTLTL|51,71,204,29|0;1,2,5;1,3,5;2,0,5;4,5
OTLTL|204,575692,35997,142|1;1,3;2,5;3,5,4;4
OTLTT|51,139,4539,27|0;3,1,5;2;1,5,4;1,5,4
OTLZI|51,78131,79735,30583|0;2;1,5,2,5,4;4;2,5
OTLZO|204,29,51357,204|1;2,0,5;1,5,3;3,5,4;0,5
OTLZT|204,575692,35997,141|1;1,3;2,5;2,0,2;4
OTOIJ|51,71,887,139|0;1,2,5;0,5;3,5;4
OTOIJ|51,139,955,955|0;3,1,5;0;;1,2,5
OTOIJ|102,312422,18278,3310|;3,4;0,5;2,5;2,0,5
OTOIJ|204,46,3310,3310|1;3,5;1,5;;2,0,5
OTOIL|51,71,887,887|0;1,2,5;0,5;;3,1,5
OTOIL|102,143974,11878,887|;4,2;1,5;3,5;3,1,5
OTOIL|204,29,3293,3293|1;2,0,5;1;;3,5
OTOIL|204,46,3310,29|1;3,5;1,5;3,5;4,5
OTOJI|51,71,887,30583|0;1,2,5;0,5;4;2,5
OTOJT|204,575692,2248,141|1;1,3;0,5;2,5,0,3;4
OTOLI|204,46,3310,61166|1;3,5;1,5;1,4;3,5
OTOLT|51,78131,305,27|0;2;1,5;1,5,3,5,1,2;1,5,4
OTOOJ|204,575692,2248,139|1;1,3;0,5;0,5;4
OTOOL|51,78131,305,29|0;2;1,5;1,5;4,5
OTOSJ|51,78131,305,23|0;2;1,5;2,5,2;1,5,4
OTOSJ|204,575692,2248,232|1;1,3;0,5;4;2,5,3
OTOSL|204,29,3293,29|1;2,0,5;1;3;4,5
OTOTJ|51,78131,305,23|0;2;1,5;1,5,3,1,5,2;1,5,4
OTOTJ|204,575692,2248,232|1;1,3;0,5;4;2,5,3
OTOTL|51,78131,305,113|0;2;1,5;1,5,4;1,3,5,2
OTOTL|204,575692,2248,142|1;1,3;0,5;2,0,5,3;4
OTOTO|51,78131,305,153|0;2;1,5;1,5,3,1,5;
OTOTO|204,575692,2248,153|1;1,3;0,5;2,0,5;
OTOZJ|51,139,955,139|0;3,1,5;0;1,5,2;4
OTOZL|51,78131,305,113|0;2;1,5;4;1,3,5,2
OTOZL|204,575692,2248,142|1;1,3;0,5;3,5,3;4
OTSIJ|102,36070,3814,23|;1,3;4;3,5;1,5,4
OTSIJ|204,575692,36076,2525|1;1,3;2,5,3;2,5;2,5
OTSIJ|204,575692,59596,2525|1;1,3;4;3,5;2,5
OTSIL|51,71,1655,142|0;1,2,5;;2,5;4
OTSIL|51,78131,5939,2491|0;2;2,5,2;2,5;1,3,5
OTSIL|204,46,9838,887|1;3,5;2;3,5;3,1,5
OTSJO|51,139,46,51|0;3,1,5;2;2,5;1,5
OTSJO|51,78131,5939,51|0;2;2,5,2;1,5,4;1,5
OTSJO|204,575692,59596,204|1;1,3;4;2,5,3;0,5
OTSJT|204,575692,36076,141|1;1,3;2,5,3;2,0,5;4
OTSLI|51,71,1655,30583|0;1,2,5;;4;2,5
OTSLI|204,46,9838,61166|1;3,5;2;3,1,5;3,5
OTSOJ|51,139,46,3310|0;3,1,5;2;1,5;2,0,5
OTSOL|204,29,4925,29|1;2,0,5;3;1,5;4,5
OTSTJ|204,20172,78,23|1;1;3;2,0,5;1,5,4
OTSTS|204,575692,36076,156|1;1,3;2,5,3;2,0,5;1,5,4
OTSTT|51,139,3307,27|0;3,1,5;1;2,0,5;1,5,4
OTSZL|204,575692,35998,142|1;1,3;2,5;2,0,2;4
OTTII|102,143974,26214,30583|;4,2;1,2,5;3,5;2,5
OTTII|102,312422,26214,30583|;3,4;3,5;3,5;2,5
OTTIJ|102,36070,3814,23|;1,3;4;3,5;1,5,4
OTTIJ|204,46,3694,23|1;3,5;4;3,5;1,5,4
OTTIJ|204,2028,36076,2525|1;4;1,3;2,5;2,5
OTTIJ|204,10188,36556,2525|1;;3,1,5;3,5;2,5
OTTIJ|204,575692,36076,2525|1;1,3;3,5,4,2;2,5;2,5
OTTIJ|204,575692,36556,2525|1;1,3;3,5,4,3;3,5;2,5
OTTIJ|204,575692,59596,2525|1;1,3;4;3,5;2,5
OTTIL|51,71,1895,142|0;1,2,5;4;2,5;4
OTTIL|51,3699,4979,2491|0;4;2;3,5;1,3,5
OTTIL|51,20019,5939,2491|0;1;2,0,5;2,5;1,3,5
OTTIL|51,78131,4979,2491|0;2;1,5,2,5,4,3;3,5;1,3,5
OTTIL|51,78131,5939,2491|0;2;1,5,2,5,4,2;2,5;1,3,5
OTTIL|51,78131,28979,2491|0;2;1,5,4;2,5;1,3,5
OTTIL|102,4982,1910,142|;2;1,5,4;2,5;4
OTTIT|51,18035,96115,27|0;3;2,0,5;2,5;1,5,4
OTTIT|51,78131,96115,27|0;2;1,5,2,5,4;2,5;1,5,4
OTTIT|204,9964,585452,141|1;2;3,1,5;3,5;4
OTTIT|204,575692,585452,141|1;1,3;3,5,4;3,5;4
OTTJJ|204,46,36014,139|1;3,5;3,1;2,0,5;4
OTTJJ|204,575692,36014,139|1;1,3;3,5;2,0,5;4
OTTJL|51,139,5019,29|0;3,1,5;2;1,5,2,5;4,5
OTTJL|51,78131,5019,29|0;2;1,5,3,1,5;1,5,2,5;4,5
OTTJO|51,20019,5939,51|0;1;2,0,5;1,5,4;1,5
OTTJO|51,78131,5939,51|0;2;1,5,2,5,4,2;1,5,4;1,5
OTTJO|204,20172,6092,204|1;1;2,0,5;1,5,4;0,5
OTTJO|204,575692,59596,204|1;1,3;4;2,5,3;0,5
OTTJT|204,2028,36076,141|1;4;1,3;2,0,5;4
OTTJT|204,575692,36076,141|1;1,3;3,5,4,2;2,0,5;4
OTTLJ|204,29,35997,139|1;2,0,5;1,5,3;3,5;4
OTTLJ|204,575692,35997,139|1;1,3;2,0,5;3,5;4
OTTLL|51,71,4951,29|0;1,2,5;2,0;1,5,3,1,5;4,5
OTTLL|51,78131,4951,29|0;2;1,5,2,5;1,5,3,1,5;4,5
OTTLO|51,10035,36403,51|0;;3,1,5;4;1,5
OTTLO|51,78131,28979,51|0;2;1,5,4;1,3,5,2;1,5
OTTLO|204,10188,36556,204|1;;3,1,5;4;0,5
OTTLO|204,575692,36556,204|1;1,3;3,5,4,3;4;0,5
OTTLT|51,3699,4979,27|0;4;2;1,5,3,1,5;1,5,4
OTTLT|51,78131,4979,27|0;2;1,5,2,5,4,3;1,5,3,1,5;1,5,4
OTTOS|51,139,5019,3483|0;3,1,5;2;1,5;3,4
OTTOS|51,78131,5019,3483|0;2;1,5,3,1,5;1,5;3,4
OTTOZ|204,29,35997,2973|1;2,0,5;1,5,3;0,5;1,2,4
OTTOZ|204,575692,35997,2973|1;1,3;2,0,5;0,5;1,2,4
OTTSJ|204,29,77,23|1;2,0,5;1,5;2;1,5,4
OTTST|51,139,5019,27|0;3,1,5;2;2,5,2;1,5,4
OTTST|51,78131,5019,27|0;2;1,5,3,1,5;2,5,2;1,5,4
OTTTJ|51,139,78,23|0;3,1,5;3;2,0,5;1,5,4
OTTTJ|51,139,5019,23|0;3,1,5;2;1,5,2,5,4;1,5,4
OTTTJ|51,78131,5019,23|0;2;1,5,3,1,5;1,5,2,5,4;1,5,4
OTTTL|204,29,39,142|1;2,0,5;2,5;3,1,5;4
OTTTL|204,29,35997,142|1;2,0,5;1,5,3;3,5,4;4
OTTTL|204,575692,35997,142|1;1,3;2,0,5;3,5,4;4
OTTTS|204,2028,36076,156|1;4;1,3;2,0,5;1,5,4
OTTTS|204,575692,36076,156|1;1,3;3,5,4,2;2,0,5;1,5,4
OTTTZ|51,3699,4979,147|0;4;2;1,5,3,1,5;4
OTTTZ|51,78131,4979,147|0;2;1,5,2,5,4,3;1,5,3,1,5;4
OTTZL|51,139,43,142|0;3,1,5;;1,5,3;4
OTTZT|204,29,35997,141|1;2,0,5;1,5,3;2,0,2;4
OTTZT|204,575692,35997,141|1;1,3;2,0,5;2,0,2;4
OTZIJ|51,71,18023,3310|0;1,2,5;2;3,5,3,3,5;2,0,5
OTZIJ|204,46,1774,23|1;3,5;4;3,5;1,5,4
OTZIJ|204,575692,36556,2525|1;1,3;3,5,3;3,5;2,5
OTZIL|51,78131,4979,2491|0;2;1,5,2,5,3;3,5;1,3,5
OTZIL|51,78131,28979,2491|0;2;4;2,5;1,3,5
OTZIL|102,4982,1910,142|;2;4;2,5;4
OTZJI|51,71,18023,30583|0;1,2,5;2;2,0,5;2,5
OTZJI|204,46,1774,61166|1;3,5;4;4;3,5
OTZLO|51,78131,28979,51|0;2;4;1,3,5,2;1,5
OTZLO|204,29,71,204|1;2,0,5;2;1,3,5;0,5
OTZLO|204,575692,36556,204|1;1,3;3,5,3;4;0,5
OTZLT|51,78131,4979,27|0;2;1,5,2,5,3;1,5,3,1,5;1,5,4
OTZOJ|51,139,36043,139|0;3,1,5;3,4;0,5;4
OTZOL|204,29,71,887|1;2,0,5;2;0,5;3,1,5
OTZSJ|51,78131,5015,23|0;2;1,5,3,5;2,5,2;1,5,4
OTZTL|51,10035,39,142|0;;1,5,2;3,1,5;4
OTZTT|204,29,893,141|1;2,0,5;;3,1,5;4
OTZTZ|51,78131,4979,147|0;2;1,5,2,5,3;1,5,3,1,5;4
OZIJJ|51,135,135,23|0;1,5,3;;;1,5,4
OZIJJ|102,9078,2750,3310|;3;3,5;1,2,5;2,0,5
OZILJ|51,99,35051,139|0;4;3;4;4
OZILL|204,18156,1405,3293|1;2;3,5;1,3,5;3,5
OZITI|102,13926,48878,61166|;;2,5;4;3,5
OZITL|51,99,35051,2491|0;4;3;2;1,3,5
OZJIJ|51,135,23,23|0;1,5,3;;;1,5,4
OZJJO|51,99,3811,51|0;4;4;2,5;1,5
OZJJO|51,99,12659,51|0;4;2;1,3,5,3;1,5
OZJJZ|204,45,12605,2973|1;3,5;2;1,3,5;1,2,4
OZJJZ|204,45,35053,2973|1;3,5;1,3;2;1,2,4
OZJLO|204,18156,1916,204|1;2;2,0,5;1,3,5;0,5
OZJLT|204,45,35053,141|1;3,5;1,3;4;4
OZJLZ|51,135,23,201|0;1,5,3;;1,5,3;1,4
OZJTT|51,135,23,141|0;1,5,3;;1,5,3;4
OZJZL|51,135,23,887|0;1,5,3;;;3,1,5
OZLIJ|51,99,1907,139|0;4;4;2,5;4
OZLIJ|102,9078,18038,3310|;3;1,2,5;3,3,5,3,5;2,0,5
OZLIJ|102,13926,3814,23|;;3,1,5;3,5;1,5,4
OZLIL|204,18156,839404,3293|1;2;1,3,5;2,5;3,5
OZLJO|102,9078,46,51|;3;3,5,1,5;2,5;1,5
OZLJO|204,18156,839404,204|1;2;1,3,5;2,5,0,5;0,5
OZLLO|51,135,71,204|0;1,5,3;;1,3,5;0,5
OZLOJ|102,9078,46,3310|;3;3,5,1,5;1,5;2,0,5
OZLOL|51,135,71,887|0;1,5,3;;0,5;3,1,5
OZLSL|51,135,4535,887|0;1,5,3;2;2,5;3,1,5
OZLTJ|51,135,4535,23|0;1,5,3;2;1,5,4;1,5,4
OZLTT|51,99,3307,27|0;4;1,3,5;2,0,5;1,5,4
OZOJL|51,135,1767,887|0;1,5,3;;2,5;3,1,5
OZOTL|204,45,3309,29|1;3,5;1,5;2,0,5;4,5
OZSJL|102,9078,102,887|;3;1,2,5;2,5;3,1,5
OZSLJ|102,9078,102,3310|;3;1,2,5;1,3,5;2,0,5
OZSTJ|51,135,3303,23|0;1,5,3;1;2,0,5;1,5,4
OZSTL|204,14028,894,142|1;;1,2,5,4;3,1,5;4
OZTIJ|204,14028,36556,2525|1;;3,1,5;3,5;2,5
OZTIL|51,99,4979,2491|0;4;2;3,5;1,3,5
OZTLO|51,13875,36403,51|0;;3,1,5;4;1,5
OZTLO|204,14028,36556,204|1;;3,1,5;4;0,5
OZTLT|51,99,4979,27|0;4;2;1,5,3,1,5;1,5,4
OZTOL|204,45,4925,29|1;3,5;2;1,5;4,5
OZTSJ|51,135,5015,23|0;1,5,3;2;2,5,2;1,5,4
OZTTL|51,135,39,142|0;1,5,3;;3,1,5;4
OZTTZ|51,99,4979,147|0;4;2;1,5,3,1,5;4
OZTTZ|51,99,36067,147|0;4;1,3;2,0,5;4
OZZII|102,13926,26214,30583|;;4;3,5;2,5
SIIJL|612,4981,2493,3293|3;3,5;3,5;1,2,5;3,5
SIIJL|612,35564,2493,3293|3;3,5,3,2,5;3,5;1,2,5;3,5
SIIJL|1224,1224,5593,3545|1,3;;2,5;1,5,4;3,5,4
SIIJL|1224,5593,5593,3545|1,3;2,5;;1,5,4;3,5,4
SIILJ|99,99,35051,139|;;3;4;4
SIILJ|99,35051,6555,955|;3;3,0,5;2,5;1,2,5
SIILJ|99,35051,35051,139|;3;;4;4
SIILJ|99,70003,6555,955|;2,4,0,0,5;2,5,1,5;2,5;1,2,5
SIILJ|198,198,4567,23|1;;3;4,5;1,5,4
SIILJ|198,4567,4567,23|1;3;;4,5;1,5,4
SIILJ|1224,1224,5593,23|1,3;;2,5;3,5,4;1,5,4
SIILJ|1224,5593,5593,23|1,3;2,5;;3,5,4;1,5,4
SIILL|99,35051,6555,29|;3;3,0,5;1,5,3,5;4,5
SIILL|99,70003,6555,29|;2,4,0,0,5;2,5,1,5;1,5,3,5;4,5
SIILL|306,306,35258,142|2;;3,5;3,1,5;4
SIILL|306,35258,35258,142|2;3,5;;3,1,5;4
SIILL|612,612,4981,29|3;;3,5;1,5,3,1,5;4,5
SIILL|612,4981,4981,29|3;3,5;;1,5,3,1,5;4,5
SIIOT|99,35051,6555,27|;3;3,0,5;;1,5,4
SIIOT|99,70003,6555,27|;2,4,0,0,5;2,5,1,5;;1,5,4
SIISS|99,35051,6555,3483|;3;3,0,5;1,5,4;3,4
SIISS|99,70003,6555,3483|;2,4,0,0,5;2,5,1,5;1,5,4;3,4
SIIST|99,35051,6555,27|;3;3,0,5;2,5;1,5,4
SIIST|99,70003,6555,27|;2,4,0,0,5;2,5,1,5;2,5;1,5,4
SIITJ|99,35051,6555,955|;3;3,0,5;2,5;1,2,5
SIITJ|99,70003,6555,955|;2,4,0,0,5;2,5,1,5;2,5;1,2,5
SIITJ|198,198,198,23|1;;;2,0,5;1,5,4
SIITJ|1224,5593,891,139|1,3;2,5;3,5;3,1,5;4
SIITJ|1224,9962,891,139|1,3;3,5;3,5;3,1,5;4
SIITL|99,99,35051,2491|;;3;2;1,3,5
SIITL|99,35051,6555,29|;3;3,0,5;1,5,3,5;4,5
SIITL|99,35051,35051,2491|;3;;2;1,3,5
SIITL|99,70003,6555,29|;2,4,0,0,5;2,5,1,5;1,5,3,5;4,5
SIITL|198,198,4567,887|1;;3;1,5,2;3,1,5
SIITL|198,4567,4567,887|1;3;;1,5,2;3,1,5
SIITS|99,35051,6555,3483|;3;3,0,5;1,5,4;3,4
SIITS|99,70003,6555,3483|;2,4,0,0,5;2,5,1,5;1,5,4;3,4
SIJIJ|198,4567,1847,139|1;3;1,5,2;2,5;4
SIJIL|99,70003,4979,2491|;2,4,0,0,5;1,5;3,5;1,3,5
SIJIL|612,35564,3820,29|3;3,5,3,2,5;4;3,5;4,5
SIJIL|612,35564,839404,3293|3;3,5,3,2,5;3,4,5;2,5;3,5
SIJIL|1224,1224,60616,3545|1,3;;4;3,5;3,5,4
SIJIL|1224,5593,3545,3545|1,3;2,5;1,5,4;;3,5,4
SIJJO|99,99,3811,51|;;4;2,5;1,5
SIJJO|99,99,12659,51|;;2;1,3,5,3;1,5
SIJJO|99,70003,275,51|;2,4,0,0,5;1,5,4;1,5;1,5
SIJJO|99,70003,275,153|;2,4,0,0,5;1,5,4;1,5,3;
SIJJO|612,35564,3004,204|3;3,5,3,2,5;2,5;1,2,5;0,5
SIJJO|612,35564,839404,204|3;3,5,3,2,5;3,4,5;2,5,0,5;0,5
SIJJT|99,70003,275,27|;2,4,0,0,5;1,5,4;1,5,4;1,5,4
SIJLO|99,70003,275,51|;2,4,0,0,5;1,5,4;4,5;1,5
SIJLS|99,70003,275,3483|;2,4,0,0,5;1,5,4;1,5,3,1;3,4
SIJLS|1224,5593,3545,57|1,3;2,5;1,5,4;3,5,4,4;4
SIJLT|99,70003,4979,27|;2,4,0,0,5;1,5;1,5,3,1,5;1,5,4
SIJLZ|99,70003,275,147|;2,4,0,0,5;1,5,4;1,5;4
SIJLZ|1224,5593,1913,201|1,3;2,5;2,5;1,3,5;1,4
SIJOL|99,70003,275,29|;2,4,0,0,5;1,5,4;1,5;4,5
SIJSJ|1224,1224,77,23|1,3;;2,5,0,5,3;2;1,5,4
SIJSL|99,70003,275,887|;2,4,0,0,5;1,5,4;2,5;3,1,5
SIJTJ|99,70003,275,23|;2,4,0,0,5;1,5,4;1,5,4;1,5,4
SIJTT|99,35051,3307,27|;3;4;2,0,5;1,5,4
SIJTZ|99,70003,4979,147|;2,4,0,0,5;1,5;1,5,3,1,5;4
SIJZJ|99,70003,275,23|;2,4,0,0,5;1,5,4;1,5,4;1,5,4
SILIJ|99,99,1907,139|;;4;2,5;4
SILIJ|99,35051,139,139|;3;4;;4
SILIJ|99,35051,175851,955|;3;2,1;3,5;1,2,5
SILIJ|99,70003,210803,955|;2,4,0,0,5;2,5;3,5;1,2,5
SILIJ|198,198,3814,23|1;;1,4;3,5;1,5,4
SILIJ|198,4567,23,23|1;3;4,5;;1,5,4
SILIJ|1224,1224,1774,23|1,3;;2,5,1;3,5;1,5,4
SILIJ|1224,5593,23,23|1,3;2,5;3,5,4;;1,5,4
SILIL|99,70003,4979,2491|;2,4,0,0,5;4,5;3,5;1,3,5
SILIL|306,306,1910,142|2;;1,5,3,5;2,5;4
SILIL|306,35258,142,142|2;3,5;3,1,5;;4
SILIL|612,612,3820,29|3;;3,1,5;3,5;4,5
SILIL|612,4981,29,29|3;3,5;1,5,3,1,5;;4,5
SILIL|612,4981,17781,3293|3;3,5;1,5,2;2,5;3,5
SILJI|1224,1224,1774,61166|1,3;;2,5,1;4;3,5
SILJO|99,35051,139,204|;3;4;3,4,5;0,5
SILJS|306,35258,142,57|2;3,5;3,1,5;2;4
SILJT|99,35051,139,27|;3;4;;1,5,4
SILLO|99,70003,210803,51|;2,4,0,0,5;2,5;3,5,1,5;1,5
SILLO|612,4981,29,51|3;3,5;1,5,3,1,5;3,5;1,5
SILLT|99,70003,4571,27|;2,4,0,0,5;1,5,3,5;4,5;1,5,4
SILLT|99,70003,4979,27|;2,4,0,0,5;4,5;1,5,3,1,5;1,5,4
SILLT|612,4981,29,141|3;3,5;1,5,3,1,5;1,5;4
SILLZ|198,4567,23,201|1;3;4,5;1,5,3;1,4
SILLZ|1224,5593,23,201|1,3;2,5;3,5,4;1,5,3;1,4
SILLZ|1224,5593,826841,201|1,3;2,5;1,5,3;3,5,4;1,4
SILOJ|99,35051,139,955|;3;4;0;1,2,5
SILOL|612,4981,29,3293|3;3,5;1,5,3,1,5;1;3,5
SILSJ|306,35258,142,3310|2;3,5;3,1,5;1;2,0,5
SILTT|99,99,3307,27|;;1,3,5;2,0,5;1,5,4
SILTT|99,35051,3307,27|;3;;2,0,5;1,5,4
SILTT|198,4567,23,141|1;3;4,5;1,5,3;4
SILTT|306,35258,142,27|2;3,5;3,1,5;2;1,5,4
SILTT|1224,5593,23,141|1,3;2,5;3,5,4;1,5,3;4
SILTZ|99,70003,4979,147|;2,4,0,0,5;4,5;1,5,3,1,5;4
SILZL|198,4567,23,887|1;3;4,5;;3,1,5
SILZL|1224,5593,23,887|1,3;2,5;3,5,4;;3,1,5
SILZL|1224,5593,826841,3545|1,3;2,5;1,5,3;1,4;3,5,4
SIOIT|99,35051,61163,27|;3;;2,5;1,5,4
SIOIT|99,70003,96115,27|;2,4,0,0,5;;2,5;1,5,4
SIOLL|306,306,30,142|2;;1,5;1,5;4
SIOTL|198,198,54,142|1;;0,5;3,1,5;4
SISIS|99,35051,846059,3483|;3;3,2;2,5;3,4
SISJJ|306,35258,170,955|2;3,5;2,5;2,5;1,2,5
SISJJ|306,35258,170,3310|2;3,5;2,5;1,2,5;2,0,5
SISJL|198,198,102,887|1;;;2,5;3,1,5
SISLJ|198,198,102,3310|1;;;1,3,5;2,0,5
SISLL|612,4981,85,887|3;3,5;1,5,2,5;3,5;3,1,5
SISLL|612,4981,85,3293|3;3,5;1,5,2,5;1,3,5;3,5
SITIJ|99,35051,191211,955|;3;4,3;2,5;1,2,5
SITIJ|99,70003,226163,955|;2,4,0,0,5;2,5;2,5;1,2,5
SITIJ|198,198,23,23|1;;2,0,5;;1,5,4
SITIJ|198,4567,887,139|1;3;1,5,2;3,5;4
SITIJ|1224,5593,581081,139|1,3;2,5;1,5,3;3,5;4
SITIJ|1224,9962,585450,139|1,3;3,5;3,1,5;3,5;4
SITIL|99,99,4979,2491|;;2;3,5;1,3,5
SITIL|99,35051,2491,2491|;3;2;;1,3,5
SITIL|198,198,9958,887|1;;2;3,5;3,1,5
SITIL|198,4567,887,887|1;3;1,5,2;;3,1,5
SITIS|99,35051,968939,3483|;3;3,4,2;2,5;3,4
SITIT|612,4981,1909,141|3;3,5;1,5,4;2,5;4
SITJI|198,4567,887,30583|1;3;1,5,2;4;2,5
SITJJ|99,35051,2795,955|;3;;2,5;1,2,5
SITLL|198,4567,1495,887|1;3;1,5;3,5;3,1,5
SITLT|99,99,4979,27|;;2;1,5,3,1,5;1,5,4
SITLT|1224,5593,581081,141|1,3;2,5;1,5,3;3,5,4;4
SITLZ|198,198,23,201|1;;2,0,5;1,5,3;1,4
SITTJ|1224,1224,78,23|1,3;;2,0,5,3;2,0,5;1,5,4
SITTL|1224,5593,581081,3545|1,3;2,5;1,5,3;4;3,5,4
SITTO|99,70003,6611,51|;2,4,0,0,5;1,5,3;2,5;1,5
SITTT|198,198,23,141|1;;2,0,5;1,5,3;4
SITTT|306,35258,202,27|2;3,5;3,1,5;2,0,5;1,5,4
SITTZ|99,99,4979,147|;;2;1,5,3,1,5;4
SITTZ|99,99,36067,147|;;1,3;2,0,5;4
SITZJ|99,35051,2491,955|;3;2;4;1,2,5
SITZL|198,198,23,887|1;;2,0,5;;3,1,5
SIZIT|198,4567,1399,141|1;3;2,5;3,5;4
SIZIT|612,4981,1909,141|3;3,5;4;2,5;4
SIZLL|198,4567,225751,887|1;3;;3,1,5,3;3,1,5
SIZLL|1224,5593,226777,3545|1,3;2,5;;3,1,5;3,5,4
SIZTI|198,4567,1399,30583|1;3;2,5;4;2,5
SIZTJ|1224,1224,78,23|1,3;;3,5,3;2,0,5;1,5,4
SIZTL|198,198,39,142|1;;3,5;3,1,5;4
SJIIJ|198,25318,1847,139|1;2;3,5;2,5;4
SJIIJ|306,562,18038,3310|2;1,5;2,5;3,3,5,3,5;2,0,5
SJIIJ|306,562,35514,3310|2;1,5;3,5;2,5;2,0,5
SJIIL|99,11875,4979,2491|;1;3,5;3,5;1,3,5
SJIIL|198,550,4919,2491|1;3;3,5;3,5;1,3,5
SJIIL|198,550,35502,2491|1;3;2,1,5;3,5;1,3,5
SJIIL|612,30308,3820,29|3;4;2,5;3,5;4,5
SJIIL|1224,60616,3545,3545|1,3;4;3,5;;3,5,4
SJIIL|1224,60616,60616,3545|1,3;4;;3,5;3,5,4
SJIJO|99,3811,275,51|;4;3;1,5;1,5
SJIJO|99,3811,275,153|;4;3;1,5,3;
SJIJO|99,3811,3811,51|;4;;2,5;1,5
SJIJO|99,12659,12659,51|;2;;1,3,5,3;1,5
SJIJO|612,13172,3004,204|3;2,5;3,5;1,2,5;0,5
SJIJS|198,550,4919,2871|1;3;3,5;1,5,4;3,4
SJIJT|99,3811,275,27|;4;3;1,5,4;1,5,4
SJIJT|1224,1771,4475,27|1,3;3,5;3;1,5,4;1,5,4
SJILI|198,550,4919,30583|1;3;3,5;1,5,3,5;2,5
SJILI|198,550,35502,61166|1;3;2,1,5;3,5;3,5
SJILO|99,3811,275,51|;4;3;4,5;1,5
SJILS|99,3811,275,3483|;4;3;1,5,3,1;3,4
SJILS|1224,1771,4475,3483|1,3;3,5;3;1,5,3;3,4
SJILS|1224,60616,3545,57|1,3;4;3,5;3,5,4,4;4
SJILT|99,11875,4979,27|;1;3,5;1,5,3,1,5;1,5,4
SJILT|198,550,4919,27|1;3;3,5;1,5,3,5,1,5;1,5,4
SJILZ|99,3811,275,147|;4;3;1,5;4
SJILZ|1224,26344,1913,201|1,3;2,5;3,5;1,3,5;1,4
SJIOJ|198,550,4919,23|1;3;3,5;1,5;1,5,4
SJIOL|99,3811,275,29|;4;3;1,5;4,5
SJISJ|198,550,4919,23|1;3;3,5;1,5,2,5;1,5,4
SJISJ|1224,77,77,23|1,3;2,5,0,5,3;;2;1,5,4
SJISL|99,3811,275,887|;4;3;2,5;3,1,5
SJITJ|99,3811,275,23|;4;3;1,5,4;1,5,4
SJITT|99,29795,3307,27|;2,2,5;2,5;2,0,5;1,5,4
SJITT|198,550,4919,27|1;3;3,5;1,5,3,1,5;1,5,4
SJITZ|99,11875,4979,147|;1;3,5;1,5,3,1,5;4
SJIZJ|99,3811,275,23|;4;3;1,5,4;1,5,4
SJJIO|99,3811,51,51|;4;2,5;;1,5
SJJIO|99,3811,192227,51|;4;1;2,5;1,5
SJJIO|99,12659,51,51|;2;1,3,5,3;;1,5
SJJIS|198,550,59942,2871|1;3;1,4;3,5;3,4
SJJIT|1224,1771,61163,27|1,3;3,5;4;2,5;1,5,4
SJJIZ|99,3811,954083,147|;4;1,4;2,5;4
SJJJJ|99,3811,51,139|;4;2,5;1,3,5;4
SJJJJ|99,12659,51,139|;2;1,3,5,3;1,3,5;4
SJJJJ|306,562,2750,3310|2;1,5;1,3,5;1,2,5;2,0,5
SJJJL|1224,77,102,887|1,3;2,5,0,5,3;2,5;2,5;3,1,5
SJJLJ|1224,77,102,3310|1,3;2,5,0,5,3;2,5;1,3,5;2,0,5
SJJLJ|1224,26344,227304,232|1,3;2,5;2,5;3,1,5;2,5,3
SJJLL|1224,2009,96217,3545|1,3;2,5,0,5;;1,5,3,5;3,5,4
SJJTJ|99,3811,51,139|;4;2,5;3,1,5;4
SJJTJ|99,12659,51,139|;2;1,3,5,3;3,1,5;4
SJJTJ|198,6086,198,23|1;;1,5,4;2,0,5;1,5,4
SJJTJ|198,59590,198,23|1;1,4;2,5,3;2,0,5;1,5,4
SJJTJ|306,178,198,23|2;1,5,4;1,2,5;2,0,5;1,5,4
SJJTJ|1224,1771,891,139|1,3;3,5;2,5;3,1,5;4
SJLII|198,550,26214,30583|1;3;3,5;3,5;2,5
SJLIO|99,3811,929507,51|;4;3,3;2,5;1,5
SJLIO|612,13172,18292,204|3;2,5;1,2,5;2,5;0,5
SJLIS|1224,1771,823019,3483|1,3;3,5;1,3;2,5;3,4
SJLIT|198,550,3758,27|1;3;3,5,1,5;3,5;1,5,4
SJLIZ|99,3811,585443,147|;4;1;2,5;4
SJLIZ|1224,26344,847592,201|1,3;2,5;1,3,5;3,5;1,4
SJLJJ|1224,77,51405,2525|1,3;2,5,0,5,3;1,3;2,5,0,5;2,5
SJLJJ|1224,77,51405,3310|1,3;2,5,0,5,3;1,3;3,5,4;2,0,5
SJLJJ|1224,26344,847592,232|1,3;2,5;1,3,5;2,0,5;2,5,3
SJLJL|306,178,102,887|2;1,5,4;3,5;2,5;3,1,5
SJLJL|1224,77,4477,29|1,3;2,5,0,5,3;2;1,5,4;4,5
SJLJL|1224,2009,51417,3545|1,3;2,5,0,5;1,3;2,5,0,3;3,5,4
SJLLJ|306,178,102,3310|2;1,5,4;3,5;1,3,5;2,0,5
SJLLJ|306,562,1662,3310|2;1,5;1,2,5;1,3,5;2,0,5
SJLLL|1224,77,1885,3293|1,3;2,5,0,5,3;4;1,3,5;3,5
SJLLL|1224,77,51405,3293|1,3;2,5,0,5,3;1,3;2,5,2;3,5
SJLOO|612,13172,60,204|3;2,5;3,5,1,5;1,5;0,5
SJLSZ|1224,77,51405,201|1,3;2,5,0,5,3;1,3;2,5;1,4
SJLTJ|306,178,78,23|2;1,5,4;3,5,4;2,0,5;1,5,4
SJLTJ|1224,77,4477,2525|1,3;2,5,0,5,3;2;1,5,3;2,5
SJLTL|1224,77,54,142|1,3;2,5,0,5,3;3,5;3,1,5;4
SJLTZ|1224,2009,51417,201|1,3;2,5,0,5;1,3;3,5,3;1,4
SJLZZ|1224,95432,56520,3534|1,3;;1,5,3,5;2,4,5,3;2,4
SJOIJ|198,550,3814,23|1;3;1,5;3,5;1,5,4
SJOJO|306,562,46,51|2;1,5;1,5;2,5;1,5
SJOLO|612,13172,116,204|3;2,5;1,5;1,3,5;0,5
SJOOJ|306,562,46,3310|2;1,5;1,5;1,5;2,0,5
SJOSJ|198,983,3287,23|1;2,0,5;1,5;3;1,5,4
SJOTT|1224,77,893,141|1,3;2,5,0,5,3;0,5;3,1,5;4
SJSIJ|99,12659,1907,139|;2;4;2,5;4
SJSIJ|198,550,1774,23|1;3;3,1,5;3,5;1,5,4
SJSIJ|1224,77,23,23|1,3;2,5,0,5,3;2;;1,5,4
SJSJI|198,550,1774,61166|1;3;3,1,5;4;3,5
SJSJO|306,2494,46,51|2;1,5,3,5;2,5;2,5;1,5
SJSLO|612,13172,116,204|3;2,5;1,2,5;1,3,5;0,5
SJSLZ|1224,77,23,201|1,3;2,5,0,5,3;2;1,5,3;1,4
SJSOJ|306,2494,46,3310|2;1,5,3,5;2,5;1,5;2,0,5
SJSTT|1224,77,23,141|1,3;2,5,0,5,3;2;1,5,3;4
SJSZL|1224,77,23,887|1,3;2,5,0,5,3;2;;3,1,5
SJTIJ|99,12659,1907,139|;2;3,1,5,2;2,5;4
SJTIL|306,3446,1910,142|2;1,5,2,5;4;2,5;4
SJTIO|612,13172,18292,204|3;2,5;1,2,5;2,5;0,5
SJTIT|198,550,2798,27|1;3;3,1,5;3,5;1,5,4
SJTJJ|306,562,170,955|2;1,5;3,1,5;2,5;1,2,5
SJTJJ|306,562,170,3310|2;1,5;3,1,5;1,2,5;2,0,5
SJTJJ|1224,1771,577259,139|1,3;3,5;1,3;2,0,5;4
SJTJL|306,562,102,887|2;1,5;1,2,5;2,5;3,1,5
SJTJO|306,178,226,51|2;1,5,4;4;2,5;1,5
SJTLJ|306,562,102,3310|2;1,5;1,2,5;1,3,5;2,0,5
SJTLJ|1224,77,36045,2525|1,3;2,5,0,5,3;1,3;2,5;2,5
SJTLJ|1224,2009,36057,139|1,3;2,5,0,5;1,3;3,5,4,4;4
SJTLL|1224,77,36045,142|1,3;2,5,0,5,3;1,3;3,5;4
SJTLL|1224,2009,36057,142|1,3;2,5,0,5;1,3;3,5,4;4
SJTLL|1224,2009,36057,3545|1,3;2,5,0,5;1,3;4;3,5,4
SJTOT|1224,77,36045,141|1,3;2,5,0,5,3;1,3;0,5;4
SJTSO|1224,2009,36057,153|1,3;2,5,0,5;1,3;3;
SJTST|1224,77,36045,141|1,3;2,5,0,5,3;1,3;2,5;4
SJTTI|198,550,2798,61166|1;3;3,1,5;4;3,5
SJTTJ|306,2494,78,23|2;1,5,3,5;1,3,5;2,0,5;1,5,4
SJTTJ|1224,77,4957,2525|1,3;2,5,0,5,3;2,0;1,5,3,1,5;2,5
SJTTJ|1224,77,36045,2525|1,3;2,5,0,5,3;1,3;2,0,5;2,5
SJTTL|1224,77,39,142|1,3;2,5,0,5,3;3,5;3,1,5;4
SJTTL|1224,77,36045,142|1,3;2,5,0,5,3;1,3;3,5;4
SJZIJ|306,3446,18038,3310|2;1,5,2,5;2;3,3,5,3,5;2,0,5
SJZSL|1224,77,13901,887|1,3;2,5,0,5,3;;1,2,5,4;3,1,5
SJZTZ|306,178,2242,147|2;1,5,4;1,2;2,0,5;4
SJZZL|306,2494,958,142|2;1,5,3,5;4;1,5,2;4
SLIIJ|99,1907,139,139|;4;2,5;;4
SLIIJ|99,1907,1907,139|;4;;2,5;4
SLIIJ|99,140899,175851,955|;1,2;2,1,5;3,5;1,2,5
SLIIJ|99,140899,210803,955|;1,2;3,5;3,5;1,2,5
SLIIJ|198,3814,23,23|1;1,4;3,5;;1,5,4
SLIIJ|198,3814,3814,23|1;1,4;;3,5;1,5,4
SLIIJ|1224,1774,23,23|1,3;2,5,1;3,5;;1,5,4
SLIIJ|1224,1774,1774,23|1,3;2,5,1;;3,5;1,5,4
SLIIL|99,57955,4979,2491|;3,3;2,5;3,5;1,3,5
SLIIL|306,1910,142,142|2;1,5,3,5;2,5;;4
SLIIL|306,1910,1910,142|2;1,5,3,5;;2,5;4
SLIIL|612,3820,29,29|3;3,1,5;3,5;;4,5
SLIIL|612,3820,3820,29|3;3,1,5;;3,5;4,5
SLIIL|612,282212,17781,3293|3;1,2;2,5;2,5;3,5
SLIJI|1224,1774,1774,61166|1,3;2,5,1;;4;3,5
SLIJO|99,1907,139,204|;4;2,5;3,4,5;0,5
SLIJS|306,1910,142,57|2;1,5,3,5;2,5;2;4
SLIJT|99,1907,139,27|;4;2,5;;1,5,4
SLILO|99,140899,210803,51|;1,2;3,5;3,5,1,5;1,5
SLILO|612,3820,29,51|3;3,1,5;3,5;3,5;1,5
SLILT|99,3307,4571,27|;1,3,5;3;4,5;1,5,4
SLILT|99,57955,4979,27|;3,3;2,5;1,5,3,1,5;1,5,4
SLILT|612,3820,29,141|3;3,1,5;3,5;1,5;4
SLILZ|198,3814,23,201|1;1,4;3,5;1,5,3;1,4
SLILZ|1224,1774,23,201|1,3;2,5,1;3,5;1,5,3;1,4
SLILZ|1224,822472,826841,201|1,3;1,3;2,5;3,5,4;1,4
SLIOJ|99,1907,139,955|;4;2,5;0;1,2,5
SLIOL|198,278,35230,142|1;2;2,1,5;;4
SLIOL|612,3820,29,3293|3;3,1,5;3,5;1;3,5
SLISJ|306,1910,142,3310|2;1,5,3,5;2,5;1;2,0,5
SLITL|306,1406,35038,142|2;1,5,2,5;3;4;4
SLITT|99,3307,3307,27|;1,3,5;;2,0,5;1,5,4
SLITT|99,18275,3307,27|;;2,5;2,0,5;1,5,4
SLITT|198,3814,23,141|1;1,4;3,5;1,5,3;4
SLITT|306,1910,142,27|2;1,5,3,5;2,5;2;1,5,4
SLITT|1224,1774,23,141|1,3;2,5,1;3,5;1,5,3;4
SLITZ|99,57955,4979,147|;3,3;2,5;1,5,3,1,5;4
SLIZJ|306,1406,35038,3310|2;1,5,2,5;3;3;2,0,5
SLIZL|198,3814,23,887|1;1,4;3,5;;3,1,5
SLIZL|1224,1774,23,887|1,3;2,5,1;3,5;;3,1,5
SLIZL|1224,822472,826841,3545|1,3;1,3;2,5;1,4;3,5,4
SLJII|1224,1774,61166,61166|1,3;2,5,1;4;;3,5
SLJIO|612,282212,18292,204|3;1,2;2,5,0,5;2,5;0,5
SLJIS|1224,822472,823019,3483|1,3;1,3;3,5;2,5;3,4
SLJIT|99,1907,96115,27|;4;;2,5;1,5,4
SLJIT|1224,2026,3818,27|1,3;3,5;4;3,5;1,5,4
SLJIZ|1224,822472,847592,201|1,3;1,3;3,5,4;3,5;1,4
SLJJJ|1224,822472,51405,2525|1,3;1,3;2,5,0,5,3;2,5,0,5;2,5
SLJJJ|1224,822472,51405,3310|1,3;1,3;2,5,0,5,3;3,5,4;2,0,5
SLJJJ|1224,822472,847592,232|1,3;1,3;3,5,4;2,0,5;2,5,3
SLJJL|1224,822472,51417,3545|1,3;1,3;2,5,0,5;2,5,0,3;3,5,4
SLJLL|198,278,30,142|1;2;1,5,4;1,5;4
SLJLL|1224,822472,51405,3293|1,3;1,3;2,5,0,5,3;2,5,2;3,5
SLJOO|612,3820,60,204|3;3,1,5;2,5;1,5;0,5
SLJSZ|1224,822472,51405,201|1,3;1,3;2,5,0,5,3;2,5;1,4
SLJTL|198,278,54,142|1;2;1,5;3,1,5;4
SLJTL|198,3814,54,142|1;1,4;2,5;3,1,5;4
SLJTL|1224,1774,894,142|1,3;2,5,1;2,5;3,1,5;4
SLJTZ|1224,822472,51417,201|1,3;1,3;2,5,0,5;3,5,3;1,4
SLJZZ|1224,822472,56520,3534|1,3;1,3;3,5,2;2,4,5,3;2,4
SLLIO|99,140899,192227,51|;1,2;3,5,1,5;2,5;1,5
SLLIS|1224,2026,51434,3483|1,3;3,5;1,3;2,5;3,4
SLLIS|1224,822472,51434,3483|1,3;1,3;3,5;2,5;3,4
SLLIT|99,3307,61163,27|;1,3,5;1,4;2,5;1,5,4
SLLIT|612,3820,585452,141|3;3,1,5;1;3,5;4
SLLIZ|1224,1774,823022,201|1,3;2,5,1;1,3;2,5;1,4
SLLIZ|1224,822472,823022,201|1,3;1,3;2,5,1;2,5;1,4
SLLLJ|1224,1774,30702,3310|1,3;2,5,1;4;1,3,5;2,0,5
SLLLJ|1224,1774,823022,3310|1,3;2,5,1;1,3;2,5,2;2,0,5
SLLLJ|1224,30152,52680,232|1,3;4;1,3,5;3,5,4,4;2,5,3
SLLLJ|1224,30152,52680,3310|1,3;4;1,3,5;3,5,4;2,0,5
SLLLJ|1224,822472,52680,232|1,3;1,3;2,5,2;3,5,4,4;2,5,3
SLLLJ|1224,822472,52680,3310|1,3;1,3;2,5,2;3,5,4;2,0,5
SLLLJ|1224,822472,823022,3310|1,3;1,3;2,5,1;2,5,2;2,0,5
SLLOO|99,1907,195,51|;4;1,3,5;0,5;1,5
SLLTI|1224,1774,823022,61166|1,3;2,5,1;1,3;2,0,5,3;3,5
SLLTI|1224,822472,823022,61166|1,3;1,3;2,5,1;2,0,5,3;3,5
SLLTJ|198,36550,198,23|1;1;4;2,0,5;1,5,4
SLLTJ|306,1910,198,23|2;1,5,3,5;1,3,5;2,0,5;1,5,4
SLLTJ|1224,1499,891,139|1,3;2,5;3,5;3,1,5;4
SLLTL|198,278,54,142|1;2;4,5;3,1,5;4
SLLZI|1224,1774,823022,61166|1,3;2,5,1;1,3;1,4;3,5
SLLZI|1224,822472,823022,61166|1,3;1,3;2,5,1;1,4;3,5
SLOIJ|99,1907,210803,955|;4;0;3,5;1,2,5
SLOIJ|198,13030,3814,23|1;3;1,5;3,5;1,5,4
SLOIL|198,278,1910,142|1;2;;2,5;4
SLOIL|612,3820,839404,3293|3;3,1,5;1;2,5;3,5
SLOJO|612,3820,839404,204|3;3,1,5;1;2,5,0,5;0,5
SLOLO|99,1907,210803,51|;4;0;3,5,1,5;1,5
SLOLS|1224,822472,51403,3483|1,3;1,3;0,5;2,5;3,4
SLSIL|1224,822472,52936,3545|1,3;1,3;2,5,2;3,5;3,5,4
SLSTT|306,2098,202,27|2;1,5;3,4;2,0,5;1,5,4
SLTIL|306,1406,30590,142|2;1,5,2,5;4;3,5;4
SLTIL|1224,822472,52936,3545|1,3;1,3;3,5,3;3,5;3,5,4
SLTIL|1224,822472,60616,3545|1,3;1,3;3,5,2;3,5;3,5,4
SLTIS|1224,822472,51434,3483|1,3;1,3;3,5;2,5;3,4
SLTIT|99,3307,27,27|;1,3,5;2,0,5;;1,5,4
SLTIT|1224,1774,577262,141|1,3;2,5,1;1,3;2,5;4
SLTJJ|1224,2026,36074,139|1,3;3,5;1,3;2,0,5;4
SLTJL|1224,1774,577262,142|1,3;2,5,1;1,3;2,0,5;4
SLTJL|1224,822472,51417,3545|1,3;1,3;2,0,5;2,5,0,3;3,5,4
SLTJZ|1224,822472,51406,3534|1,3;1,3;2,0,5,3;3,5,2;2,4
SLTLI|1224,1774,161518,61166|1,3;2,5,1;;3,1,5;3,5
SLTLJ|99,3307,27,139|;1,3,5;2,0,5;1,5;4
SLTLJ|1224,1499,576987,139|1,3;2,5;1,3;3,5;4
SLTSI|1224,1774,577262,61166|1,3;2,5,1;1,3;4;3,5
SLTSJ|1224,822472,51406,3310|1,3;1,3;2,0,5,3;2,5,3;2,0,5
SLTTI|1224,1774,577262,61166|1,3;2,5,1;1,3;4;3,5
SLTTI|1224,822472,51406,61166|1,3;1,3;2,0,5,3;3,5,4;3,5
SLTTJ|306,2098,198,23|2;1,5;3,4;2,0,5;1,5,4
SLTTJ|1224,822472,51406,3310|1,3;1,3;2,0,5,3;3,5,3;2,0,5
SLTTZ|1224,822472,51406,201|1,3;1,3;2,0,5,3;2,0,5;1,4
SLTTZ|1224,822472,51417,201|1,3;1,3;2,0,5;3,5,3;1,4
SLTZT|99,3307,27,141|;1,3,5;2,0,5;1,3;4
SLZIJ|306,1406,288638,3310|2;1,5,2,5;2;3,3,5,3,5;2,0,5
SLZIL|1224,822472,60616,3545|1,3;1,3;1,4;3,5;3,5,4
SLZJO|306,2098,226,51|2;1,5;4;2,5;1,5
SLZJO|1224,822472,51433,153|1,3;1,3;3,5;2,5,0,5,3,2;
SLZJZ|1224,822472,51406,3534|1,3;1,3;3,5,3;3,5,2;2,4
SLZLI|1224,1774,222958,61166|1,3;2,5,1;;3,1,5;3,5
SLZLZ|1224,822472,51433,201|1,3;1,3;3,5;2,5,2;1,4
SLZSJ|1224,822472,51406,3310|1,3;1,3;3,5,3;2,5,3;2,0,5
SLZTI|1224,822472,51406,61166|1,3;1,3;3,5,3;3,5,4;3,5
SLZTJ|1224,822472,51406,3310|1,3;1,3;3,5,3;3,5,3;2,0,5
SLZTZ|1224,822472,51406,201|1,3;1,3;3,5,3;2,0,5;1,4
SLZZL|99,3307,43,142|;1,3,5;3,5;1,5,3;4
SOIIT|99,26211,61163,27|;;3,5,3,2,5;2,5;1,5,4
SOIIT|99,26211,96115,27|;;3,5;2,5;1,5,4
SOIJL|198,54,35006,142|1;0,5;3;4;4
SOILL|306,30,30,142|2;1,5;;1,5;4
SOITJ|198,54,35006,3310|1;0,5;3;3;2,0,5
SOITL|198,54,54,142|1;0,5;;3,1,5;4
SOJIJ|198,52422,3814,23|1;1;3,5;3,5;1,5,4
SOJIL|198,54,1910,142|1;0,5;4;2,5;4
SOJJO|306,30,46,51|2;1,5;1,5;2,5;1,5
SOJLO|612,52836,116,204|3;1,5;2,0,5;1,3,5;0,5
SOJOJ|306,30,46,3310|2;1,5;1,5;1,5;2,0,5
SOJSJ|198,52422,3287,23|1;1;2,5,0,5;3;1,5,4
SOJTL|306,30,35038,142|2;1,5;1,5,3;4;4
SOJZJ|306,30,35038,3310|2;1,5;1,5,3;3;2,0,5
SOLIJ|198,52422,3814,23|1;1;3,5;3,5;1,5,4
SOLIL|306,30,142,142|2;1,5;1,5;;4
SOLJS|306,30,142,57|2;1,5;1,5;2;4
SOLJT|1224,75,4475,27|1,3;0,5;2;1,5,4;1,5,4
SOLLS|1224,75,4475,3483|1,3;0,5;2;1,5,3;3,4
SOLLS|1224,75,51403,3483|1,3;0,5;1,3;2,5;3,4
SOLSJ|306,30,142,3310|2;1,5;1,5;1;2,0,5
SOLTT|306,30,142,27|2;1,5;1,5;2;1,5,4
SOOLJ|306,30,1662,3310|2;1,5;;1,3,5;2,0,5
SOOTJ|198,54,198,23|1;0,5;1,5;2,0,5;1,5,4
SOOTJ|198,52422,198,23|1;1;0,5;2,0,5;1,5,4
SOOTJ|1224,75,891,139|1,3;0,5;0,5;3,1,5;4
SOSTJ|198,54,78,23|1;0,5;3,1,5;2,0,5;1,5,4
SOTIJ|198,54,18038,3310|1;0,5;3;3,3,5,3,5;2,0,5
SOTIJ|198,52422,3814,23|1;1;3,5;3,5;1,5,4
SOTIL|198,54,142,142|1;0,5;3,1,5;;4
SOTJS|198,54,142,57|1;0,5;3,1,5;2;4
SOTOJ|1224,75,36043,139|1,3;0,5;1,3;0,5;4
SOTSJ|198,54,142,3310|1;0,5;3,1,5;1;2,0,5
SOTSJ|198,52422,3287,23|1;1;2,0,5;3;1,5,4
SOTTJ|306,30,78,23|2;1,5;1,5;2,0,5;1,5,4
SOTTT|198,54,142,27|1;0,5;3,1,5;2;1,5,4
SOTZL|306,30,35998,142|2;1,5;1,5,3;2,0,2;4
SOZJL|198,54,102,887|1;0,5;4;2,5;3,1,5
SOZLJ|198,54,102,3310|1;0,5;4;1,3,5;2,0,5
SOZTJ|198,52422,3303,23|1;1;3,5;2,0,5;1,5,4
SOZTL|306,30,894,142|2;1,5;;3,1,5;4
SSIIO|198,102,4471,153|1;;3;2,1,5;
SSIIO|198,102,35054,153|1;;3,3,5,2,5;3,0,5;
SSIJJ|198,102,4471,23|1;;3;1,5,4;1,5,4
SSIJJ|198,102,35054,139|1;;3,3,5,2,5;2,5;4
SSIJJ|198,102,35054,3310|1;;3,3,5,2,5;4;2,0,5
SSIJJ|306,10098,170,955|2;2,5;2,5;2,5;1,2,5
SSIJJ|306,10098,170,3310|2;2,5;2,5;1,2,5;2,0,5
SSIJL|198,102,102,887|1;;;2,5;3,1,5
SSIJL|198,102,4471,887|1;;3;1,5;3,1,5
SSILJ|198,102,102,3310|1;;;1,3,5;2,0,5
SSILJ|198,102,35054,3310|1;;3,3,5,2,5;;2,0,5
SSILL|198,102,4471,29|1;;3;1,5,3,5;4,5
SSILL|198,102,4471,887|1;;3;4,5;3,1,5
SSILL|198,102,35054,142|1;;3,3,5,2,5;4;4
SSILL|612,20196,85,887|3;1,2,5;3,5;3,5;3,1,5
SSILL|612,20196,85,3293|3;1,2,5;3,5;1,3,5;3,5
SSIOI|198,102,4471,30583|1;;3;;2,5
SSIOI|198,102,35054,61166|1;;3,3,5,2,5;;3,5
SSJIJ|99,50787,1907,139|;1;2,0,5;2,5;4
SSJIJ|198,102,887,139|1;;2,5;3,5;4
SSJIJ|198,102,3814,23|1;;4;3,5;1,5,4
SSJIJ|198,102,29798,3310|1;;2,5,2;2,5;2,0,5
SSJIL|198,102,887,887|1;;2,5;;3,1,5
SSJIL|198,102,11878,887|1;;1;3,5;3,1,5
SSJJI|198,102,887,30583|1;;2,5;4;2,5
SSJLO|612,20196,116,204|3;1,2,5;2,0,5;1,3,5;0,5
SSLIJ|198,102,3310,3310|1;;1,3,5;;2,0,5
SSLIJ|198,102,18278,3310|1;;;2,5;2,0,5
SSLIL|198,102,1910,142|1;;4;2,5;4
SSLIL|198,102,3310,29|1;;1,3,5;3,5;4,5
SSLIL|198,102,57958,887|1;;3,3;3,5;3,1,5
SSLIL|1224,26568,52936,3545|1,3;;1,3,5;3,5;3,5,4
SSLJO|306,10098,226,51|2;2,5;3,1,5;2,5;1,5
SSLLI|198,102,3310,61166|1;;1,3,5;1,4;3,5
SSOII|198,102,26214,30583|1;;;3,5;2,5
STIIJ|99,156259,226163,955|;1,2;2,5;2,5;1,2,5
STIIJ|198,23,23,23|1;2,0,5;;;1,5,4
STIIJ|198,9958,887,139|1;2;3,5;3,5;4
STIIJ|1224,576712,581081,139|1,3;1,3;2,5;3,5;4
STIIJ|1224,576712,585450,139|1,3;1,3;3,5;3,5;4
STIIL|99,4979,2491,2491|;2;3,5;;1,3,5
STIIL|99,4979,4979,2491|;2;;3,5;1,3,5
STIIL|198,9958,887,887|1;2;3,5;;3,1,5
STIIL|198,9958,9958,887|1;2;;3,5;3,1,5
STIIT|612,58980,1909,141|3;4;3,5;2,5;4
STIJI|198,9958,887,30583|1;2;3,5;4;2,5
STIJJ|99,10083,2795,955|;;2,5;2,5;1,2,5
STIJJ|99,29283,2795,955|;4;2,5;2,5;1,2,5
STIJL|306,114,2186,142|2;1,5,4;3;4;4
STIJL|1224,78,277,29|1,3;2,0,5,3;3;1,5,4;4,5
STIJO|198,23,2185,153|1;2,0,5;3;;
STIJO|198,23,2185,204|1;2,0,5;3;3;0,5
STIJT|198,23,2185,141|1;2,0,5;3;4;4
STIJT|1224,106,4475,27|1,3;3,5;3;1,5,4;1,5,4
STILJ|306,114,2186,139|2;1,5,4;3;4;4
STILJ|1224,78,277,23|1,3;2,0,5,3;3;4,5;1,5,4
STILL|198,20166,1495,887|1;1;3,5;3,5;3,1,5
STILL|198,58566,1495,887|1;1,3,3;3,5;3,5;3,1,5
STILO|198,23,2185,153|1;2,0,5;3;4;
STILS|1224,106,4475,3483|1,3;3,5;3;1,5,3;3,4
STILT|99,4979,4979,27|;2;;1,5,3,1,5;1,5,4
STILT|1224,576712,581081,141|1,3;1,3;2,5;3,5,4;4
STILZ|198,23,23,201|1;2,0,5;;1,5,3;1,4
STILZ|198,23,2185,201|1;2,0,5;3;;1,4
STIOL|198,23,2185,142|1;2,0,5;3;;4
STISL|198,23,2185,2491|1;2,0,5;3;3;1,3,5
STITJ|198,23,2185,139|1;2,0,5;3;4;4
STITJ|306,114,2186,3310|2;1,5,4;3;3;2,0,5
STITJ|1224,78,78,23|1,3;2,0,5,3;;2,0,5;1,5,4
STITJ|1224,78,277,2525|1,3;2,0,5,3;3;1,5,3;2,5
STITL|306,86,35038,142|2;1,5,2,5;3;4;4
STITL|306,114,2186,2491|2;1,5,4;3;2;1,3,5
STITL|1224,78,277,887|1,3;2,0,5,3;3;1,5,2;3,1,5
STITL|1224,576712,581081,3545|1,3;1,3;2,5;4;3,5,4
STITO|99,36067,6611,51|;1,3;2,5;2,5;1,5
STITT|198,23,23,141|1;2,0,5;;1,5,3;4
STITT|306,18290,202,27|2;1,5,3;2,5;2,0,5;1,5,4
STITZ|99,4979,4979,147|;2;;1,5,3,1,5;4
STITZ|99,36067,36067,147|;1,3;;2,0,5;4
STIZJ|99,4979,2491,955|;2;3,5;4;1,2,5
STIZJ|198,23,2185,139|1;2,0,5;3;4;4
STIZJ|306,86,35038,3310|2;1,5,2,5;3;3;2,0,5
STIZL|198,23,23,887|1;2,0,5;;;3,1,5
STJIJ|99,20067,1907,139|;1;2,0,5;2,5;4
STJIJ|198,2022,3814,23|1;4;4;3,5;1,5,4
STJIL|1224,78,3790,29|1,3;2,0,5,3;4;3,5;4,5
STJIO|198,23,5911,153|1;2,0,5;;2,5;
STJIO|198,23,17527,204|1;2,0,5;3;3,4,1,5;0,5
STJIO|612,312932,18292,204|3;1,2;2,5,0,5;2,5;0,5
STJIT|198,23,1879,141|1;2,0,5;4;2,5;4
STJIT|1224,106,3818,27|1,3;3,5;4;3,5;1,5,4
STJJJ|198,23,5911,23|1;2,0,5;;1,5,4;1,5,4
STJJJ|1224,576712,577259,139|1,3;1,3;3,5;2,0,5;4
STJJO|306,114,226,51|2;1,5,4;4;2,5;1,5
STJLJ|198,23,5911,23|1;2,0,5;;1,5,3,5,2;1,5,4
STJLJ|1224,576712,36045,2525|1,3;1,3;2,5,0,5,3;2,5;2,5
STJLJ|1224,576712,36057,139|1,3;1,3;2,5,0,5;3,5,4,4;4
STJLL|1224,89,5977,3545|1,3;2,0,5;;1,5,3,5;3,5,4
STJLL|1224,576712,36045,142|1,3;1,3;2,5,0,5,3;3,5;4
STJLL|1224,576712,36057,142|1,3;1,3;2,5,0,5;3,5,4;4
STJLL|1224,576712,36057,3545|1,3;1,3;2,5,0,5;4;3,5,4
STJLZ|1224,78,5966,3534|1,3;2,0,5,3;;1,5,3,5;2,4
STJOI|198,23,17527,30583|1;2,0,5;3;0,5;2,5
STJOT|1224,576712,36045,141|1,3;1,3;2,5,0,5,3;0,5;4
STJSO|1224,576712,36057,153|1,3;1,3;2,5,0,5;3;
STJST|1224,576712,36045,141|1,3;1,3;2,5,0,5,3;2,5;4
STJTJ|1224,106,891,139|1,3;3,5;2,5;3,1,5;4
STJTJ|1224,576712,36045,2525|1,3;1,3;2,5,0,5,3;2,0,5;2,5
STJTL|198,23,39,142|1;2,0,5;1,5;3,1,5;4
STJTL|1224,576712,36045,142|1,3;1,3;2,5,0,5,3;3,5;4
STJTT|1224,78,53,141|1,3;2,0,5,3;2,0,5;3,1,5;4
STJZO|99,36067,7395,51|;1,3;;2,4;1,5
STLIJ|1224,78,3694,23|1,3;2,0,5,3;1,4;3,5;1,5,4
STLIL|1224,30408,52936,3545|1,3;4;1,3,5;3,5;3,5,4
STLIL|1224,160968,60616,3545|1,3;;3,1,5;3,5;3,5,4
STLIO|198,23,28951,153|1;2,0,5;3,3,5;2,5;
STLIS|1224,106,51434,3483|1,3;3,5;1,3;2,5;3,4
STLIT|99,4979,27,27|;2;1,5,3,1,5;;1,5,4
STLIT|1224,576712,577262,141|1,3;1,3;2,5,1;2,5;4
STLIZ|198,23,201,201|1;2,0,5;1,5,3;;1,4
STLIZ|198,23,18199,201|1;2,0,5;;2,5;1,4
STLJJ|198,23,135,23|1;2,0,5;1,5;;1,5,4
STLJJ|1224,576712,36074,139|1,3;1,3;3,5;2,0,5;4
STLJL|1224,89,51417,3545|1,3;2,0,5;1,3;2,5,0,3;3,5,4
STLJL|1224,576712,577262,142|1,3;1,3;2,5,1;2,0,5;4
STLJO|99,10083,3811,51|;;3,1,5;2,5;1,5
STLJZ|1224,78,51406,3534|1,3;2,0,5,3;1,3;3,5,2;2,4
STLLJ|99,4979,27,139|;2;1,5,3,1,5;1,5;4
STLLJ|1224,576712,576987,139|1,3;1,3;2,5;3,5;4
STLOS|198,23,201,57|1;2,0,5;1,5,3;0,5;4
STLSI|198,23,25687,30583|1;2,0,5;4,2;1,2,4;2,5
STLSI|1224,576712,577262,61166|1,3;1,3;2,5,1;4;3,5
STLSJ|1224,78,51406,3310|1,3;2,0,5,3;1,3;2,5,3;2,0,5
STLST|198,23,201,27|1;2,0,5;1,5,3;2;1,5,4
STLTI|1224,78,51406,61166|1,3;2,0,5,3;1,3;3,5,4;3,5
STLTI|1224,576712,577262,61166|1,3;1,3;2,5,1;4;3,5
STLTJ|1224,78,51406,3310|1,3;2,0,5,3;1,3;3,5,3;2,0,5
STLTJ|1224,89,891,139|1,3;2,0,5;3,5;3,1,5;4
STLTL|1224,89,39,142|1,3;2,0,5;3,5,4;3,1,5;4
STLTT|306,114,202,27|2;1,5,4;1,3,5;2,0,5;1,5,4
STLTZ|1224,78,51406,201|1,3;2,0,5,3;1,3;2,0,5;1,4
STLTZ|1224,89,51417,201|1,3;2,0,5;1,3;3,5,3;1,4
STLZT|99,4979,27,141|;2;1,5,3,1,5;1,3;4
STLZZ|1224,576712,56520,3534|1,3;1,3;4;2,4,5,3;2,4
STOIJ|198,9190,3814,23|1;3;1,5;3,5;1,5,4
STOIL|198,23,1655,142|1;2,0,5;;2,5;4
STOLI|198,23,1655,30583|1;2,0,5;;4;2,5
STOOJ|1224,576712,36043,139|1,3;1,3;0,5;0,5;4
STOSJ|198,23,3287,23|1;2,0,5;1;3;1,5,4
STOTL|1224,78,894,142|1,3;2,0,5,3;0,5;3,1,5;4
STSIL|198,23,4919,2491|1;2,0,5;3;3,5;1,3,5
STSIL|1224,576712,60616,3545|1,3;1,3;4;3,5;3,5,4
STSJO|99,36067,3811,51|;1,3;4;2,5;1,5
STSJO|306,154,46,51|2;1,5,3,1,5;2,5;2,5;1,5
STSJS|198,23,4919,2871|1;2,0,5;3;1,5,4;3,4
STSLI|198,23,4919,30583|1;2,0,5;3;1,5,3,5;2,5
STSLJ|1224,78,1662,3310|1,3;2,0,5,3;;1,3,5;2,0,5
STSLT|198,23,4919,27|1;2,0,5;3;1,5,3,5,1,5;1,5,4
STSOJ|198,23,4919,23|1;2,0,5;3;1,5;1,5,4
STSOJ|306,154,46,3310|2;1,5,3,1,5;2,5;1,5;2,0,5
STSOL|198,23,3191,887|1;2,0,5;4;0,5;3,1,5
STSSJ|198,23,77,23|1;2,0,5;1,5,3;2;1,5,4
STSSJ|198,23,4919,23|1;2,0,5;3;1,5,2,5;1,5,4
STSTO|1224,89,4985,153|1,3;2,0,5;3;1,5,3,1,5;
STSTT|198,23,4919,27|1;2,0,5;3;1,5,3,1,5;1,5,4
STSTT|306,154,202,27|2;1,5,3,1,5;4;2,0,5;1,5,4
STTIJ|99,4979,1907,139|;2;1,5,4;2,5;4
STTIJ|198,23,1847,139|1;2,0,5;4;2,5;4
STTIJ|1224,78,23,23|1,3;2,0,5,3;2,0,5;;1,5,4
STTIJ|1224,78,36046,2525|1,3;2,0,5,3;1,3;2,5;2,5
STTIJ|1224,576712,36046,2525|1,3;1,3;2,0,5,3;2,5;2,5
STTIL|306,86,1910,142|2;1,5,2,5;4;2,5;4
STTIL|1224,78,9838,887|1,3;2,0,5,3;2;3,5;3,1,5
STTIL|1224,576712,60616,3545|1,3;1,3;4;3,5;3,5,4
STTIO|99,36067,192227,51|;1,3;2;2,5;1,5
STTIT|198,23,141,141|1;2,0,5;1,5,3;;4
STTIZ|99,4979,147,147|;2;1,5,3,1,5;;4
STTIZ|99,36067,147,147|;1,3;2,0,5;;4
STTJI|1224,78,36046,61166|1,3;2,0,5,3;1,3;2,5;3,5
STTJI|1224,576712,36046,61166|1,3;1,3;2,0,5,3;2,5;3,5
STTJJ|1224,106,36074,139|1,3;3,5;1,3;2,0,5;4
STTJJ|1224,576712,36074,139|1,3;1,3;3,5;2,0,5;4
STTJL|198,23,141,29|1;2,0,5;1,5,3;;4,5
STTJO|99,36067,3811,51|;1,3;4;2,5;1,5
STTJT|1224,78,36046,141|1,3;2,0,5,3;1,3;2,5,0,5;4
STTJT|1224,576712,36046,141|1,3;1,3;2,0,5,3;2,5,0,5;4
STTLI|1224,78,9838,61166|1,3;2,0,5,3;2;3,1,5;3,5
STTLJ|1224,78,1902,3310|1,3;2,0,5,3;4;1,3,5;2,0,5
STTLJ|1224,89,36057,139|1,3;2,0,5;1,3;3,5,4,4;4
STTLJ|1224,576712,36057,139|1,3;1,3;2,0,5;3,5,4,4;4
STTLL|1224,89,36057,142|1,3;2,0,5;1,3;3,5,4;4
STTLL|1224,89,36057,3545|1,3;2,0,5;1,3;4;3,5,4
STTLL|1224,576712,36057,142|1,3;1,3;2,0,5;3,5,4;4
STTLL|1224,576712,36057,3545|1,3;1,3;2,0,5;4;3,5,4
STTLO|198,23,71,204|1;2,0,5;1,5;1,3,5;0,5
STTLZ|1224,78,23,201|1,3;2,0,5,3;2,0,5;1,5,3;1,4
STTLZ|1224,78,36046,3534|1,3;2,0,5,3;1,3;4;2,4
STTLZ|1224,89,1913,201|1,3;2,0,5;4;1,3,5;1,4
STTLZ|1224,576712,36046,3534|1,3;1,3;2,0,5,3;4;2,4
STTOL|198,23,71,887|1;2,0,5;1,5;0,5;3,1,5
STTOL|1224,78,36046,142|1,3;2,0,5,3;1,3;0,5;4
STTOL|1224,576712,36046,142|1,3;1,3;2,0,5,3;0,5;4
STTSO|1224,89,36057,153|1,3;2,0,5;1,3;3;
STTSO|1224,576712,36057,153|1,3;1,3;2,0,5;3;
STTST|198,23,141,27|1;2,0,5;1,5,3;2;1,5,4
STTTJ|306,154,78,23|2;1,5,3,1,5;1,3,5;2,0,5;1,5,4
STTTT|1224,78,23,141|1,3;2,0,5,3;2,0,5;1,5,3;4
STTTT|1224,78,36046,141|1,3;2,0,5,3;1,3;2,0,5;4
STTTT|1224,576712,36046,141|1,3;1,3;2,0,5,3;2,0,5;4
STTTZ|306,114,2242,147|2;1,5,4;1,3;2,0,5;4
STTZL|1224,78,23,887|1,3;2,0,5,3;2,0,5;;3,1,5
STTZL|1224,78,36046,142|1,3;2,0,5,3;1,3;3,5;4
STTZL|1224,576712,36046,142|1,3;1,3;2,0,5,3;3,5;4
STTZO|99,4979,147,51|;2;1,5,3,1,5;4,4;1,5
STTZO|99,36067,147,51|;1,3;2,0,5;4,4;1,5
STZIJ|99,4979,1907,139|;2;4;2,5;4
STZIJ|99,4979,226163,955|;2;;2,5;1,2,5
STZIJ|198,23,887,139|1;2,0,5;;3,5;4
STZIJ|306,86,18038,3310|2;1,5,2,5;2;3,3,5,3,5;2,0,5
STZIJ|1224,576712,36046,2525|1,3;1,3;3,5,3;2,5;2,5
STZIL|198,23,887,887|1;2,0,5;;;3,1,5
STZJI|198,23,887,30583|1;2,0,5;;4;2,5
STZJI|1224,576712,36046,61166|1,3;1,3;3,5,3;2,5;3,5
STZJT|1224,576712,36046,141|1,3;1,3;3,5,3;2,5,0,5;4
STZLZ|1224,576712,36046,3534|1,3;1,3;3,5,3;4;2,4
STZOL|1224,576712,36046,142|1,3;1,3;3,5,3;0,5;4
STZTJ|306,1074,198,23|2;1,5;1,3,4;2,0,5;1,5,4
STZTL|1224,78,39,142|1,3;2,0,5,3;3,5;3,1,5;4
STZTO|1224,576712,36073,153|1,3;1,3;3,5;2,0,5;
STZTT|1224,576712,36046,141|1,3;1,3;3,5,3;2,0,5;4
STZZL|306,154,58,142|2;1,5,3,1,5;4;1,5,3;4
STZZL|1224,576712,36046,142|1,3;1,3;3,5,3;3,5;4
SZIIT|198,18150,1399,141|1;2;3,5;3,5;4
SZIIT|612,28260,1909,141|3;4;3,5;2,5;4
SZIJL|198,39,2186,142|1;3,5;3;4;4
SZIJL|306,114,2186,142|2;4;3;4;4
SZIJL|1224,78,277,29|1,3;3,5,3;3;1,5,4;4,5
SZILJ|198,39,2186,139|1;3,5;3;4;4
SZILJ|306,114,2186,139|2;4;3;4;4
SZILJ|1224,78,277,23|1,3;3,5,3;3;4,5;1,5,4
SZITI|198,18150,1399,30583|1;2;3,5;4;2,5
SZITJ|198,39,2186,3310|1;3,5;3;3;2,0,5
SZITJ|306,114,2186,3310|2;4;3;3;2,0,5
SZITJ|1224,78,78,23|1,3;3,5,3;;2,0,5;1,5,4
SZITJ|1224,78,277,2525|1,3;3,5,3;3;1,5,3;2,5
SZITL|198,39,39,142|1;3,5;;3,1,5;4
SZITL|198,39,2186,2491|1;3,5;3;2;1,3,5
SZITL|306,114,2186,2491|2;4;3;2;1,3,5
SZITL|1224,78,277,887|1,3;3,5,3;3;1,5,2;3,1,5
SZJIL|198,39,1895,142|1;3,5;4;2,5;4
SZJIL|198,18150,1910,142|1;2;2,0,5;2,5;4
SZJIL|1224,78,3790,29|1,3;3,5,3;4;3,5;4,5
SZJJO|306,114,226,51|2;4;4;2,5;1,5
SZJJS|1224,105,3817,57|1,3;3,5;4;2,5;4
SZJJS|1224,105,12665,57|1,3;3,5;2;1,3,5,3;4
SZJLO|1224,105,12665,153|1,3;3,5;2;3,5,1,5,2,3;
SZJLS|198,39,12599,2871|1;3,5;2;1,2,5,3;3,4
SZJLZ|1224,78,5966,3534|1,3;3,5,3;;1,5,3,5;2,4
SZJTI|198,39,12599,30583|1;3,5;2;1,2,5,4;2,5
SZJTL|198,39,12599,887|1;3,5;2;1,2,5,2;3,1,5
SZJTS|198,39,12599,57|1;3,5;2;3,1,5;4
SZJTT|1224,78,53,141|1,3;3,5,3;2,0,5;3,1,5;4
SZJZL|198,39,12599,887|1;3,5;2;1,5,3,5,2;3,1,5
SZLIJ|198,39,1847,139|1;3,5;4;2,5;4
SZLIJ|1224,78,3694,23|1,3;3,5,3;1,4;3,5;1,5,4
SZLIL|1224,222408,60616,3545|1,3;;3,1,5;3,5;3,5,4
SZLJO|99,13923,3811,51|;;3,1,5;2,5;1,5
SZLJO|1224,105,51433,153|1,3;3,5;1,3;2,5,0,5,3,2;
SZLJS|198,39,36391,2871|1;3,5;1;2,5;3,4
SZLJZ|1224,78,51406,3534|1,3;3,5,3;1,3;3,5,2;2,4
SZLLZ|1224,105,1913,201|1,3;3,5;4;1,3,5;1,4
SZLLZ|1224,105,51433,201|1,3;3,5;1,3;2,5,2;1,4
SZLSJ|1224,78,51406,3310|1,3;3,5,3;1,3;2,5,3;2,0,5
SZLTI|1224,78,51406,61166|1,3;3,5,3;1,3;3,5,4;3,5
SZLTJ|1224,78,51406,3310|1,3;3,5,3;1,3;3,5,3;2,0,5
SZLTT|198,39,202,27|1;3,5;3,1,5;2,0,5;1,5,4
SZLTT|306,114,202,27|2;4;1,3,5;2,0,5;1,5,4
SZLTZ|1224,78,51406,201|1,3;3,5,3;1,3;2,0,5;1,4
SZLZL|99,9075,43,142|;3;3,5,1,5;1,5,3;4
SZOJL|306,150,102,887|2;1,5,3;;2,5;3,1,5
SZOLJ|306,150,102,3310|2;1,5,3;;1,3,5;2,0,5
SZOTJ|198,39,3303,23|1;3,5;1,5;2,0,5;1,5,4
SZOTL|1224,78,894,142|1,3;3,5,3;0,5;3,1,5;4
SZSLJ|1224,78,1662,3310|1,3;3,5,3;;1,3,5;2,0,5
SZSTJ|198,39,78,23|1;3,5;3,1,5;2,0,5;1,5,4
SZSTJ|306,150,198,23|2;1,5,3;4;2,0,5;1,5,4
SZTIJ|198,39,18023,3310|1;3,5;3;3,5,3,3,5;2,0,5
SZTIJ|1224,78,23,23|1,3;3,5,3;2,0,5;;1,5,4
SZTIJ|1224,78,36046,2525|1,3;3,5,3;1,3;2,5;2,5
SZTIL|198,39,142,142|1;3,5;3,1,5;;4
SZTIL|198,39,4919,2491|1;3,5;2;3,5;1,3,5
SZTIL|1224,78,9838,887|1,3;3,5,3;2;3,5;3,1,5
SZTJI|198,39,18023,30583|1;3,5;3;2,0,5;2,5
SZTJI|1224,78,36046,61166|1,3;3,5,3;1,3;2,5;3,5
SZTJL|198,39,3687,887|1;3,5;4;2,5;3,1,5
SZTJS|198,39,142,57|1;3,5;3,1,5;2;4
SZTJS|198,39,4919,2871|1;3,5;2;1,5,4;3,4
SZTJT|1224,78,36046,141|1,3;3,5,3;1,3;2,5,0,5;4
SZTLI|198,39,4919,30583|1;3,5;2;1,5,3,5;2,5
SZTLI|1224,78,9838,61166|1,3;3,5,3;2;3,1,5;3,5
SZTLJ|1224,78,1902,3310|1,3;3,5,3;4;1,3,5;2,0,5
SZTLT|198,39,4919,27|1;3,5;2;1,5,3,5,1,5;1,5,4
SZTLZ|1224,78,23,201|1,3;3,5,3;2,0,5;1,5,3;1,4
SZTLZ|1224,78,36046,3534|1,3;3,5,3;1,3;4;2,4
SZTOJ|198,39,4919,23|1;3,5;2;1,5;1,5,4
SZTOL|1224,78,36046,142|1,3;3,5,3;1,3;0,5;4
SZTSJ|198,39,142,3310|1;3,5;3,1,5;1;2,0,5
SZTSJ|198,39,4919,23|1;3,5;2;1,5,2,5;1,5,4
SZTTO|1224,105,4985,153|1,3;3,5;2;1,5,3,1,5;
SZTTO|1224,105,36073,153|1,3;3,5;1,3;2,0,5;
SZTTT|198,39,142,27|1;3,5;3,1,5;2;1,5,4
SZTTT|198,39,4919,27|1;3,5;2;1,5,3,1,5;1,5,4
SZTTT|1224,78,23,141|1,3;3,5,3;2,0,5;1,5,3;4
SZTTT|1224,78,36046,141|1,3;3,5,3;1,3;2,0,5;4
SZTTZ|306,114,2242,147|2;4;1,3;2,0,5;4
SZTZL|1224,78,23,887|1,3;3,5,3;2,0,5;;3,1,5
SZTZL|1224,78,36046,142|1,3;3,5,3;1,3;3,5;4
SZZJL|198,39,1767,887|1;3,5;4;2,5;3,1,5
SZZTL|306,150,54,142|2;1,5,3;4;3,1,5;4
SZZTL|306,14130,54,142|2;;1,5,2;3,1,5;4
SZZTL|1224,78,39,142|1,3;3,5,3;3,5;3,1,5;4
TIIIJ|562,562,18038,3310|2,4;;2,5;3,3,5,3,5;2,0,5
TIIIJ|562,562,35514,3310|2,4;;3,5;2,5;2,0,5
TIIIJ|562,18038,3310,3310|2,4;2,5;3,3,5,3,5;;2,0,5
TIIIJ|562,18038,18038,3310|2,4;2,5;;3,3,5,3,5;2,0,5
TIIIJ|562,35514,3310,3310|2,4;3,5;2,5;;2,0,5
TIIIJ|562,35514,35514,3310|2,4;3,5;;2,5;2,0,5
TIIIJ|1124,1124,5493,2525|3;;3,5;2,5;2,5
TIIIJ|1124,1124,36076,2525|3;;3,5,3,3,5;2,5;2,5
TIIIJ|1124,5493,2525,2525|3;3,5;2,5;;2,5
TIIIJ|1124,5493,5493,2525|3;3,5;;2,5;2,5
TIIIJ|1124,36076,2525,2525|3;3,5,3,3,5;2,5;;2,5
TIIIJ|1124,36076,36076,2525|3;3,5,3,3,5;;2,5;2,5
TIIIJ|1220,5589,887,139|3,4;2,5;3,5;3,5;4
TIIIJ|1220,9958,887,139|3,4;3,5;3,5;3,5;4
TIIIJ|2248,2248,6617,955|1,3;;2,5;3,5;1,2,5
TIIIJ|2248,2248,10986,955|1,3;;3,5;3,5;1,2,5
TIIIJ|2248,6617,955,955|1,3;2,5;3,5;;1,2,5
TIIIJ|2248,6617,6617,955|1,3;2,5;;3,5;1,2,5
TIIIJ|2248,10986,955,955|1,3;3,5;3,5;;1,2,5
TIIIJ|2248,10986,10986,955|1,3;3,5;;3,5;1,2,5
TIIIL|305,305,17781,3293|2;;2,5;2,5;3,5
TIIIL|305,305,35257,3293|2;;3,5;2,5;3,5
TIIIL|305,17781,3293,3293|2;2,5;2,5;;3,5
TIIIL|305,17781,17781,3293|2;2,5;;2,5;3,5
TIIIL|305,35257,3293,3293|2;3,5;2,5;;3,5
TIIIL|305,35257,35257,3293|2;3,5;;2,5;3,5
TIIIL|562,18038,3310,29|2,4;2,5;3,3,5,3,5;3,5;4,5
TIIIL|562,35514,3310,29|2,4;3,5;2,5;3,5;4,5
TIIIL|610,610,4979,2491|1,2;;3,5;3,5;1,3,5
TIIIL|610,610,35562,2491|1,2;;3,5,3,2,5;3,5;1,3,5
TIIIL|610,4979,2491,2491|1,2;3,5;3,5;;1,3,5
TIIIL|610,4979,4979,2491|1,2;3,5;;3,5;1,3,5
TIIIL|610,35562,2491,2491|1,2;3,5,3,2,5;3,5;;1,3,5
TIIIL|610,35562,35562,2491|1,2;3,5,3,2,5;;3,5;1,3,5
TIIIL|1220,1220,5589,887|3,4;;2,5;3,5;3,1,5
TIIIL|1220,1220,9958,887|3,4;;3,5;3,5;3,1,5
TIIIL|1220,5589,887,887|3,4;2,5;3,5;;3,1,5
TIIIL|1220,5589,5589,887|3,4;2,5;;3,5;3,1,5
TIIIL|1220,9958,887,887|3,4;3,5;3,5;;3,1,5
TIIIL|1220,9958,9958,887|3,4;3,5;;3,5;3,1,5
TIIJI|1220,5589,887,30583|3,4;2,5;3,5;4;2,5
TIIJI|1220,9958,887,30583|3,4;3,5;3,5;4;2,5
TIIJJ|78,277,35229,139|1;3;2,1,5;2,5;4
TIIJJ|78,559310,35229,139|1;3,3,5,3;3,5,0,5;2,5;4
TIIJJ|228,277,35229,139|1,4;3;2,1,5;2,5;4
TIIJL|39,39,2186,142|;;3;4;4
TIIJL|39,2186,2186,142|;3;;4;4
TIIJL|78,78,277,29|1;;3;1,5,4;4,5
TIIJL|78,277,277,29|1;3;;1,5,4;4,5
TIIJL|78,277,35229,3293|1;3;2,1,5;3,5;3,5
TIIJL|78,559310,35229,3293|1;3,3,5,3;3,5,0,5;3,5;3,5
TIIJL|114,114,2186,142|4;;3;4;4
TIIJL|114,2186,2186,142|4;3;;4;4
TIIJL|228,228,277,29|1,4;;3;1,5,4;4,5
TIIJL|228,277,277,29|1,4;3;;1,5,4;4,5
TIIJL|228,277,35229,3293|1,4;3;2,1,5;3,5;3,5
TIIJT|1124,1124,36076,141|3;;3,5,3,3,5;2,0,5;4
TIIJT|1124,36076,36076,141|3;3,5,3,3,5;;2,0,5;4
TIIJT|2248,2248,2248,141|1,3;;;2,5,0,3;4
TIIJT|2248,2248,6617,27|1,3;;2,5;2,5;1,5,4
TIIJT|2248,6617,6617,27|1,3;2,5;;2,5;1,5,4
TIILI|562,18038,3310,61166|2,4;2,5;3,3,5,3,5;1,4;3,5
TIILI|562,35514,3310,61166|2,4;3,5;2,5;1,4;3,5
TIILJ|39,39,2186,139|;;3;4;4
TIILJ|39,2186,2186,139|;3;;4;4
TIILJ|39,2186,6555,955|;3;3,0,5;2,5;1,2,5
TIILJ|39,69943,6555,955|;2,2,5,3,4,0,5;2,5,1,5;2,5;1,2,5
TIILJ|78,78,277,23|1;;3;4,5;1,5,4
TIILJ|78,277,277,23|1;3;;4,5;1,5,4
TIILJ|114,114,2186,139|4;;3;4;4
TIILJ|114,2186,2186,139|4;3;;4;4
TIILJ|114,2186,6555,955|4;3;3,0,5;2,5;1,2,5
TIILJ|228,228,277,23|1,4;;3;4,5;1,5,4
TIILJ|228,277,277,23|1,4;3;;4,5;1,5,4
TIILL|39,2186,6555,29|;3;3,0,5;1,5,3,5;4,5
TIILL|39,69943,6555,29|;2,2,5,3,4,0,5;2,5,1,5;1,5,3,5;4,5
TIILL|114,2186,6555,29|4;3;3,0,5;1,5,3,5;4,5
TIILT|305,305,305,27|2;;;1,5,3,5,1,2;1,5,4
TIILT|305,305,35257,141|2;;3,5;3,1,5;4
TIILT|305,35257,35257,141|2;3,5;;3,1,5;4
TIILT|610,610,4979,27|1,2;;3,5;1,5,3,1,5;1,5,4
TIILT|610,4979,4979,27|1,2;3,5;;1,5,3,1,5;1,5,4
TIIOJ|2248,2248,2248,139|1,3;;;0,5;4
TIIOL|305,305,305,29|2;;;1,5;4,5
TIIOT|39,2186,6555,27|;3;3,0,5;;1,5,4
TIIOT|39,69943,6555,27|;2,2,5,3,4,0,5;2,5,1,5;;1,5,4
TIIOT|78,277,35229,141|1;3;2,1,5;;4
TIIOT|78,559310,35229,141|1;3,3,5,3;3,5,0,5;;4
TIIOT|114,2186,6555,27|4;3;3,0,5;;1,5,4
TIIOT|228,277,35229,141|1,4;3;2,1,5;;4
TIISJ|305,305,305,23|2;;;2,5,2;1,5,4
TIISJ|2248,2248,2248,232|1,3;;;4;2,5,3
TIISL|305,17781,3293,29|2;2,5;2,5;3;4,5
TIISL|305,35257,3293,29|2;3,5;2,5;3;4,5
TIISL|1124,5493,2525,3293|3;3,5;2,5;4;3,5
TIISL|1124,36076,2525,3293|3;3,5,3,3,5;2,5;4;3,5
TIISL|2248,2248,6617,3545|1,3;;2,5;1,5,4;3,5,4
TIISL|2248,6617,6617,3545|1,3;2,5;;1,5,4;3,5,4
TIISS|39,2186,6555,3483|;3;3,0,5;1,5,4;3,4
TIISS|39,69943,6555,3483|;2,2,5,3,4,0,5;2,5,1,5;1,5,4;3,4
TIISS|114,2186,6555,3483|4;3;3,0,5;1,5,4;3,4
TIIST|39,2186,6555,27|;3;3,0,5;2,5;1,5,4
TIIST|39,69943,6555,27|;2,2,5,3,4,0,5;2,5,1,5;2,5;1,5,4
TIIST|114,2186,6555,27|4;3;3,0,5;2,5;1,5,4
TIITJ|39,39,2186,3310|;;3;3;2,0,5
TIITJ|39,2186,2186,3310|;3;;3;2,0,5
TIITJ|39,2186,6555,955|;3;3,0,5;2,5;1,2,5
TIITJ|39,69943,6555,955|;2,2,5,3,4,0,5;2,5,1,5;2,5;1,2,5
TIITJ|78,78,78,23|1;;;2,0,5;1,5,4
TIITJ|78,78,277,2525|1;;3;1,5,3;2,5
TIITJ|78,277,277,2525|1;3;;1,5,3;2,5
TIITJ|78,277,35229,139|1;3;2,1,5;2,5;4
TIITJ|78,559310,35229,139|1;3,3,5,3;3,5,0,5;2,5;4
TIITJ|114,114,2186,3310|4;;3;3;2,0,5
TIITJ|114,2186,2186,3310|4;3;;3;2,0,5
TIITJ|114,2186,6555,955|4;3;3,0,5;2,5;1,2,5
TIITJ|228,228,277,2525|1,4;;3;1,5,3;2,5
TIITJ|228,277,277,2525|1,4;3;;1,5,3;2,5
TIITJ|228,277,35229,139|1,4;3;2,1,5;2,5;4
TIITJ|305,305,305,23|2;;;1,5,3,1,5,2;1,5,4
TIITJ|305,305,35257,3001|2;;3,5;4;1,2,5,4
TIITJ|305,35257,35257,3001|2;3,5;;4;1,2,5,4
TIITJ|2248,2248,2248,232|1,3;;;4;2,5,3
TIITL|39,39,39,142|;;;3,1,5;4
TIITL|39,39,2186,2491|;;3;2;1,3,5
TIITL|39,2186,2186,2491|;3;;2;1,3,5
TIITL|39,2186,6555,29|;3;3,0,5;1,5,3,5;4,5
TIITL|39,69943,6555,29|;2,2,5,3,4,0,5;2,5,1,5;1,5,3,5;4,5
TIITL|78,78,277,887|1;;3;1,5,2;3,1,5
TIITL|78,277,277,887|1;3;;1,5,2;3,1,5
TIITL|78,277,35229,3293|1;3;2,1,5;3,1,5;3,5
TIITL|78,559310,35229,3293|1;3,3,5,3;3,5,0,5;3,1,5;3,5
TIITL|114,114,2186,2491|4;;3;2;1,3,5
TIITL|114,2186,2186,2491|4;3;;2;1,3,5
TIITL|114,2186,6555,29|4;3;3,0,5;1,5,3,5;4,5
TIITL|228,228,277,887|1,4;;3;1,5,2;3,1,5
TIITL|228,277,277,887|1,4;3;;1,5,2;3,1,5
TIITL|228,277,35229,3293|1,4;3;2,1,5;3,1,5;3,5
TIITL|305,305,305,113|2;;;1,5,4;1,3,5,2
TIITL|2248,2248,2248,142|1,3;;;2,0,5,3;4
TIITL|2248,2248,6617,3545|1,3;;2,5;1,5,4;3,5,4
TIITL|2248,6617,6617,3545|1,3;2,5;;1,5,4;3,5,4
TIITO|305,305,305,153|2;;;1,5,3,1,5;
TIITO|2248,2248,2248,153|1,3;;;2,0,5;
TIITS|39,2186,6555,3483|;3;3,0,5;1,5,4;3,4
TIITS|39,69943,6555,3483|;2,2,5,3,4,0,5;2,5,1,5;1,5,4;3,4
TIITS|114,2186,6555,3483|4;3;3,0,5;1,5,4;3,4
TIITS|1124,1124,36076,156|3;;3,5,3,3,5;2,0,5;1,5,4
TIITS|1124,36076,36076,156|3;3,5,3,3,5;;2,0,5;1,5,4
TIITS|2248,2248,6617,57|1,3;;2,5;2,5;4
TIITS|2248,6617,6617,57|1,3;2,5;;2,5;4
TIITZ|78,277,35229,2973|1;3;2,1,5;4;1,2,4
TIITZ|78,559310,35229,2973|1;3,3,5,3;3,5,0,5;4;1,2,4
TIITZ|228,277,35229,2973|1,4;3;2,1,5;4;1,2,4
TIITZ|305,305,35257,201|2;;3,5;3,1,5;1,4
TIITZ|305,35257,35257,201|2;3,5;;3,1,5;1,4
TIITZ|610,610,4979,147|1,2;;3,5;1,5,3,1,5;4
TIITZ|610,4979,4979,147|1,2;3,5;;1,5,3,1,5;4
TIIZJ|305,305,35257,3001|2;;3,5;4;1,2,5,4
TIIZJ|305,35257,35257,3001|2;3,5;;4;1,2,5,4
TIIZJ|610,4979,2491,955|1,2;3,5;3,5;4;1,2,5
TIIZJ|610,35562,2491,955|1,2;3,5,3,2,5;3,5;4;1,2,5
TIIZJ|2248,6617,955,139|1,3;2,5;3,5;1,5,2;4
TIIZJ|2248,10986,955,139|1,3;3,5;3,5;1,5,2;4
TIIZL|305,305,305,113|2;;;4;1,3,5,2
TIIZL|2248,2248,2248,142|1,3;;;3,5,3;4
TIIZT|78,277,35229,141|1;3;2,1,5;2,5;4
TIIZT|78,559310,35229,141|1;3,3,5,3;3,5,0,5;2,5;4
TIIZT|228,277,35229,141|1,4;3;2,1,5;2,5;4
TIIZZ|78,277,35229,2973|1;3;2,1,5;4;1,2,4
TIIZZ|78,559310,35229,2973|1;3,3,5,3;3,5,0,5;4;1,2,4
TIIZZ|228,277,35229,2973|1,4;3;2,1,5;4;1,2,4
TIJIJ|78,277,1847,139|1;3;1,5,2;2,5;4
TIJIJ|78,559310,36046,2525|1;3,3,5,3;4;2,5;2,5
TIJIJ|78,559310,584430,139|1;3,3,5,3;2;3,5;4
TIJIJ|228,277,1847,139|1,4;3;1,5,2;2,5;4
TIJIL|39,39,1895,142|;;4;2,5;4
TIJIL|39,2186,142,142|;3;4;;4
TIJIL|39,69943,4919,2491|;2,2,5,3,4,0,5;1,5;3,5;1,3,5
TIJIL|78,78,3790,29|1;;4;3,5;4,5
TIJIL|78,277,29,29|1;3;1,5,4;;4,5
TIJIL|78,277,17781,3293|1;3;3,5;2,5;3,5
TIJIL|78,559310,35502,2491|1;3,3,5,3;3;3,5;1,3,5
TIJIL|114,2186,142,142|4;3;4;;4
TIJIL|228,277,29,29|1,4;3;1,5,4;;4,5
TIJIL|228,277,17781,3293|1,4;3;3,5;2,5;3,5
TIJIT|305,305,1399,141|2;;1,5,2,5,4;3,5;4
TIJIT|610,35562,3818,27|1,2;3,5,3,2,5;4;3,5;1,5,4
TIJIT|1124,1124,1909,141|3;;2,0,5;2,5;4
TIJIT|1124,36076,141,141|3;3,5,3,3,5;2,0,5;;4
TIJIT|1220,5589,1909,141|3,4;2,5;2,5;2,5;4
TIJIT|2248,2248,141,141|1,3;;2,5,0,3;;4
TIJIT|2248,2248,3818,27|1,3;;2,5;3,5;1,5,4
TIJIT|2248,6617,27,27|1,3;2,5;2,5;;1,5,4
TIJJI|39,69943,120183,30583|;2,2,5,3,4,0,5;1,5,2;2,5;2,5
TIJJI|78,559310,36046,61166|1;3,3,5,3;4;2,5;3,5
TIJJJ|562,562,2750,3310|2,4;;1,3,5;1,2,5;2,0,5
TIJJJ|2248,2248,2795,955|1,3;;3,5;2,5;1,2,5
TIJJL|305,305,177,113|2;;1,5,4;4;1,3,5,2
TIJJL|305,305,2493,3293|2;;1,5,3,5;1,2,5;3,5
TIJJL|305,35257,6585,29|2;3,5;;1,5,2,5,4;4,5
TIJJL|305,35257,6585,3545|2;3,5;;1,5,2,5,4,4;3,5,4
TIJJL|1124,36076,141,29|3;3,5,3,3,5;2,0,5;;4,5
TIJJL|1220,1220,1767,887|3,4;;3,5;2,5;3,1,5
TIJJL|2248,2248,141,29|1,3;;2,5,0,3;;4,5
TIJJO|114,114,226,51|4;;4;2,5;1,5
TIJJS|39,2186,142,57|;3;4;2;4
TIJJS|39,69943,4919,2871|;2,2,5,3,4,0,5;1,5;1,5,4;3,4
TIJJS|114,2186,142,57|4;3;4;2;4
TIJJT|78,559310,35005,141|1;3,3,5,3;2,0,5;4;4
TIJJT|78,559310,36046,141|1;3,3,5,3;4;2,5,0,5;4
TIJJZ|78,559310,35278,3534|1;3,3,5,3;;4;2,4
TIJLI|39,69943,4919,30583|;2,2,5,3,4,0,5;1,5;1,5,3,5;2,5
TIJLI|78,559310,35502,61166|1;3,3,5,3;3;3,5;3,5
TIJLJ|305,35257,6585,3001|2;3,5;;4,5;1,2,5,4
TIJLJ|2248,2248,456,232|1,3;;;4,5;2,5,3
TIJLJ|2248,6617,27,139|1,3;2,5;2,5;1,5;4
TIJLL|305,35257,6585,29|2;3,5;;1,5,3,5;4,5
TIJLO|78,277,29,51|1;3;1,5,4;3,5;1,5
TIJLO|228,277,29,51|1,4;3;1,5,4;3,5;1,5
TIJLS|39,39,12599,2871|;;2;1,2,5,3;3,4
TIJLT|39,69943,4919,27|;2,2,5,3,4,0,5;1,5;1,5,3,5,1,5;1,5,4
TIJLT|78,277,29,141|1;3;1,5,4;1,5;4
TIJLT|228,277,29,141|1,4;3;1,5,4;1,5;4
TIJLZ|78,78,5966,3534|1;;;1,5,3,5;2,4
TIJLZ|78,559310,36046,3534|1;3,3,5,3;4;4;2,4
TIJOJ|39,69943,4919,23|;2,2,5,3,4,0,5;1,5;1,5;1,5,4
TIJOJ|39,69943,6551,23|;2,2,5,3,4,0,5;1,5,3;;1,5,4
TIJOL|78,277,29,3293|1;3;1,5,4;1;3,5
TIJOL|78,559310,36046,142|1;3,3,5,3;4;0,5;4
TIJOL|228,277,29,3293|1,4;3;1,5,4;1;3,5
TIJSJ|39,2186,142,3310|;3;4;1;2,0,5
TIJSJ|39,69943,4919,23|;2,2,5,3,4,0,5;1,5;1,5,2,5;1,5,4
TIJSJ|114,2186,142,3310|4;3;4;1;2,0,5
TIJSL|39,69943,4535,887|;2,2,5,3,4,0,5;1,5,4;2,5;3,1,5
TIJSL|78,559310,35278,142|1;3,3,5,3;;1,4;4
TIJSS|305,35257,6585,57|2;3,5;;2,5;4
TIJST|1124,36076,141,27|3;3,5,3,3,5;2,0,5;2;1,5,4
TIJST|2248,2248,141,27|1,3;;2,5,0,3;2;1,5,4
TIJTI|39,39,12599,30583|;;2;1,2,5,4;2,5
TIJTI|305,305,1399,30583|2;;1,5,2,5,4;4;2,5
TIJTJ|39,69943,4535,23|;2,2,5,3,4,0,5;1,5,4;1,5,4;1,5,4
TIJTL|39,39,12599,887|;;2;1,2,5,2;3,1,5
TIJTS|39,39,12599,57|;;2;3,1,5;4
TIJTT|39,2186,142,27|;3;4;2;1,5,4
TIJTT|39,69943,4919,27|;2,2,5,3,4,0,5;1,5;1,5,3,1,5;1,5,4
TIJTT|78,78,53,141|1;;2,0,5;3,1,5;4
TIJTT|78,277,53,141|1;3;1,5;3,1,5;4
TIJTT|78,559310,36046,141|1;3,3,5,3;4;2,0,5;4
TIJTT|114,2186,142,27|4;3;4;2;1,5,4
TIJTT|228,228,53,141|1,4;;2,5;3,1,5;4
TIJTT|228,277,53,141|1,4;3;1,5;3,1,5;4
TIJZJ|78,559310,35278,139|1;3,3,5,3;;2,4;4
TIJZJ|78,559310,35278,3310|1;3,3,5,3;;3;2,0,5
TIJZL|39,39,12599,887|;;2;1,5,3,5,2;3,1,5
TIJZL|78,559310,36046,142|1;3,3,5,3;4;3,5;4
TIJZS|2248,2248,456,57|1,3;;;2,4;4
TIJZT|2248,6617,27,141|1,3;2,5;2,5;1,3;4
TILIJ|39,39,1847,139|;;4;2,5;4
TILIJ|39,2186,139,139|;3;4;;4
TILIJ|39,2186,10986,955|;3;2,1;3,5;1,2,5
TILIJ|39,69943,5463,2525|;2,2,5,3,4,0,5;1,5,2;2,5;2,5
TILIJ|39,69943,210743,955|;2,2,5,3,4,0,5;2,5;3,5;1,2,5
TILIJ|78,78,3694,23|1;;1,4;3,5;1,5,4
TILIJ|78,277,23,23|1;3;4,5;;1,5,4
TILIJ|78,559310,36046,2525|1;3,3,5,3;;2,5;2,5
TILIJ|114,2186,139,139|4;3;4;;4
TILIJ|114,2186,10986,955|4;3;2,1;3,5;1,2,5
TILIJ|228,277,23,23|1,4;3;4,5;;1,5,4
TILIL|39,2186,3790,29|;3;3;3,5;4,5
TILIL|39,69943,4919,2491|;2,2,5,3,4,0,5;4,5;3,5;1,3,5
TILIL|39,69943,95607,29|;2,2,5,3,4,0,5;1,5,3;2,5;4,5
TILIL|114,2186,3790,29|4;3;3;3,5;4,5
TILIT|305,305,27,27|2;;1,5,3,5,1,2;;1,5,4
TILIT|305,305,1909,141|2;;1,5,3,5;2,5;4
TILIT|305,35257,141,141|2;3,5;3,1,5;;4
TILIT|562,35514,3818,27|2,4;3,5;3,5;3,5;1,5,4
TILIT|610,610,3818,27|1,2;;3,1,5;3,5;1,5,4
TILIT|610,4979,27,27|1,2;3,5;1,5,3,1,5;;1,5,4
TILIT|1124,5493,1909,141|3;3,5;4,5;2,5;4
TILIT|2248,2248,2798,27|1,3;;2,5,1;3,5;1,5,4
TILJI|39,69943,5463,30583|;2,2,5,3,4,0,5;1,5,2;2,5;2,5
TILJI|78,559310,36046,61166|1;3,3,5,3;;2,5;3,5
TILJJ|2248,6617,35289,139|1,3;2,5;1,5;2,5;4
TILJL|305,305,2097,113|2;;1,5;4;1,3,5,2
TILJL|305,35257,141,29|2;3,5;3,1,5;;4,5
TILJL|2248,6617,35289,3545|1,3;2,5;1,5;4;3,5,4
TILJO|39,2186,139,204|;3;4;3,4,5;0,5
TILJO|114,2186,139,204|4;3;4;3,4,5;0,5
TILJS|39,39,36391,2871|;;1;2,5;3,4
TILJS|39,69943,4919,2871|;2,2,5,3,4,0,5;4,5;1,5,4;3,4
TILJT|39,2186,139,27|;3;4;;1,5,4
TILJT|78,559310,36046,141|1;3,3,5,3;;2,5,0,5;4
TILJT|114,2186,139,27|4;3;4;;1,5,4
TILJZ|78,78,51406,3534|1;;1,3;3,5,2;2,4
TILLI|39,69943,4919,30583|;2,2,5,3,4,0,5;4,5;1,5,3,5;2,5
TILLI|78,559310,572142,61166|1;3,3,5,3;3;3,5;3,5
TILLJ|305,305,27,139|2;;1,5,3,5,1,2;1,5;4
TILLJ|562,562,1662,3310|2,4;;1,2,5;1,3,5;2,0,5
TILLJ|610,4979,27,139|1,2;3,5;1,5,3,1,5;1,5;4
TILLJ|2248,2248,216,232|1,3;;4;4;2,5,3
TILLJ|2248,2248,2523,955|1,3;;2,5;3,5;1,2,5
TILLJ|2248,6617,35289,139|1,3;2,5;1,5;3,5,4;4
TILLJ|2248,6617,35289,3001|1,3;2,5;1,5;3,5,4,4;1,2,5,4
TILLL|305,305,1405,3293|2;;1,5,2,5;1,3,5;3,5
TILLL|1220,1220,1495,887|3,4;;2,5;3,5;3,1,5
TILLO|228,228,116,204|1,4;;4;1,3,5;0,5
TILLS|39,69943,6455,2871|;2,2,5,3,4,0,5;1,5;4,5;3,4
TILLT|39,69943,4571,27|;2,2,5,3,4,0,5;1,5,3,1,5;4,5;1,5,4
TILLT|39,69943,4919,27|;2,2,5,3,4,0,5;4,5;1,5,3,5,1,5;1,5,4
TILLZ|78,277,23,201|1;3;4,5;1,5,3;1,4
TILLZ|78,559310,36046,3534|1;3,3,5,3;;4;2,4
TILLZ|228,277,23,201|1,4;3;4,5;1,5,3;1,4
TILOJ|39,2186,139,955|;3;4;0;1,2,5
TILOJ|39,69943,4919,23|;2,2,5,3,4,0,5;4,5;1,5;1,5,4
TILOJ|114,2186,139,955|4;3;4;0;1,2,5
TILOL|78,559310,35230,142|1;3,3,5,3;2;;4
TILOL|78,559310,36046,142|1;3,3,5,3;;0,5;4
TILSJ|39,69943,4919,23|;2,2,5,3,4,0,5;4,5;1,5,2,5;1,5,4
TILSJ|78,78,51406,3310|1;;1,3;2,5,3;2,0,5
TILSL|39,69943,6455,29|;2,2,5,3,4,0,5;1,5;1,5,3,4;4,5
TILSL|39,69943,6455,887|;2,2,5,3,4,0,5;1,5;2,5;3,1,5
TILST|305,35257,141,27|2;3,5;3,1,5;2;1,5,4
TILSZ|305,305,2097,201|2;;1,5;4,2;1,4
TILTI|78,78,51406,61166|1;;1,3;3,5,4;3,5
TILTI|2248,2248,2798,61166|1,3;;2,5,1;4;3,5
TILTJ|78,78,51406,3310|1;;1,3;3,5,3;2,0,5
TILTL|78,559310,35038,142|1;3,3,5,3;4;4;4
TILTS|39,69943,210743,2871|;2,2,5,3,4,0,5;2,5;3,1,5;3,4
TILTT|39,39,202,27|;;3,1,5;2,0,5;1,5,4
TILTT|39,2186,202,27|;3;;2,0,5;1,5,4
TILTT|39,69943,4919,27|;2,2,5,3,4,0,5;4,5;1,5,3,1,5;1,5,4
TILTT|78,277,23,141|1;3;4,5;1,5,3;4
TILTT|78,559310,36046,141|1;3,3,5,3;;2,0,5;4
TILTT|114,114,202,27|4;;1,3,5;2,0,5;1,5,4
TILTT|114,2186,202,27|4;3;;2,0,5;1,5,4
TILTT|228,277,23,141|1,4;3;4,5;1,5,3;4
TILTZ|78,78,51406,201|1;;1,3;2,0,5;1,4
TILZJ|39,69943,6455,23|;2,2,5,3,4,0,5;1,5;4;1,5,4
TILZJ|78,559310,35038,3310|1;3,3,5,3;4;3;2,0,5
TILZL|78,277,23,887|1;3;4,5;;3,1,5
TILZL|78,559310,36046,142|1;3,3,5,3;;3,5;4
TILZL|228,277,23,887|1,4;3;4,5;;3,1,5
TILZT|305,305,27,141|2;;1,5,3,5,1,2;1,3;4
TILZT|610,4979,27,141|1,2;3,5;1,5,3,1,5;1,3;4
TILZZ|2248,6617,35289,201|1,3;2,5;1,5;3;1,4
TIOIJ|2248,2248,139,139|1,3;;0,5;;4
TIOIL|305,305,29,29|2;;1,5;;4,5
TIOIT|39,2186,3818,27|;3;;3,5;1,5,4
TIOIT|39,69943,96055,27|;2,2,5,3,4,0,5;;2,5;1,5,4
TIOIT|78,277,1909,141|1;3;;2,5;4
TIOIT|78,559310,585422,141|1;3,3,5,3;;3,5;4
TIOIT|114,2186,3818,27|4;3;;3,5;1,5,4
TIOIT|228,277,1909,141|1,4;3;;2,5;4
TIOJL|78,559310,35006,142|1;3,3,5,3;0,5;4;4
TIOJO|562,562,46,51|2,4;;1,5;2,5;1,5
TIOJO|2248,2248,139,204|1,3;;0,5;3,4,5;0,5
TIOJT|2248,2248,139,27|1,3;;0,5;;1,5,4
TIOLJ|39,69943,4567,23|;2,2,5,3,4,0,5;1,5;4,5;1,5,4
TIOLO|305,305,29,51|2;;1,5;3,5;1,5
TIOLO|1220,1220,71,204|3,4;;0,5;1,3,5;0,5
TIOLT|305,305,29,141|2;;1,5;1,5;4
TIOOJ|562,562,46,3310|2,4;;1,5;1,5;2,0,5
TIOOJ|2248,2248,139,955|1,3;;0,5;0;1,2,5
TIOOL|305,305,29,3293|2;;1,5;1;3,5
TIOOL|1220,1220,71,887|3,4;;0,5;0,5;3,1,5
TIOTJ|39,39,3303,23|;;1,5;2,0,5;1,5,4
TIOTJ|78,559310,35006,3310|1;3,3,5,3;0,5;3;2,0,5
TIOTL|39,69943,4567,887|;2,2,5,3,4,0,5;1,5;1,5,2;3,1,5
TIOTL|78,78,894,142|1;;0,5;3,1,5;4
TISIJ|305,305,23,23|2;;2,5,2;;1,5,4
TISIJ|2248,2248,232,232|1,3;;4;;2,5,3
TISIL|305,17781,96117,29|2;2,5;3;2,5;4,5
TISIL|305,35257,113593,29|2;3,5;3;2,5;4,5
TISIL|1124,36076,3820,29|3;3,5,3,3,5;4;3,5;4,5
TISIL|2248,6617,3545,3545|1,3;2,5;1,5,4;;3,5,4
TISIO|78,559310,35054,153|1;3,3,5,3;4;3,0,5;
TISIS|39,2186,52874,3483|;3;3,3;3,5;3,4
TISIS|114,2186,52874,3483|4;3;3,3;3,5;3,4
TISIT|39,2186,2798,27|;3;2;3,5;1,5,4
TISIT|39,69943,79735,27|;2,2,5,3,4,0,5;2,5;3,5;1,5,4
TISIT|114,2186,2798,27|4;3;2;3,5;1,5,4
TISJJ|39,2186,52874,3310|;3;3,3;2,0,5,2;2,0,5
TISJJ|78,559310,35054,139|1;3,3,5,3;4;2,5;4
TISJJ|78,559310,35054,3310|1;3,3,5,3;4;4;2,0,5
TISJJ|114,2186,52874,3310|4;3;3,3;2,0,5,2;2,0,5
TISJL|39,69943,277,29|;2,2,5,3,4,0,5;1,5,2,5;1,5,4;4,5
TISJS|2248,2248,232,57|1,3;;4;2,5,3,2;4
TISJT|305,35257,113593,27|2;3,5;3;1,5,2,5,4;1,5,4
TISLJ|39,69943,277,23|;2,2,5,3,4,0,5;1,5,2,5;4,5;1,5,4
TISLJ|39,69943,79735,23|;2,2,5,3,4,0,5;2,5;1,5,3,1,5;1,5,4
TISLJ|78,78,1662,3310|1;;;1,3,5;2,0,5
TISLJ|78,559310,35054,3310|1;3,3,5,3;4;;2,0,5
TISLL|78,559310,35054,142|1;3,3,5,3;4;4;4
TISLS|2248,6617,3545,57|1,3;2,5;1,5,4;3,5,4,4;4
TISLZ|305,305,23,201|2;;2,5,2;1,5,3;1,4
TISOI|78,559310,35054,61166|1;3,3,5,3;4;;3,5
TISTI|39,2186,2798,61166|;3;2;4;3,5
TISTI|39,69943,79735,30583|;2,2,5,3,4,0,5;2,5;1,5,4;2,5
TISTI|114,2186,2798,61166|4;3;2;4;3,5
TISTJ|39,39,78,23|;;3,1,5;2,0,5;1,5,4
TISTJ|39,69943,277,2525|;2,2,5,3,4,0,5;1,5,2,5;1,5,3;2,5
TISTJ|78,559310,564206,3310|1;3,3,5,3;2;3,1,5;2,0,5
TISTJ|305,35257,113593,3001|2;3,5;3;1,5,4;1,2,5,4
TISTL|39,69943,277,887|;2,2,5,3,4,0,5;1,5,2,5;1,5,2;3,1,5
TISTT|305,305,23,141|2;;2,5,2;1,5,3;4
TISZI|39,69943,79735,30583|;2,2,5,3,4,0,5;2,5;4;2,5
TISZL|305,305,23,887|2;;2,5,2;;3,1,5
TITIJ|39,39,18023,3310|;;3;3,5,3,3,5;2,0,5
TITIJ|39,2186,3310,3310|;3;3;;2,0,5
TITIJ|39,2186,11946,955|;3;4,3;3,5;1,2,5
TITIJ|39,69943,226103,955|;2,2,5,3,4,0,5;2,5;2,5;1,2,5
TITIJ|78,78,23,23|1;;2,0,5;;1,5,4
TITIJ|78,78,36046,2525|1;;1,3;2,5;2,5
TITIJ|78,277,887,139|1;3;1,5,2;3,5;4
TITIJ|78,277,2525,2525|1;3;1,5,3;;2,5
TITIJ|78,559310,569070,139|1;3,3,5,3;2;3,5;4
TITIJ|114,2186,3310,3310|4;3;3;;2,0,5
TITIJ|114,2186,11946,955|4;3;4,3;3,5;1,2,5
TITIJ|228,277,887,139|1,4;3;1,5,2;3,5;4
TITIJ|228,277,2525,2525|1,4;3;1,5,3;;2,5
TITIJ|305,305,23,23|2;;1,5,3,1,5,2;;1,5,4
TITIJ|305,305,29489,3001|2;;4;2,5;1,2,5,4
TITIJ|305,35257,3001,3001|2;3,5;4;;1,2,5,4
TITIJ|610,4979,1907,139|1,2;3,5;1,5,4;2,5;4
TITIJ|610,35562,10986,955|1,2;3,5,3,2,5;;3,5;1,2,5
TITIJ|2248,2248,232,232|1,3;;4;;2,5,3
TITIL|39,39,142,142|;;3,1,5;;4
TITIL|39,39,4919,2491|;;2;3,5;1,3,5
TITIL|39,2186,2491,2491|;3;2;;1,3,5
TITIL|39,2186,3310,29|;3;3;3,5;4,5
TITIL|39,69943,87927,29|;2,2,5,3,4,0,5;1,5,3;2,5;4,5
TITIL|78,78,9838,887|1;;2;3,5;3,1,5
TITIL|78,277,887,887|1;3;1,5,2;;3,1,5
TITIL|78,277,18261,3293|1;3;3,1,5;2,5;3,5
TITIL|114,2186,2491,2491|4;3;2;;1,3,5
TITIL|114,2186,3310,29|4;3;3;3,5;4,5
TITIL|228,277,887,887|1,4;3;1,5,2;;3,1,5
TITIL|228,277,18261,3293|1,4;3;3,1,5;2,5;3,5
TITIL|305,305,113,113|2;;1,5,4;;1,3,5,2
TITIL|1124,5493,17781,3293|3;3,5;1,5;2,5;3,5
TITIL|1124,36076,3820,29|3;3,5,3,3,5;4;3,5;4,5
TITIL|2248,2248,142,142|1,3;;2,0,5,3;;4
TITIL|2248,6617,3545,3545|1,3;2,5;1,5,4;;3,5,4
TITIO|39,69943,4471,153|;2,2,5,3,4,0,5;1,5,4;2,1,5;
TITIO|78,559310,35054,153|1;3,3,5,3;4;3,0,5;
TITIO|305,305,153,153|2;;1,5,3,1,5;;
TITIO|2248,2248,153,153|1,3;;2,0,5;;
TITIS|39,2186,60554,3483|;3;3,3;3,5;3,4
TITIS|114,2186,60554,3483|4;3;3,3;3,5;3,4
TITIS|1124,1124,6004,156|3;;2,0,5;2,5;1,5,4
TITIS|1124,36076,156,156|3;3,5,3,3,5;2,0,5;;1,5,4
TITIS|2248,2248,12008,57|1,3;;2;3,5;4
TITIS|2248,6617,57,57|1,3;2,5;2,5;;4
TITIZ|78,277,29461,2973|1;3;4;2,5;1,2,4
TITIZ|228,277,29461,2973|1,4;3;4;2,5;1,2,4
TITIZ|305,305,18289,201|2;;1,5,3;2,5;1,4
TITIZ|305,35257,201,201|2;3,5;3,1,5;;1,4
TITIZ|610,610,36578,147|1,2;;3,1,5;3,5;4
TITIZ|610,4979,147,147|1,2;3,5;1,5,3,1,5;;4
TITJI|39,39,18023,30583|;;3;2,0,5;2,5
TITJI|39,69943,89463,30583|;2,2,5,3,4,0,5;1,5,2;2,5;2,5
TITJI|78,78,36046,61166|1;;1,3;2,5;3,5
TITJI|78,277,887,30583|1;3;1,5,2;4;2,5
TITJI|78,559310,569070,61166|1;3,3,5,3;2;4;3,5
TITJI|228,277,887,30583|1,4;3;1,5,2;4;2,5
TITJJ|39,2186,170,955|;3;;2,5;1,2,5
TITJJ|39,2186,170,3310|;3;;1,2,5;2,0,5
TITJJ|39,69943,4471,23|;2,2,5,3,4,0,5;1,5,4;1,5,4;1,5,4
TITJJ|78,559310,35054,139|1;3,3,5,3;4;2,5;4
TITJJ|78,559310,35054,3310|1;3,3,5,3;4;4;2,0,5
TITJJ|114,2186,170,955|4;3;;2,5;1,2,5
TITJJ|114,2186,170,3310|4;3;;1,2,5;2,0,5
TITJJ|562,562,170,955|2,4;;3,1,5;2,5;1,2,5
TITJJ|562,562,170,3310|2,4;;3,1,5;1,2,5;2,0,5
TITJJ|2248,2248,170,955|1,3;;3,5;2,5;1,2,5
TITJJ|2248,2248,170,3310|1,3;;3,5;1,2,5;2,0,5
TITJL|39,39,3687,887|;;4;2,5;3,1,5
TITJL|39,69943,4471,887|;2,2,5,3,4,0,5;1,5,4;1,5;3,1,5
TITJL|305,305,153,3293|2;;1,5,3,1,5;1,2,5;3,5
TITJL|562,562,102,887|2,4;;1,2,5;2,5;3,1,5
TITJL|1220,1220,102,887|3,4;;3,5;2,5;3,1,5
TITJL|2248,2248,153,3293|1,3;;2,0,5;1,2,5;3,5
TITJO|39,69943,281,153|;2,2,5,3,4,0,5;1,5,3,1,5;1,5,4;
TITJO|78,559310,2185,153|1;3,3,5,3;2,0,5;;
TITJO|78,559310,2185,204|1;3,3,5,3;2,0,5;3;0,5
TITJS|39,39,142,57|;;3,1,5;2;4
TITJS|39,39,4919,2871|;;2;1,5,4;3,4
TITJS|39,69943,281,57|;2,2,5,3,4,0,5;1,5,3,1,5;1,5;4
TITJS|2248,2248,142,57|1,3;;2,0,5,3;2;4
TITJS|2248,2248,232,57|1,3;;4;2,5,3,2;4
TITJT|78,78,36046,141|1;;1,3;2,5,0,5;4
TITJT|78,559310,2185,141|1;3,3,5,3;2,0,5;4;4
TITJZ|305,35257,3001,201|2;3,5;4;1,2,5,4,4;1,4
TITLI|39,39,4919,30583|;;2;1,5,3,5;2,5
TITLI|39,2186,3310,61166|;3;3;1,4;3,5
TITLI|39,69943,87927,30583|;2,2,5,3,4,0,5;1,5,3;4,5;2,5
TITLI|78,78,9838,61166|1;;2;3,1,5;3,5
TITLI|78,559310,568302,61166|1;3,3,5,3;3;3,5;3,5
TITLI|114,2186,3310,61166|4;3;3;1,4;3,5
TITLJ|78,78,1902,3310|1;;4;1,3,5;2,0,5
TITLJ|78,559310,35054,3310|1;3,3,5,3;4;;2,0,5
TITLJ|305,305,153,955|2;;1,5,3,1,5;3,5;1,2,5
TITLJ|562,562,102,3310|2,4;;1,2,5;1,3,5;2,0,5
TITLJ|1220,1220,102,3310|3,4;;3,5;1,3,5;2,0,5
TITLJ|2248,2248,153,955|1,3;;2,0,5;3,5;1,2,5
TITLL|39,69943,4471,29|;2,2,5,3,4,0,5;1,5,4;1,5,3,5;4,5
TITLL|39,69943,4471,887|;2,2,5,3,4,0,5;1,5,4;4,5;3,1,5
TITLL|78,277,85,887|1;3;1,5;3,5;3,1,5
TITLL|78,277,85,3293|1;3;1,5;1,3,5;3,5
TITLL|78,559310,35054,142|1;3,3,5,3;4;4;4
TITLL|228,277,85,887|1,4;3;1,5;3,5;3,1,5
TITLL|228,277,85,3293|1,4;3;1,5;1,3,5;3,5
TITLL|305,305,85,887|2;;1,5,2,5;3,5;3,1,5
TITLL|305,305,85,3293|2;;1,5,2,5;1,3,5;3,5
TITLL|1220,1220,85,887|3,4;;2,0,5;3,5;3,1,5
TITLL|1220,1220,85,3293|3,4;;2,0,5;1,3,5;3,5
TITLO|39,69943,281,51|;2,2,5,3,4,0,5;1,5,3,1,5;2,5;1,5
TITLO|39,69943,281,153|;2,2,5,3,4,0,5;1,5,3,1,5;1,5;
TITLO|78,559310,2185,153|1;3,3,5,3;2,0,5;4;
TITLS|39,69943,226103,2871|;2,2,5,3,4,0,5;2,5;3,1,5;3,4
TITLS|2248,6617,3545,57|1,3;2,5;1,5,4;3,5,4,4;4
TITLT|39,39,4919,27|;;2;1,5,3,5,1,5;1,5,4
TITLT|39,69943,281,27|;2,2,5,3,4,0,5;1,5,3,1,5;4,5;1,5,4
TITLZ|78,78,23,201|1;;2,0,5;1,5,3;1,4
TITLZ|78,78,36046,3534|1;;1,3;4;2,4
TITLZ|78,559310,2185,201|1;3,3,5,3;2,0,5;;1,4
TITLZ|305,305,23,201|2;;1,5,3,1,5,2;1,5,3;1,4
TITLZ|305,305,113,201|2;;1,5,4;1,3,5,2,3;1,4
TITOI|39,69943,4471,30583|;2,2,5,3,4,0,5;1,5,4;;2,5
TITOI|78,559310,35054,61166|1;3,3,5,3;4;;3,5
TITOJ|39,39,4919,23|;;2;1,5;1,5,4
TITOJ|39,69943,281,23|;2,2,5,3,4,0,5;1,5,3,1,5;;1,5,4
TITOL|78,78,36046,142|1;;1,3;0,5;4
TITOL|78,559310,2185,142|1;3,3,5,3;2,0,5;;4
TITOS|305,35257,201,57|2;3,5;3,1,5;0,5;4
TITOZ|2248,6617,57,201|1,3;2,5;2,5;1,5;1,4
TITSJ|39,39,142,3310|;;3,1,5;1;2,0,5
TITSJ|39,39,4919,23|;;2;1,5,2,5;1,5,4
TITSJ|2248,2248,142,3310|1,3;;2,0,5,3;1;2,0,5
TITSL|39,69943,281,29|;2,2,5,3,4,0,5;1,5,3,1,5;1,5,4;4,5
TITSL|78,277,2525,3293|1;3;1,5,3;4;3,5
TITSL|78,559310,2185,2491|1;3,3,5,3;2,0,5;3;1,3,5
TITSL|228,277,2525,3293|1,4;3;1,5,3;4;3,5
TITSO|1124,36076,156,204|3;3,5,3,3,5;2,0,5;4;0,5
TITST|305,35257,201,27|2;3,5;3,1,5;2;1,5,4
TITSZ|305,305,153,201|2;;1,5,3,1,5;4;1,4
TITSZ|2248,2248,153,201|1,3;;2,0,5;4;1,4
TITTJ|78,559310,2185,139|1;3,3,5,3;2,0,5;4;4
TITTL|39,69943,281,29|;2,2,5,3,4,0,5;1,5,3,1,5;1,5,4;4,5
TITTS|228,228,308,156|1,4;;2;1,5,3,1,5;1,5,4
TITTT|39,39,142,27|;;3,1,5;2;1,5,4
TITTT|39,39,4919,27|;;2;1,5,3,1,5;1,5,4
TITTT|78,78,23,141|1;;2,0,5;1,5,3;4
TITTT|78,78,36046,141|1;;1,3;2,0,5;4
TITTT|305,305,23,141|2;;1,5,3,1,5,2;1,5,3;4
TITTT|2248,2248,142,27|1,3;;2,0,5,3;2;1,5,4
TITTZ|114,114,2242,147|4;;1,3;2,0,5;4
TITZJ|39,2186,2491,955|;3;2;4;1,2,5
TITZJ|39,69943,281,2525|;2,2,5,3,4,0,5;1,5,3,1,5;3,5,1;2,5
TITZJ|78,559310,2185,139|1;3,3,5,3;2,0,5;4;4
TITZJ|114,2186,2491,955|4;3;2;4;1,2,5
TITZL|39,69943,226103,887|;2,2,5,3,4,0,5;2,5;1,5,2;3,1,5
TITZL|78,78,23,887|1;;2,0,5;;3,1,5
TITZL|78,78,36046,142|1;;1,3;3,5;4
TITZL|305,305,23,887|2;;1,5,3,1,5,2;;3,1,5
TITZO|610,4979,147,51|1,2;3,5;1,5,3,1,5;4,4;1,5
TITZS|305,305,153,57|2;;1,5,3,1,5;4;4
TITZS|2248,2248,153,57|1,3;;2,0,5;4;4
TITZT|2248,6617,57,141|1,3;2,5;2,5;1,5,3;4
TIZIJ|305,305,14129,3001|2;;;2,5;1,2,5,4
TIZIJ|305,35257,3001,3001|2;3,5;4;;1,2,5,4
TIZIJ|610,4979,1907,139|1,2;3,5;4;2,5;4
TIZIJ|610,4979,226163,955|1,2;3,5;;2,5;1,2,5
TIZIJ|2248,6617,581081,139|1,3;2,5;1,2;3,5;4
TIZIJ|2248,10986,585450,139|1,3;3,5;1,5,2;3,5;4
TIZIL|305,305,113,113|2;;4;;1,3,5,2
TIZIL|2248,2248,142,142|1,3;;3,5,3;;4
TIZIO|39,69943,4471,153|;2,2,5,3,4,0,5;1,5,4;2,1,5;
TIZIT|78,277,1399,141|1;3;2,5;3,5;4
TIZIT|78,559310,577262,141|1;3,3,5,3;2;2,5;4
TIZIT|228,277,1399,141|1,4;3;2,5;3,5;4
TIZIZ|78,277,14101,2973|1;3;;2,5;1,2,4
TIZIZ|228,277,14101,2973|1,4;3;;2,5;1,2,4
TIZJJ|39,69943,4471,23|;2,2,5,3,4,0,5;1,5,4;1,5,4;1,5,4
TIZJL|39,39,1767,887|;;4;2,5;3,1,5
TIZJL|39,69943,4471,887|;2,2,5,3,4,0,5;1,5,4;1,5;3,1,5
TIZJL|78,559310,2186,142|1;3,3,5,3;3,5;4;4
TIZJL|78,559310,577262,142|1;3,3,5,3;2;2,0,5;4
TIZJS|2248,2248,142,57|1,3;;3,5,3;2;4
TIZJZ|305,35257,3001,201|2;3,5;4;1,2,5,4,4;1,4
TIZLJ|78,559310,2186,139|1;3,3,5,3;3,5;4;4
TIZLL|39,69943,4471,29|;2,2,5,3,4,0,5;1,5,4;1,5,3,5;4,5
TIZLL|39,69943,4471,887|;2,2,5,3,4,0,5;1,5,4;4,5;3,1,5
TIZLL|78,277,14101,887|1;3;;3,1,5,3;3,1,5
TIZLL|228,277,14101,887|1,4;3;;3,1,5,3;3,1,5
TIZLT|2248,6617,581081,141|1,3;2,5;1,2;3,5,4;4
TIZLZ|305,305,113,201|2;;4;1,3,5,2,3;1,4
TIZOI|39,69943,4471,30583|;2,2,5,3,4,0,5;1,5,4;;2,5
TIZSI|78,559310,577262,61166|1;3,3,5,3;2;4;3,5
TIZSJ|2248,2248,142,3310|1,3;;3,5,3;1;2,0,5
TIZTI|78,277,1399,30583|1;3;2,5;4;2,5
TIZTI|78,559310,577262,61166|1;3,3,5,3;2;4;3,5
TIZTI|228,277,1399,30583|1,4;3;2,5;4;2,5
TIZTJ|78,559310,2186,3310|1;3,3,5,3;3,5;3;2,0,5
TIZTL|39,69943,105847,887|;2,2,5,3,4,0,5;1,5,3;2,5;3,1,5
TIZTL|78,78,39,142|1;;3,5;3,1,5;4
TIZTL|78,559310,2186,2491|1;3,3,5,3;3,5;2;1,3,5
TIZTL|2248,6617,581081,3545|1,3;2,5;1,2;4;3,5,4
TIZTT|2248,2248,142,27|1,3;;3,5,3;2;1,5,4
TJIIJ|78,25198,1847,139|1;2;3,5;2,5;4
TJIIJ|78,29774,36046,2525|1;3,3,5;3,5;2,5;2,5
TJIIL|39,1895,142,142|;4;2,5;;4
TJIIL|39,1895,1895,142|;4;;2,5;4
TJIIL|39,11815,4919,2491|;1;3,5;3,5;1,3,5
TJIIL|78,3790,29,29|1;4;3,5;;4,5
TJIIL|78,3790,3790,29|1;4;;3,5;4,5
TJIIL|78,8830,35502,2491|1;3;2,1,5;3,5;1,3,5
TJIIL|78,280142,17781,3293|1;1,3,0;2,5;2,5;3,5
TJIIL|78,280142,839374,3293|1;1,3,0;3,4,1,5;2,5;3,5
TJIIL|228,280292,17781,3293|1,4;3;2,5;2,5;3,5
TJIIO|1220,1767,4471,153|3,4;3,5;3;2,1,5;
TJIIT|305,1399,141,141|2;1,5,2,5,4;3,5;;4
TJIIT|305,1399,1399,141|2;1,5,2,5,4;;3,5;4
TJIIT|610,30306,3818,27|1,2;4;2,5;3,5;1,5,4
TJIIT|1124,1909,141,141|3;2,0,5;2,5;;4
TJIIT|1124,1909,1909,141|3;2,0,5;;2,5;4
TJIIT|1220,26340,1909,141|3,4;2,5;3,5;2,5;4
TJIIT|2248,141,141,141|1,3;2,5,0,3;;;4
TJIIT|2248,3818,27,27|1,3;2,5;3,5;;1,5,4
TJIIT|2248,3818,3818,27|1,3;2,5;;3,5;1,5,4
TJIJI|39,50279,120183,30583|;1,2;2,5;2,5;2,5
TJIJI|78,29774,36046,61166|1;3,3,5;3,5;2,5;3,5
TJIJJ|562,2750,2750,3310|2,4;1,3,5;;1,2,5;2,0,5
TJIJJ|1220,1767,4471,23|3,4;3,5;3;1,5,4;1,5,4
TJIJJ|2248,2795,2795,955|1,3;3,5;;2,5;1,2,5
TJIJJ|2248,2795,4539,955|1,3;3,5;3;1,5;1,2,5
TJIJL|305,177,177,113|2;1,5,4;;4;1,3,5,2
TJIJL|305,561,35513,142|2;1,5;3,5;3,4,5,4;4
TJIJL|305,1399,141,29|2;1,5,2,5,4;3,5;;4,5
TJIJL|305,2493,2493,3293|2;1,5,3,5;;1,2,5;3,5
TJIJL|305,94513,6585,29|2;;2,5;1,5,2,5,4;4,5
TJIJL|305,94513,6585,3545|2;;2,5;1,5,2,5,4,4;3,5,4
TJIJL|1124,1909,141,29|3;2,0,5;2,5;;4,5
TJIJL|1220,1767,1767,887|3,4;3,5;;2,5;3,1,5
TJIJL|1220,1767,4471,887|3,4;3,5;3;1,5;3,1,5
TJIJL|2248,141,141,29|1,3;2,5,0,3;;;4,5
TJIJL|2248,2795,4539,29|1,3;3,5;3;1,5,2,5;4,5
TJIJL|2248,2795,4539,2491|1,3;3,5;3;1,5,4;1,3,5
TJIJO|114,226,226,51|4;4;;2,5;1,5
TJIJO|114,226,275,51|4;4;3;1,5;1,5
TJIJO|114,226,275,153|4;4;3;1,5,3;
TJIJS|39,1895,142,57|;4;2,5;2;4
TJIJS|39,11815,4919,2871|;1;3,5;1,5,4;3,4
TJIJT|78,53,35005,141|1;2,0,5;3;4;4
TJIJT|78,29774,36046,141|1;3,3,5;3,5;2,5,0,5;4
TJIJT|114,226,275,27|4;4;3;1,5,4;1,5,4
TJIJT|228,53,35005,141|1,4;2,5;3;4;4
TJIJZ|78,5966,35278,3534|1;;3,5;4;2,4
TJILI|39,11815,4919,30583|;1;3,5;1,5,3,5;2,5
TJILI|78,8830,35502,61166|1;3;2,1,5;3,5;3,5
TJILJ|305,561,35513,3001|2;1,5;3,5;4;1,2,5,4
TJILJ|305,94513,6585,3001|2;;2,5;4,5;1,2,5,4
TJILJ|2248,456,456,232|1,3;;;4,5;2,5,3
TJILJ|2248,2795,4539,23|1,3;3,5;3;1,5,3,5;1,5,4
TJILJ|2248,2795,4539,955|1,3;3,5;3;4,5;1,2,5
TJILJ|2248,3818,27,139|1,3;2,5;3,5;1,5;4
TJILL|305,94513,6585,29|2;;2,5;1,5,3,5;4,5
TJILL|1220,1767,4471,29|3,4;3,5;3;1,5,3,5;4,5
TJILL|1220,1767,4471,887|3,4;3,5;3;4,5;3,1,5
TJILL|2248,2795,4539,2491|1,3;3,5;3;1,5;1,3,5
TJILO|78,3790,29,51|1;4;3,5;3,5;1,5
TJILO|114,226,275,51|4;4;3;4,5;1,5
TJILS|39,12599,12599,2871|;2;;1,2,5,3;3,4
TJILS|114,226,275,3483|4;4;3;1,5,3,1;3,4
TJILT|39,11815,4919,27|;1;3,5;1,5,3,5,1,5;1,5,4
TJILT|78,3790,29,141|1;4;3,5;1,5;4
TJILZ|78,5966,5966,3534|1;;;1,5,3,5;2,4
TJILZ|78,29774,36046,3534|1;3,3,5;3,5;4;2,4
TJILZ|114,226,275,147|4;4;3;1,5;4
TJIOI|1220,1767,4471,30583|3,4;3,5;3;;2,5
TJIOJ|39,11815,4919,23|;1;3,5;1,5;1,5,4
TJIOJ|39,35047,6551,23|;1,3;3,0,5;;1,5,4
TJIOL|78,3790,29,3293|1;4;3,5;1;3,5
TJIOL|78,29774,36046,142|1;3,3,5;3,5;0,5;4
TJIOL|114,226,275,29|4;4;3;1,5;4,5
TJISJ|39,1895,142,3310|;4;2,5;1;2,0,5
TJISJ|39,11815,4919,23|;1;3,5;1,5,2,5;1,5,4
TJISL|39,3751,4535,887|;1,4;3;2,5;3,1,5
TJISL|78,5966,35278,142|1;;3,5;1,4;4
TJISL|114,226,275,887|4;4;3;2,5;3,1,5
TJISS|305,94513,6585,57|2;;2,5;2,5;4
TJIST|305,1399,141,27|2;1,5,2,5,4;3,5;2;1,5,4
TJIST|1124,1909,141,27|3;2,0,5;2,5;2;1,5,4
TJIST|2248,141,141,27|1,3;2,5,0,3;;2;1,5,4
TJITI|39,12599,12599,30583|;2;;1,2,5,4;2,5
TJITI|305,1399,1399,30583|2;1,5,2,5,4;;4;2,5
TJITJ|39,3751,4535,23|;1,4;3;1,5,4;1,5,4
TJITJ|114,226,275,23|4;4;3;1,5,4;1,5,4
TJITL|39,12599,12599,887|;2;;1,2,5,2;3,1,5
TJITS|39,12599,12599,57|;2;;3,1,5;4
TJITT|39,1895,142,27|;4;2,5;2;1,5,4
TJITT|39,11815,4919,27|;1;3,5;1,5,3,1,5;1,5,4
TJITT|78,53,53,141|1;2,0,5;;3,1,5;4
TJITT|78,11854,53,141|1;1;3,5;3,1,5;4
TJITT|78,29774,36046,141|1;3,3,5;3,5;2,0,5;4
TJITT|114,29810,202,27|4;2,2;2,5;2,0,5;1,5,4
TJITT|228,53,53,141|1,4;2,5;;3,1,5;4
TJITT|228,12004,53,141|1,4;1;3,5;3,1,5;4
TJITT|2248,2795,4539,27|1,3;3,5;3;1,5,4;1,5,4
TJITZ|78,280142,839374,3534|1;1,3,0;3,4,1,5;2,0,5;2,4
TJIZJ|78,5966,35278,139|1;;3,5;2,4;4
TJIZJ|78,5966,35278,3310|1;;3,5;3;2,0,5
TJIZJ|114,226,275,23|4;4;3;1,5,4;1,5,4
TJIZL|39,12599,12599,887|;2;;1,5,3,5,2;3,1,5
TJIZL|78,29774,36046,142|1;3,3,5;3,5;3,5;4
TJIZS|2248,456,456,57|1,3;;;2,4;4
TJIZT|2248,3818,27,141|1,3;2,5;3,5;1,3;4
TJJII|39,50279,452199,30583|;1,2;2,5;2,5;2,5
TJJIJ|562,2750,3310,3310|2,4;1,3,5;1,2,5;;2,0,5
TJJIJ|1220,1767,887,139|3,4;3,5;2,5;3,5;4
TJJIJ|1220,1767,61159,23|3,4;3,5;4;2,5;1,5,4
TJJIJ|2248,2795,955,955|1,3;3,5;2,5;;1,2,5
TJJIJ|2248,2795,191211,955|1,3;3,5;1;2,5;1,2,5
TJJIL|305,177,113,113|2;1,5,4;4;;1,3,5,2
TJJIL|305,561,1655,142|2;1,5;1,2,5,4;2,5;4
TJJIL|305,1399,95607,29|2;1,5,2,5,4;;2,5;4,5
TJJIL|305,2493,3293,3293|2;1,5,3,5;1,2,5;;3,5
TJJIL|562,2750,3310,29|2,4;1,3,5;1,2,5;3,5;4,5
TJJIL|1124,1909,96117,29|3;2,0,5;;2,5;4,5
TJJIL|1220,1767,887,887|3,4;3,5;2,5;;3,1,5
TJJIL|1220,1767,190183,887|3,4;3,5;1;2,5;3,1,5
TJJIL|2248,141,29,29|1,3;2,5,0,3;;;4,5
TJJIL|2248,2795,953067,2491|1,3;3,5;3,3;2,5;1,3,5
TJJIL|2248,31944,60616,3545|1,3;4;4;3,5;3,5,4
TJJIO|114,226,51,51|4;4;2,5;;1,5
TJJIO|114,226,12002,51|4;4;1;3,5;1,5
TJJIO|228,280292,18292,204|1,4;3;2,5,0,5;2,5;0,5
TJJIS|39,11815,962087,2871|;1;1,4;2,5;3,4
TJJIT|39,12599,1399,141|;2;1,2,5;3,5;4
TJJIT|39,50279,1399,141|;1,2;2,5,0,5;3,5;4
TJJIT|78,53,1909,141|1;2,0,5;4;2,5;4
TJJIT|228,53,1909,141|1,4;2,5;4;2,5;4
TJJIZ|78,5966,481102,3534|1;;4;3,5;2,4
TJJIZ|114,226,59618,147|4;4;1,4;3,5;4
TJJJI|1220,1767,887,30583|3,4;3,5;2,5;4;2,5
TJJJJ|114,226,51,139|4;4;2,5;1,3,5;4
TJJJL|39,1895,3687,887|;4;4;2,5;3,1,5
TJJLI|305,561,1655,30583|2;1,5;1,2,5,4;4;2,5
TJJLI|562,2750,3310,61166|2,4;1,3,5;1,2,5;1,4;3,5
TJJLO|305,177,71,204|2;1,5,4;1,2,5,4;1,3,5;0,5
TJJLO|2248,141,29,51|1,3;2,5,0,3;;3,5;1,5
TJJLT|305,94513,305,27|2;;1,5,4;1,5,3,5,1,2;1,5,4
TJJLT|2248,141,29,141|1,3;2,5,0,3;;1,5;4
TJJLZ|305,177,113,201|2;1,5,4;4;1,3,5,2,3;1,4
TJJOL|305,177,71,887|2;1,5,4;1,2,5,4;0,5;3,1,5
TJJOL|305,94513,305,29|2;;1,5,4;1,5;4,5
TJJOL|2248,141,29,3293|1,3;2,5,0,3;;1;3,5
TJJSJ|305,177,197,23|2;1,5,4;1,2,5;2;1,5,4
TJJSJ|305,94513,305,23|2;;1,5,4;2,5,2;1,5,4
TJJSL|305,2493,3293,29|2;1,5,3,5;1,2,5;3;4,5
TJJTI|39,12599,1399,30583|;2;1,2,5;4;2,5
TJJTI|39,50279,1399,30583|;1,2;2,5,0,5;4;2,5
TJJTJ|39,35047,3303,23|;1,3;4;2,0,5;1,5,4
TJJTJ|78,5966,78,23|1;;1,5,4;2,0,5;1,5,4
TJJTJ|114,226,51,139|4;4;2,5;3,1,5;4
TJJTJ|305,94513,305,23|2;;1,5,4;1,5,3,1,5,2;1,5,4
TJJTL|39,5927,39,142|;;1,5,4;3,1,5;4
TJJTL|305,94513,305,113|2;;1,5,4;1,5,4;1,3,5,2
TJJTO|305,94513,305,153|2;;1,5,4;1,5,3,1,5;
TJJZJ|2248,2795,955,139|1,3;3,5;2,5;1,5,2;4
TJJZL|305,94513,305,113|2;;1,5,4;4;1,3,5,2
TJJZL|2248,3818,58,142|1,3;2,5;2,5;1,5,3;4
TJLII|78,8830,419454,61166|1;3;3,5;3,5,3,2,5;3,5
TJLIJ|305,561,29489,3001|2;1,5;4;2,5;1,2,5,4
TJLIJ|562,2750,1774,23|2,4;1,3,5;3,5;3,5;1,5,4
TJLIJ|2248,456,232,232|1,3;;4,5;;2,5,3
TJLIJ|2248,2795,928491,955|1,3;3,5;3,4,2;2,5;1,2,5
TJLIJ|2248,3818,585450,139|1,3;2,5;1;3,5;4
TJLIL|562,3702,1910,142|2,4;1,2,5;4;2,5;4
TJLIL|1220,1767,927463,887|3,4;3,5;3,3;2,5;3,1,5
TJLIL|2248,2795,584427,2491|1,3;3,5;1;2,5;1,3,5
TJLIO|114,226,58082,51|4;4;3,3;3,5;1,5
TJLIS|39,12599,2871,2871|;2;1,2,5,3;;3,4
TJLIT|39,12599,1879,141|;2;1,2,5;2,5;4
TJLIT|78,3790,585422,141|1;4;1;3,5;4
TJLIT|78,8830,3758,27|1;3;3,5,1,5;3,5;1,5,4
TJLIZ|78,5966,3534,3534|1;;1,5,3,5;;2,4
TJLIZ|114,226,36578,147|4;4;1;3,5;4
TJLJI|562,2750,1774,61166|2,4;1,3,5;3,5;4;3,5
TJLJJ|39,35047,135,23|;1,3;4;;1,5,4
TJLJS|2248,456,232,57|1,3;;4,5;2,5,3,2;4
TJLJT|2248,141,36493,141|1,3;2,5,0,3;4,1,4;2,5,3;4
TJLJT|2248,456,2248,141|1,3;;1,5;2,5,0,3;4
TJLJZ|2248,141,36493,2973|1,3;2,5,0,3;4,1,4;2,5,3,2;1,2,4
TJLLI|305,1399,59255,30583|2;1,5,2,5,4;4;4;2,5
TJLLI|305,1399,464247,30583|2;1,5,2,5,4;2,2;1,3,5,3;2,5
TJLLT|305,94513,305,27|2;;1,5,3,5,2;1,5,3,5,1,2;1,5,4
TJLLT|2248,141,36493,141|1,3;2,5,0,3;4,1,4;4;4
TJLOJ|2248,456,1006,3310|1,3;;3,5,4;1,5;2,0,5
TJLOJ|2248,456,2248,139|1,3;;1,5;0,5;4
TJLOJ|2248,456,13288,232|1,3;;3,5;1,5;2,5,3
TJLOL|305,94513,305,29|2;;1,5,3,5,2;1,5;4,5
TJLSJ|305,177,77,23|2;1,5,4;3,5,4;2;1,5,4
TJLSJ|305,1399,3287,23|2;1,5,2,5,4;1,3,5;3;1,5,4
TJLSJ|305,94513,305,23|2;;1,5,3,5,2;2,5,2;1,5,4
TJLSJ|1124,1909,197,23|3;2,0,5;1,3,5;2;1,5,4
TJLSJ|2248,141,77,23|1,3;2,5,0,3;;2;1,5,4
TJLSJ|2248,456,2248,232|1,3;;1,5;4;2,5,3
TJLSL|305,94513,55601,113|2;;1,5,3,5,2,3;3,4;1,3,5,2
TJLSL|305,94513,55601,3545|2;;1,5,3,5,2,3;3,4,2,3;3,5,4
TJLTJ|39,1895,3303,23|;4;1,3,5;2,0,5;1,5,4
TJLTJ|39,35047,3303,23|;1,3;;2,0,5;1,5,4
TJLTJ|305,94513,305,23|2;;1,5,3,5,2;1,5,3,1,5,2;1,5,4
TJLTJ|2248,456,2248,232|1,3;;1,5;4;2,5,3
TJLTL|305,94513,305,113|2;;1,5,3,5,2;1,5,4;1,3,5,2
TJLTL|2248,141,4541,29|1,3;2,5,0,3;2;1,5,4;4,5
TJLTL|2248,456,2248,142|1,3;;1,5;2,0,5,3;4
TJLTO|305,94513,305,153|2;;1,5,3,5,2;1,5,3,1,5;
TJLTO|2248,456,2248,153|1,3;;1,5;2,0,5;
TJLZJ|2248,141,4541,2525|1,3;2,5,0,3;2;1,5,2;2,5
TJLZL|305,561,43,142|2;1,5;3,5,1,5,2;1,5,3;4
TJLZL|305,94513,305,113|2;;1,5,3,5,2;4;1,3,5,2
TJLZL|610,13170,58,142|1,2;2,5;3,5,1,5;1,5,3;4
TJLZL|2248,141,58,142|1,3;2,5,0,3;3;1,5,3;4
TJLZL|2248,456,2248,142|1,3;;1,5;3,5,3;4
TJOII|1220,1767,419559,30583|3,4;3,5;;2,5;2,5
TJOIJ|39,35047,61159,23|;1,3;;2,5;1,5,4
TJOIL|39,50279,1895,142|;1,2;0,5;2,5;4
TJOIL|78,3790,839374,3293|1;4;1;2,5;3,5
TJOJL|305,177,13233,887|2;1,5,4;0;1,2,5,4;3,1,5
TJOLJ|2248,456,52680,232|1,3;;1;3,5,4,4;2,5,3
TJOLJ|2248,456,52680,3310|1,3;;1;3,5,4;2,0,5
TJOSJ|78,53,197,23|1;2,0,5;1,5;2;1,5,4
TJOSJ|228,53,197,23|1,4;2,5;1,5;2;1,5,4
TJOTL|305,177,13233,113|2;1,5,4;0;1,2,5;1,3,5,2
TJOTZ|78,3790,839374,3534|1;4;1;2,0,5;2,4
TJOZT|2248,141,957,141|1,3;2,5,0,3;0;1,5,2;4
TJSIJ|39,12599,1847,139|;2;4;2,5;4
TJSIJ|78,8830,1774,23|1;3;1,2,5;3,5;1,5,4
TJSIT|305,1399,79735,27|2;1,5,2,5,4;3;3,5;1,5,4
TJSIT|2248,141,27,27|1,3;2,5,0,3;2;;1,5,4
TJSJI|78,8830,1774,61166|1;3;1,2,5;4;3,5
TJSJJ|2248,456,120,232|1,3;;1,5,4;4;2,5,3
TJSJL|305,2493,80829,29|2;1,5,3,5;3;1,5,2,5;4,5
TJSLJ|305,1399,79735,23|2;1,5,2,5,4;3;1,5,3,1,5;1,5,4
TJSLJ|2248,141,27,139|1,3;2,5,0,3;2;1,5;4
TJSLL|305,3445,4981,29|2;1,5,2,5;3;1,5,3,1,5;4,5
TJSSJ|78,53,77,23|1;2,0,5;3,1,5;2;1,5,4
TJSSJ|228,53,77,23|1,4;2,5;3,1,5;2;1,5,4
TJSTI|305,1399,79735,30583|2;1,5,2,5,4;3;1,5,4;2,5
TJSTL|305,561,39,142|2;1,5;1,2,5,2;3,1,5;4
TJSTL|2248,141,3309,29|1,3;2,5,0,3;1;2,0,5;4,5
TJSTT|39,12599,53,141|;2;4,2,5;3,1,5;4
TJSZI|305,1399,79735,30583|2;1,5,2,5,4;3;4;2,5
TJSZT|2248,141,27,141|1,3;2,5,0,3;2;1,3;4
TJTII|39,12599,30583,30583|;2;1,2,5,4;;2,5
TJTII|305,1399,30583,30583|2;1,5,2,5,4;4;;2,5
TJTIJ|39,12599,887,139|;2;1,2,5,2;3,5;4
TJTIJ|39,12599,1847,139|;2;1,2,5,3;2,5;4
TJTIL|39,12599,887,887|;2;1,2,5,2;;3,1,5
TJTIS|39,12599,57,57|;2;3,1,5;;4
TJTIT|78,53,141,141|1;2,0,5;3,1,5;;4
TJTIT|78,8830,2798,27|1;3;3,1,5;3,5;1,5,4
TJTIT|228,53,141,141|1,4;2,5;3,1,5;;4
TJTIT|305,3445,1909,141|2;1,5,2,5;4;2,5;4
TJTIT|2248,2795,61163,27|1,3;3,5;4;2,5;1,5,4
TJTIZ|78,280142,358222,3534|1;1,3,0;2,0,5;3,5;2,4
TJTJI|39,12599,887,30583|;2;1,2,5,2;4;2,5
TJTJL|78,53,141,29|1;2,0,5;3,1,5;;4,5
TJTJL|228,53,141,29|1,4;2,5;3,1,5;;4,5
TJTJO|2248,141,46,51|1,3;2,5,0,3;2;2,5;1,5
TJTLL|305,177,225,113|2;1,5,4;4;4;1,3,5,2
TJTOJ|2248,141,46,3310|1,3;2,5,0,3;2;1,5;2,0,5
TJTOL|305,177,1217,113|2;1,5,4;1,2;0,5;1,3,5,2
TJTOZ|39,12599,57,201|;2;3,1,5;1,5;1,4
TJTOZ|78,3790,5070,3534|1;4;2;1,5;2,4
TJTSJ|305,2493,77,23|2;1,5,3,5;1,3,5;2;1,5,4
TJTST|78,53,141,27|1;2,0,5;3,1,5;2;1,5,4
TJTST|228,53,141,27|1,4;2,5;3,1,5;2;1,5,4
TJTTI|39,50279,55159,30583|;1,2;2,0,5;4;2,5
TJTTI|78,8830,2798,61166|1;3;3,1,5;4;3,5
TJTTL|305,561,39,142|2;1,5;3,1,5,2;3,1,5;4
TJTZL|2248,141,43,142|1,3;2,5,0,3;3;1,5,3;4
TJTZL|2248,456,58,142|1,3;;2,5,4;1,5,3;4
TJTZT|39,12599,57,141|;2;3,1,5;1,5,3;4
TJZIJ|39,12599,887,139|;2;1,5,3,5,2;3,5;4
TJZIL|39,12599,887,887|;2;1,5,3,5,2;;3,1,5
TJZIS|2248,456,57,57|1,3;;2,4;;4
TJZJI|39,12599,887,30583|;2;1,5,3,5,2;4;2,5
TJZJJ|2248,2795,577259,139|1,3;3,5;1,2;2,0,5;4
TJZJL|305,177,2241,142|2;1,5,4;1,2;2,5,3;4
TJZLI|39,50279,59255,30583|;1,2;3,5;4;2,5
TJZLJ|305,177,2241,209|2;1,5,4;1,2;4;2,5,3
TJZLJ|2248,141,36045,2525|1,3;2,5,0,3;3,4;2,5;2,5
TJZLJ|2248,3033,36057,139|1,3;2,5,0;1,2;3,5,4,4;4
TJZLL|2248,141,36045,142|1,3;2,5,0,3;3,4;3,5;4
TJZLL|2248,456,30,142|1,3;;1,4;1,5;4
TJZLL|2248,3033,36057,142|1,3;2,5,0;1,2;3,5,4;4
TJZLL|2248,3033,36057,3545|1,3;2,5,0;1,2;4;3,5,4
TJZOT|2248,141,36045,141|1,3;2,5,0,3;3,4;0,5;4
TJZOZ|2248,456,57,201|1,3;;2,4;1,5;1,4
TJZSI|305,1399,443767,30583|2;1,5,2,5,4;1;1,2,4;2,5
TJZSO|2248,3033,36057,153|1,3;2,5,0;1,2;3;
TJZST|2248,141,36045,141|1,3;2,5,0,3;3,4;2,5;4
TJZSZ|305,177,2241,147|2;1,5,4;1,2;2;4
TJZTJ|2248,141,78,23|1,3;2,5,0,3;2;2,0,5;1,5,4
TJZTJ|2248,141,36045,2525|1,3;2,5,0,3;3,4;2,0,5;2,5
TJZTL|2248,141,36045,142|1,3;2,5,0,3;3,4;3,5;4
TJZZT|305,2493,957,141|2;1,5,3,5;4;1,5,2;4
TJZZT|2248,456,57,141|1,3;;2,4;1,5,3;4
TLIIJ|39,1847,139,139|;4;2,5;;4
TLIIJ|39,1847,1847,139|;4;;2,5;4
TLIIJ|39,17639,5463,2525|;1,2;2,5;2,5;2,5
TLIIJ|39,140839,10986,955|;2,1;2,1,5;3,5;1,2,5
TLIIJ|39,140839,210743,955|;2,1;3,5;3,5;1,2,5
TLIIJ|78,3694,23,23|1;1,4;3,5;;1,5,4
TLIIJ|78,3694,3694,23|1;1,4;;3,5;1,5,4
TLIIJ|78,18254,36046,2525|1;;3,5;2,5;2,5
TLIIJ|114,140914,10986,955|4;1,2;2,1,5;3,5;1,2,5
TLIIL|39,25703,3790,29|;3;3,5,3,2,5;3,5;4,5
TLIIL|39,25703,95607,29|;3;3,5;2,5;4,5
TLIIL|39,57895,4919,2491|;1,2,2,5;2,5;3,5;1,3,5
TLIIO|562,1662,35054,153|2,4;1,2,5;3;3,0,5;
TLIIT|305,27,27,27|2;1,5,3,5,1,2;;;1,5,4
TLIIT|305,1909,141,141|2;1,5,3,5;2,5;;4
TLIIT|305,1909,1909,141|2;1,5,3,5;;2,5;4
TLIIT|562,26226,3818,27|2,4;3,5;3,3,5,2,5;3,5;1,5,4
TLIIT|610,3818,27,27|1,2;3,1,5;3,5;;1,5,4
TLIIT|610,3818,3818,27|1,2;3,1,5;;3,5;1,5,4
TLIIT|1124,58980,1909,141|3;1,4;3,5;2,5;4
TLIIT|2248,2798,27,27|1,3;2,5,1;3,5;;1,5,4
TLIIT|2248,2798,2798,27|1,3;2,5,1;;3,5;1,5,4
TLIJI|39,17639,5463,30583|;1,2;2,5;2,5;2,5
TLIJI|78,18254,36046,61166|1;;3,5;2,5;3,5
TLIJJ|305,1405,35037,2525|2;1,5,2,5;3;;2,5
TLIJJ|562,1662,35054,139|2,4;1,2,5;3;2,5;4
TLIJJ|562,1662,35054,3310|2,4;1,2,5;3;4;2,0,5
TLIJL|305,1405,35037,142|2;1,5,2,5;3;2,5;4
TLIJL|305,1405,35037,3293|2;1,5,2,5;3;4;3,5
TLIJL|305,1909,141,29|2;1,5,3,5;2,5;;4,5
TLIJL|305,2097,2097,113|2;1,5;;4;1,3,5,2
TLIJL|2248,1224,5593,3545|1,3;;2,5;1,5,4;3,5,4
TLIJO|39,1847,139,204|;4;2,5;3,4,5;0,5
TLIJO|228,116,2188,204|1,4;4;3;4;0,5
TLIJS|39,36391,36391,2871|;1;;2,5;3,4
TLIJS|39,57895,4919,2871|;1,2,2,5;2,5;1,5,4;3,4
TLIJS|228,116,2188,156|1,4;4;3;;1,5,4
TLIJT|39,1847,139,27|;4;2,5;;1,5,4
TLIJT|78,18254,36046,141|1;;3,5;2,5,0,5;4
TLIJZ|78,51406,51406,3534|1;1,3;;3,5,2;2,4
TLIJZ|228,116,2188,2973|1,4;4;3;2,0;1,2,4
TLILI|39,57895,4919,30583|;1,2,2,5;2,5;1,5,3,5;2,5
TLILI|78,12910,572142,61166|1;3;3,5;3,5;3,5
TLILJ|305,27,27,139|2;1,5,3,5,1,2;;1,5;4
TLILJ|305,1405,35037,139|2;1,5,2,5;3;3,5;4
TLILJ|305,1405,35037,2525|2;1,5,2,5;3;4;2,5
TLILJ|562,1662,1662,3310|2,4;1,2,5;;1,3,5;2,0,5
TLILJ|562,1662,35054,3310|2,4;1,2,5;3;;2,0,5
TLILJ|610,3818,27,139|1,2;3,1,5;3,5;1,5;4
TLILJ|2248,216,216,232|1,3;4;;4;2,5,3
TLILJ|2248,1224,5593,23|1,3;;2,5;3,5,4;1,5,4
TLILJ|2248,2523,2523,955|1,3;2,5;;3,5;1,2,5
TLILJ|2248,2798,27,139|1,3;2,5,1;3,5;1,5;4
TLILL|305,1405,1405,3293|2;1,5,2,5;;1,3,5;3,5
TLILL|305,1405,35037,3293|2;1,5,2,5;3;;3,5
TLILL|562,1662,35054,142|2,4;1,2,5;3;4;4
TLILL|1220,1495,1495,887|3,4;2,5;;3,5;3,1,5
TLILO|228,116,116,204|1,4;4;;1,3,5;0,5
TLILO|228,116,2188,153|1,4;4;3;2;
TLILO|228,116,2188,204|1,4;4;3;;0,5
TLILS|39,36391,6455,2871|;1;3,5;4,5;3,4
TLILT|39,202,4571,27|;3,1,5;3;4,5;1,5,4
TLILT|39,57895,4919,27|;1,2,2,5;2,5;1,5,3,5,1,5;1,5,4
TLILT|114,202,4571,27|4;1,3,5;3;4,5;1,5,4
TLILT|228,116,2188,141|1,4;4;3;4;4
TLILZ|78,3694,23,201|1;1,4;3,5;1,5,3;1,4
TLILZ|78,18254,36046,3534|1;;3,5;4;2,4
TLIOI|562,1662,35054,61166|2,4;1,2,5;3;;3,5
TLIOJ|39,1847,139,955|;4;2,5;0;1,2,5
TLIOJ|39,57895,4919,23|;1,2,2,5;2,5;1,5;1,5,4
TLIOJ|228,116,2188,139|1,4;4;3;0,5;4
TLIOL|78,4478,35230,142|1;2;2,1,5;;4
TLIOL|78,18254,36046,142|1;;3,5;0,5;4
TLISJ|39,57895,4919,23|;1,2,2,5;2,5;1,5,2,5;1,5,4
TLISJ|78,51406,51406,3310|1;1,3;;2,5,3;2,0,5
TLISL|39,36391,6455,29|;1;3,5;1,5,3,4;4,5
TLISL|39,36391,6455,887|;1;3,5;2,5;3,1,5
TLISL|228,116,2188,142|1,4;4;3;4;4
TLIST|305,1909,141,27|2;1,5,3,5;2,5;2;1,5,4
TLISZ|305,2097,2097,201|2;1,5;;4,2;1,4
TLITI|78,51406,51406,61166|1;1,3;;3,5,4;3,5
TLITI|2248,2798,2798,61166|1,3;2,5,1;;4;3,5
TLITJ|78,51406,51406,3310|1;1,3;;3,5,3;2,0,5
TLITL|78,1886,35038,142|1;4;3;4;4
TLITL|228,116,2188,142|1,4;4;3;4;4
TLITS|39,140839,210743,2871|;2,1;3,5;3,1,5;3,4
TLITT|39,202,202,27|;3,1,5;;2,0,5;1,5,4
TLITT|39,18215,202,27|;;2,5;2,0,5;1,5,4
TLITT|39,57895,4919,27|;1,2,2,5;2,5;1,5,3,1,5;1,5,4
TLITT|78,3694,23,141|1;1,4;3,5;1,5,3;4
TLITT|78,18254,36046,141|1;;3,5;2,0,5;4
TLITT|114,202,202,27|4;1,3,5;;2,0,5;1,5,4
TLITT|114,18290,202,27|4;;2,5;2,0,5;1,5,4
TLITT|228,58084,53,141|1,4;3,3;3,5;3,1,5;4
TLITT|305,1405,35037,141|2;1,5,2,5;3;4;4
TLITZ|78,51406,51406,201|1;1,3;;2,0,5;1,4
TLIZJ|39,36391,6455,23|;1;3,5;4;1,5,4
TLIZJ|78,1886,35038,3310|1;4;3;3;2,0,5
TLIZJ|228,116,2188,3310|1,4;4;3;2;2,0,5
TLIZL|78,3694,23,887|1;1,4;3,5;;3,1,5
TLIZL|78,18254,36046,142|1;;3,5;3,5;4
TLIZT|305,27,27,141|2;1,5,3,5,1,2;;1,3;4
TLIZT|610,3818,27,141|1,2;3,1,5;3,5;1,3;4
TLIZT|2248,2798,27,141|1,3;2,5,1;3,5;1,3;4
TLJII|39,17639,419559,30583|;1,2;2,5;2,5;2,5
TLJIJ|305,1405,95613,2525|2;1,5,2,5;;3,5;2,5
TLJIJ|562,1662,476798,3310|2,4;1,2,5;2,2,5;3,5;2,0,5
TLJIJ|1220,2022,3814,23|3,4;3,5;4;3,5;1,5,4
TLJIL|305,1405,476541,3293|2;1,5,2,5;2,4,3;3,5;3,5
TLJIL|305,1909,96117,29|2;1,5,3,5;;2,5;4,5
TLJIL|305,2097,113,113|2;1,5;4;;1,3,5,2
TLJIL|1220,1495,1655,142|3,4;2,5;2,5;2,5;4
TLJIL|2248,1224,60616,3545|1,3;;4;3,5;3,5,4
TLJIO|228,116,29812,204|1,4;4;2,2;2,5;0,5
TLJIS|39,36391,2871,2871|;1;2,5;;3,4
TLJIS|228,116,6004,156|1,4;4;;2,5;1,5,4
TLJIT|39,1847,96055,27|;4;;2,5;1,5,4
TLJIT|39,17639,1879,141|;1,2;2,5,0,5;2,5;4
TLJIT|78,51406,3758,27|1;1,3;3,5;3,5;1,5,4
TLJIZ|78,51406,3534,3534|1;1,3;3,5,2;;2,4
TLJJI|2248,2798,32494,61166|1,3;2,5,1;4;4;3,5
TLJJI|2248,2798,953070,61166|1,3;2,5,1;3,3;2,5,2;3,5
TLJJT|305,27,5915,27|2;1,5,3,5,1,2;;1,5,4;1,5,4
TLJLI|1220,1495,1655,30583|3,4;2,5;2,5;4;2,5
TLJLL|78,4478,30,142|1;2;1,5,4;1,5;4
TLJLS|305,27,5915,3483|2;1,5,3,5,1,2;;1,5,3,5,2,3;3,4
TLJLT|305,27,5915,27|2;1,5,3,5,1,2;;1,5,3,5,2;1,5,4
TLJLT|305,2097,305,27|2;1,5;;1,5,3,5,1,2;1,5,4
TLJLZ|305,2097,113,201|2;1,5;4;1,3,5,2,3;1,4
TLJOL|305,2097,305,29|2;1,5;;1,5;4,5
TLJOL|305,2097,3191,887|2;1,5;3,4,5,4;0,5;3,1,5
TLJOL|305,2097,52337,113|2;1,5;3,4,5;0,5;1,3,5,2
TLJSJ|305,27,197,23|2;1,5,3,5,1,2;1,5,2;2;1,5,4
TLJSJ|305,2097,305,23|2;1,5;;2,5,2;1,5,4
TLJSJ|1124,52452,197,23|3;1,3,5;2,5,0,5;2;1,5,4
TLJSJ|2248,1224,77,23|1,3;;2,5,0,5,3;2;1,5,4
TLJSL|305,27,35035,2491|2;1,5,3,5,1,2;1,5,3;3;1,3,5
TLJTJ|305,27,35035,139|2;1,5,3,5,1,2;1,5,3;4;4
TLJTJ|305,2097,305,23|2;1,5;;1,5,3,1,5,2;1,5,4
TLJTL|78,3694,894,142|1;1,4;2,5;3,1,5;4
TLJTL|78,4478,894,142|1;2;1,5;3,1,5;4
TLJTL|305,2097,305,113|2;1,5;;1,5,4;1,3,5,2
TLJTO|305,2097,305,153|2;1,5;;1,5,3,1,5;
TLJZL|305,27,43,142|2;1,5,3,5,1,2;1,5;1,5,3;4
TLJZL|305,2097,305,113|2;1,5;;4;1,3,5,2
TLJZL|610,3818,58,142|1,2;3,1,5;2,5;1,5,3;4
TLJZL|2248,216,43,142|1,3;4;2,5,4;1,5,3;4
TLJZL|2248,2798,958,142|1,3;2,5,1;2,5;1,5,2;4
TLLII|78,12910,423534,61166|1;3;3,5;3,5;3,5
TLLIJ|305,27,139,139|2;1,5,3,5,1,2;1,5;;4
TLLIJ|305,1405,464253,2525|2;1,5,2,5;2,2;3,5;2,5
TLLIJ|305,58161,29489,3001|2;4;4;2,5;1,2,5,4
TLLIJ|305,463153,29489,3001|2;3,3,5;1,3,5,3;2,5;1,2,5,4
TLLIJ|305,463153,464253,2525|2;3,3,5;1,3,5,2,5,2,5;3,5;2,5
TLLIJ|562,1662,3310,3310|2,4;1,2,5;1,3,5;;2,0,5
TLLIJ|562,1662,292478,3310|2,4;1,2,5;;3,5;2,0,5
TLLIJ|610,3818,585450,139|1,2;3,1,5;1;3,5;4
TLLIJ|1220,1495,887,139|3,4;2,5;3,5;3,5;4
TLLIJ|2248,216,232,232|1,3;4;4;;2,5,3
TLLIJ|2248,1224,1774,23|1,3;;2,5,1;3,5;1,5,4
TLLIJ|2248,2523,955,955|1,3;2,5;3,5;;1,2,5
TLLIJ|2248,2798,584430,139|1,3;2,5,1;1;3,5;4
TLLIL|305,1405,3293,3293|2;1,5,2,5;1,3,5;;3,5
TLLIL|305,1405,292221,3293|2;1,5,2,5;;3,5;3,5
TLLIL|562,1662,3310,29|2,4;1,2,5;1,3,5;3,5;4,5
TLLIL|562,1662,30590,142|2,4;1,2,5;4;3,5;4
TLLIL|1220,1495,887,887|3,4;2,5;3,5;;3,1,5
TLLIO|114,140914,12002,51|4;1,2;3,5,1,5;3,5;1,5
TLLIO|228,116,204,204|1,4;4;1,3,5;;0,5
TLLIO|228,116,18292,204|1,4;4;;2,5;0,5
TLLIS|39,36391,962087,2871|;1;3,3;2,5;3,4
TLLIS|228,116,29044,156|1,4;4;4;2,5;1,5,4
TLLIT|39,202,3818,27|;3,1,5;1,4;3,5;1,5,4
TLLIT|78,12910,2798,27|1;3;3,5,1,5;3,5;1,5,4
TLLIT|78,51406,2798,27|1;1,3;3,5;3,5;1,5,4
TLLIT|114,202,3818,27|4;1,3,5;1,4;3,5;1,5,4
TLLIZ|78,18254,481102,3534|1;;4;3,5;2,4
TLLJI|1220,1495,887,30583|3,4;2,5;3,5;4;2,5
TLLJI|2248,1224,1774,61166|1,3;;2,5,1;4;3,5
TLLJO|305,27,139,204|2;1,5,3,5,1,2;1,5;3,4,5;0,5
TLLJO|2248,216,46,51|1,3;4;3,5,4;2,5;1,5
TLLJS|2248,216,232,57|1,3;4;4;2,5,3,2;4
TLLJT|305,27,139,27|2;1,5,3,5,1,2;1,5;;1,5,4
TLLLI|562,1662,3310,61166|2,4;1,2,5;1,3,5;1,4;3,5
TLLLJ|78,3694,1902,3310|1;1,4;4;1,3,5;2,0,5
TLLLL|228,116,204,29|1,4;4;1,3,5;2,5;4,5
TLLOJ|305,27,139,955|2;1,5,3,5,1,2;1,5;0;1,2,5
TLLOJ|2248,216,46,3310|1,3;4;3,5,4;1,5;2,0,5
TLLSJ|305,1909,197,23|2;1,5,3,5;1,3,5;2;1,5,4
TLLSL|305,1405,3293,29|2;1,5,2,5;1,3,5;3;4,5
TLLTI|78,12910,2798,61166|1;3;3,5,1,5;4;3,5
TLLTI|78,51406,2798,61166|1;1,3;3,5;4;3,5
TLLTJ|78,36430,78,23|1;1;4;2,0,5;1,5,4
TLLTL|39,36391,39,142|;1;4;3,1,5;4
TLLTL|78,4478,894,142|1;2;4,5;3,1,5;4
TLLTL|228,116,204,29|1,4;4;1,3,5;2,0,5;4,5
TLLZJ|2248,2523,955,139|1,3;2,5;3,5;1,5,2;4
TLLZL|2248,216,58,142|1,3;4;3,5;1,5,3;4
TLOII|562,1662,419454,61166|2,4;1,2,5;;3,5,3,2,5;3,5
TLOIJ|39,1847,210743,955|;4;0;3,5;1,2,5
TLOIJ|78,12910,3694,23|1;3;1,5;3,5;1,5,4
TLOIL|78,4478,30590,142|1;2;;3,5;4
TLOJL|305,2097,15153,113|2;1,5;0;1,2,5,4,4;1,3,5,2
TLOJL|305,2097,15153,887|2;1,5;0;1,2,5,4;3,1,5
TLOLJ|2248,216,52440,3310|1,3;4;1;3,5,4;2,0,5
TLOST|305,27,3291,27|2;1,5,3,5,1,2;1;3;1,5,4
TLOTJ|2248,216,52440,232|1,3;4;1;3,5;2,5,3
TLOTS|39,1847,210743,2871|;4;0;3,1,5;3,4
TLOZL|39,202,58,142|;3,1,5;0,5;1,5,3;4
TLOZL|114,202,58,142|4;1,3,5;0,5;1,5,3;4
TLSIJ|78,51406,3310,3310|1;1,3;2,5,3;;2,0,5
TLSIL|78,51406,3310,29|1;1,3;2,5,3;3,5;4,5
TLSIZ|305,2097,201,201|2;1,5;4,2;;1,4
TLSJI|78,12910,32494,61166|1;3;1,2,5;4;3,5
TLSJJ|305,27,4923,23|2;1,5,3,5,1,2;3;1,5,2,5;1,5,4
TLSJJ|305,2097,135,23|2;1,5;4;;1,5,4
TLSJJ|305,3513,5049,23|2;1,5,3,5,1;3;1,5,2,5,4;1,5,4
TLSJJ|305,3513,5049,3001|2;1,5,3,5,1;3;1,5,4;1,2,5,4
TLSJL|305,27,4923,2491|2;1,5,3,5,1,2;3;1,5,3,5;1,3,5
TLSJL|305,3513,5049,29|2;1,5,3,5,1;3;1,5,2,5,4,4;4,5
TLSJL|2248,216,312,184|1,3;4;3;1,5,4;3,5,2
TLSLI|78,51406,3310,61166|1;1,3;2,5,3;1,4;3,5
TLSLJ|2248,216,312,23|1,3;4;3;1,5,3,5,2;1,5,4
TLSLL|305,1405,79741,29|2;1,5,2,5;3;1,5,3,1,5;4,5
TLSOS|305,2097,201,57|2;1,5;4,2;0,5;4
TLSOT|305,27,4923,27|2;1,5,3,5,1,2;3;1,5;1,5,4
TLSST|305,2097,201,27|2;1,5;4,2;2;1,5,4
TLSST|2248,2523,3291,27|1,3;2,5;4;3;1,5,4
TLSTJ|305,27,4923,23|2;1,5,3,5,1,2;3;1,5,2,5;1,5,4
TLSTL|305,27,39,142|2;1,5,3,5,1,2;2,5;3,1,5;4
TLSTL|305,27,4923,2491|2;1,5,3,5,1,2;3;1,5,3,1,5;1,3,5
TLSZI|2248,2798,408302,61166|1,3;2,5,1;;3,4;3,5
TLSZO|305,3513,5049,153|2;1,5,3,5,1;3;1,5,2;
TLSZS|2248,216,312,156|1,3;4;3;1,5,3;1,5,4
TLSZT|305,27,4923,27|2;1,5,3,5,1,2;3;1,5,3,5;1,5,4
TLTII|78,51406,61166,61166|1;1,3;3,5,4;;3,5
TLTII|2248,2798,61166,61166|1,3;2,5,1;4;;3,5
TLTIJ|78,51406,3310,3310|1;1,3;3,5,3;;2,0,5
TLTIL|78,51406,3310,29|1;1,3;3,5,3;3,5;4,5
TLTIL|78,51406,3790,29|1;1,3;3,5,2;3,5;4,5
TLTIS|39,140839,716327,2871|;2,1;3,1,5;2,5;3,4
TLTIT|39,202,27,27|;3,1,5;2,0,5;;1,5,4
TLTIT|39,17639,1399,141|;1,2;2,0,5;3,5;4
TLTIT|114,202,27,27|4;1,3,5;2,0,5;;1,5,4
TLTIT|305,1405,30589,141|2;1,5,2,5;4;3,5;4
TLTIT|2248,3050,3818,27|1,3;3,5;4;3,5;1,5,4
TLTIZ|78,51406,201,201|1;1,3;2,0,5;;1,4
TLTJJ|2248,216,120,232|1,3;4;4;4;2,5,3
TLTLI|78,51406,3310,61166|1;1,3;3,5,3;1,4;3,5
TLTLJ|39,202,27,139|;3,1,5;2,0,5;1,5;4
TLTLJ|114,202,27,139|4;1,3,5;2,0,5;1,5;4
TLTLO|305,27,71,204|2;1,5,3,5,1,2;1,5,3;1,3,5;0,5
TLTOJ|2248,216,568,232|1,3;4;3;1,5;2,5,3
TLTOL|305,27,71,887|2;1,5,3,5,1,2;1,5,3;0,5;3,1,5
TLTOS|39,1847,35895,2871|;4;1,3;0,5;3,4
TLTOS|78,51406,201,57|1;1,3;2,0,5;0,5;4
TLTSJ|305,27,77,23|2;1,5,3,5,1,2;1,5,2;2;1,5,4
TLTSJ|305,2097,197,23|2;1,5;3,4;2;1,5,4
TLTST|78,51406,201,27|1;1,3;2,0,5;2;1,5,4
TLTTI|39,17639,1399,30583|;1,2;2,0,5;4;2,5
TLTTI|78,12910,48878,61166|1;3;3,1,5;4;3,5
TLTTJ|2248,1224,78,23|1,3;;2,0,5,3;2,0,5;1,5,4
TLTZL|2248,2523,43,142|1,3;2,5;2,5;1,5,3;4
TLTZT|39,202,27,141|;3,1,5;2,0,5;1,3;4
TLTZT|114,202,27,141|4;1,3,5;2,0,5;1,3;4
TLZIL|39,17639,1655,142|;1,2;3,5;2,5;4
TLZIL|78,51406,3790,29|1;1,3;1,4;3,5;4,5
TLZIT|305,27,141,141|2;1,5,3,5,1,2;1,3;;4
TLZIT|2248,2798,577262,141|1,3;2,5,1;1,2;2,5;4
TLZJJ|2248,3050,36074,139|1,3;3,5;1,2;2,0,5;4
TLZJL|305,27,141,29|2;1,5,3,5,1,2;1,3;;4,5
TLZJL|2248,2798,577262,142|1,3;2,5,1;1,2;2,0,5;4
TLZLI|39,17639,1655,30583|;1,2;3,5;4;2,5
TLZLJ|2248,2523,576987,139|1,3;2,5;3,4;3,5;4
TLZLL|305,2097,225,113|2;1,5;4;4;1,3,5,2
TLZSI|2248,2798,577262,61166|1,3;2,5,1;1,2;4;3,5
TLZST|305,27,141,27|2;1,5,3,5,1,2;1,3;2;1,5,4
TLZTI|2248,2798,577262,61166|1,3;2,5,1;1,2;4;3,5
TLZTJ|305,27,891,139|2;1,5,3,5,1,2;;3,1,5;4
TLZTJ|2248,1224,78,23|1,3;;3,5,3;2,0,5;1,5,4
TLZTT|78,51406,202,27|1;1,3;3,5;2,0,5;1,5,4
TLZZL|39,202,43,142|;3,1,5;3,5;1,5,3;4
TLZZL|114,202,43,142|4;1,3,5;3,5;1,5,3;4
TOIIJ|2248,139,139,139|1,3;0,5;;;4
TOIIL|305,29,29,29|2;1,5;;;4,5
TOIIT|39,26151,3818,27|;;3,5,3,2,5;3,5;1,5,4
TOIIT|39,26151,96055,27|;;3,5;2,5;1,5,4
TOIIT|78,26190,1909,141|1;;3,5;2,5;4
TOIIT|114,26226,3818,27|4;;3,3,5,2,5;3,5;1,5,4
TOIIT|228,26340,1909,141|1,4;;3,5;2,5;4
TOIJL|78,894,35006,142|1;0,5;3;4;4
TOIJO|562,46,46,51|2,4;1,5;;2,5;1,5
TOIJO|562,46,275,51|2,4;1,5;3;1,5;1,5
TOIJO|562,46,275,153|2,4;1,5;3;1,5,3;
TOIJO|1220,71,2188,204|3,4;0,5;3;4;0,5
TOIJO|2248,139,139,204|1,3;0,5;;3,4,5;0,5
TOIJS|1220,71,2188,156|3,4;0,5;3;;1,5,4
TOIJT|562,46,275,27|2,4;1,5;3;1,5,4;1,5,4
TOIJT|2248,139,139,27|1,3;0,5;;;1,5,4
TOIJZ|1220,71,2188,2973|3,4;0,5;3;2,0;1,2,4
TOILJ|39,3303,4567,23|;1,5;3;4,5;1,5,4
TOILO|305,29,29,51|2;1,5;;3,5;1,5
TOILO|562,46,275,51|2,4;1,5;3;4,5;1,5
TOILO|1220,71,71,204|3,4;0,5;;1,3,5;0,5
TOILO|1220,71,2188,153|3,4;0,5;3;2;
TOILO|1220,71,2188,204|3,4;0,5;3;;0,5
TOILS|562,46,275,3483|2,4;1,5;3;1,5,3,1;3,4
TOILT|305,29,29,141|2;1,5;;1,5;4
TOILT|1220,71,2188,141|3,4;0,5;3;4;4
TOILZ|562,46,275,147|2,4;1,5;3;1,5;4
TOIOJ|562,46,46,3310|2,4;1,5;;1,5;2,0,5
TOIOJ|1220,71,2188,139|3,4;0,5;3;0,5;4
TOIOJ|2248,139,139,955|1,3;0,5;;0;1,2,5
TOIOL|305,29,29,3293|2;1,5;;1;3,5
TOIOL|562,46,275,29|2,4;1,5;3;1,5;4,5
TOIOL|1220,71,71,887|3,4;0,5;;0,5;3,1,5
TOISL|562,46,275,887|2,4;1,5;3;2,5;3,1,5
TOISL|1220,71,2188,142|3,4;0,5;3;4;4
TOITJ|39,3303,3303,23|;1,5;;2,0,5;1,5,4
TOITJ|78,894,35006,3310|1;0,5;3;3;2,0,5
TOITJ|562,46,275,23|2,4;1,5;3;1,5,4;1,5,4
TOITL|39,3303,4567,887|;1,5;3;1,5,2;3,1,5
TOITL|78,894,894,142|1;0,5;;3,1,5;4
TOITL|1220,71,2188,142|3,4;0,5;3;4;4
TOIZJ|562,46,275,23|2,4;1,5;3;1,5,4;1,5,4
TOIZJ|1220,71,2188,3310|3,4;0,5;3;2;2,0,5
TOJIL|39,13095,1895,142|;0;1,2,5;2,5;4
TOJIL|78,894,30590,142|1;0,5;4;3,5;4
TOJIO|562,46,51,51|2,4;1,5;2,5;;1,5
TOJIO|562,46,11822,51|2,4;1,5;1;3,5;1,5
TOJIO|562,46,35054,153|2,4;1,5;1,3;3,0,5;
TOJIO|1220,71,29767,204|3,4;0,5;3,3,5;2,5;0,5
TOJIO|2248,139,204,204|1,3;0,5;3,4,5;;0,5
TOJIS|1220,71,5959,156|3,4;0,5;;2,5;1,5,4
TOJIT|562,46,3758,27|2,4;1,5;1,4;3,5;1,5,4
TOJIT|2248,139,27,27|1,3;0,5;;;1,5,4
TOJIZ|1220,71,12631,2973|3,4;0,5;2,0;3,5;1,2,4
TOJJJ|305,29,35037,2525|2;1,5;1,5,3;;2,5
TOJJJ|562,46,51,139|2,4;1,5;2,5;1,3,5;4
TOJJJ|562,46,35054,139|2,4;1,5;1,3;2,5;4
TOJJJ|562,46,35054,3310|2,4;1,5;1,3;4;2,0,5
TOJJJ|2248,139,59531,232|1,3;0,5;3,4,5,2;2,5,2,5;2,5,3
TOJJL|305,29,5917,29|2;1,5;;1,5,4;4,5
TOJJL|305,29,35037,142|2;1,5;1,5,3;2,5;4
TOJJL|305,29,35037,3293|2;1,5;1,5,3;4;3,5
TOJLJ|305,29,5917,23|2;1,5;;1,5,3,5,3;1,5,4
TOJLJ|305,29,35037,139|2;1,5;1,5,3;3,5;4
TOJLJ|305,29,35037,2525|2;1,5;1,5,3;4;2,5
TOJLJ|562,46,1902,3310|2,4;1,5;4;1,3,5;2,0,5
TOJLJ|562,46,35054,3310|2,4;1,5;1,3;;2,0,5
TOJLJ|2248,139,27,139|1,3;0,5;;1,5;4
TOJLJ|2248,139,12699,955|1,3;0,5;2;3,5,1,3;1,2,5
TOJLL|305,29,1885,3293|2;1,5;4;1,3,5;3,5
TOJLL|305,29,5917,29|2;1,5;;1,5,3,5,2;4,5
TOJLL|305,29,35037,3293|2;1,5;1,5,3;;3,5
TOJLL|562,46,35054,142|2,4;1,5;1,3;4;4
TOJLL|2248,139,204,29|1,3;0,5;3,4,5;2,5;4,5
TOJOI|562,46,35054,61166|2,4;1,5;1,3;;3,5
TOJOS|2248,139,12699,3483|1,3;0,5;2;1,5;3,4
TOJSJ|78,52302,197,23|1;1;2,5,0,5;2;1,5,4
TOJSJ|228,52452,197,23|1,4;1;2,5,0,5;2;1,5,4
TOJSO|2248,139,12699,51|1,3;0,5;2;1,2,5,4;1,5
TOJTJ|562,46,51,139|2,4;1,5;2,5;3,1,5;4
TOJTL|2248,139,204,29|1,3;0,5;3,4,5;2,0,5;4,5
TOJTT|305,29,35037,141|2;1,5;1,5,3;4;4
TOJZI|1220,71,12631,30583|3,4;0,5;2,0;1,5,2,4;2,5
TOJZT|2248,139,27,141|1,3;0,5;;1,3;4
TOLIJ|39,3303,61159,23|;1,5;1,4;2,5;1,5,4
TOLIJ|78,52302,3694,23|1;1;3,5;3,5;1,5,4
TOLIO|305,29,51,51|2;1,5;3,5;;1,5
TOLIO|562,46,57902,51|2,4;1,5;1,2,2,5;3,5;1,5
TOLIO|1220,71,204,204|3,4;0,5;1,3,5;;0,5
TOLIO|1220,71,4471,153|3,4;0,5;2;2,1,5;
TOLIO|1220,71,18247,204|3,4;0,5;;2,5;0,5
TOLIS|562,46,51374,3483|2,4;1,5;3,1;2,5;3,4
TOLIT|305,29,141,141|2;1,5;1,5;;4
TOLIT|1220,71,1879,141|3,4;0,5;4;2,5;4
TOLIZ|562,46,36398,147|2,4;1,5;1;3,5;4
TOLJJ|305,29,51,139|2;1,5;3,5;1,3,5;4
TOLJJ|1220,71,4471,23|3,4;0,5;2;1,5,4;1,5,4
TOLJJ|2248,139,3755,955|1,3;0,5;4,1;2,5;1,2,5
TOLJJ|2248,139,4539,955|1,3;0,5;2;1,5;1,2,5
TOLJJ|2248,139,36491,139|1,3;0,5;4,1,4;2,5,3;4
TOLJL|305,29,141,29|2;1,5;1,5;;4,5
TOLJL|305,29,51357,3293|2;1,5;1,5,3;2,5,0,2;3,5
TOLJL|1220,71,3687,887|3,4;0,5;1,4;2,5;3,1,5
TOLJL|1220,71,4471,887|3,4;0,5;2;1,5;3,1,5
TOLJL|2248,139,4539,29|1,3;0,5;2;1,5,2,5;4,5
TOLJL|2248,139,4539,2491|1,3;0,5;2;1,5,4;1,3,5
TOLJL|2248,139,36491,142|1,3;0,5;4,1,4;2,5,2;4
TOLLJ|2248,139,4539,23|1,3;0,5;2;1,5,3,5;1,5,4
TOLLJ|2248,139,4539,955|1,3;0,5;2;4,5;1,2,5
TOLLJ|2248,139,36491,139|1,3;0,5;4,1,4;4;4
TOLLL|305,29,28957,113|2;1,5;3,5,3;1,3,5,3,5;1,3,5,2
TOLLL|1220,71,204,29|3,4;0,5;1,3,5;2,5;4,5
TOLLL|1220,71,4471,29|3,4;0,5;2;1,5,3,5;4,5
TOLLL|1220,71,4471,887|3,4;0,5;2;4,5;3,1,5
TOLLL|2248,139,4539,2491|1,3;0,5;2;1,5;1,3,5
TOLOI|1220,71,4471,30583|3,4;0,5;2;;2,5
TOLOZ|305,29,51357,2973|2;1,5;1,5,3;0,5;1,2,4
TOLSI|562,46,51374,61166|2,4;1,5;3,1;3,4;3,5
TOLST|305,29,141,27|2;1,5;1,5;2;1,5,4
TOLTJ|305,29,51,139|2;1,5;3,5;3,1,5;4
TOLTL|1220,71,204,29|3,4;0,5;1,3,5;2,0,5;4,5
TOLTT|2248,139,4539,27|1,3;0,5;2;1,5,4;1,5,4
TOLZL|39,13095,58,142|;0;3,5,1,5;1,5,3;4
TOLZL|114,13170,58,142|4;0;3,5,1,5;1,5,3;4
TOLZO|305,29,51357,204|2;1,5;1,5,3;3,5,4;0,5
TOOIJ|562,46,3310,3310|2,4;1,5;1,5;;2,0,5
TOOIJ|1220,71,887,139|3,4;0,5;0,5;3,5;4
TOOIJ|2248,139,955,955|1,3;0,5;0;;1,2,5
TOOIL|305,29,3293,3293|2;1,5;1;;3,5
TOOIL|562,46,3310,29|2,4;1,5;1,5;3,5;4,5
TOOIL|1220,71,887,887|3,4;0,5;0,5;;3,1,5
TOOJI|1220,71,887,30583|3,4;0,5;0,5;4;2,5
TOOLI|562,46,3310,61166|2,4;1,5;1,5;1,4;3,5
TOOSL|305,29,3293,29|2;1,5;1;3;4,5
TOOZJ|2248,139,955,139|1,3;0,5;0;1,5,2;4
TOSIL|562,46,9838,887|2,4;1,5;2;3,5;3,1,5
TOSIL|1220,71,1655,142|3,4;0,5;;2,5;4
TOSJL|39,3303,1767,887|;1,5;;2,5;3,1,5
TOSJO|2248,139,46,51|1,3;0,5;2;2,5;1,5
TOSLI|562,46,9838,61166|2,4;1,5;2;3,1,5;3,5
TOSLI|1220,71,1655,30583|3,4;0,5;;4;2,5
TOSOJ|2248,139,46,3310|1,3;0,5;2;1,5;2,0,5
TOSOL|305,29,4925,29|2;1,5;3;1,5;4,5
TOSTJ|78,894,78,23|1;0,5;1,2,5;2,0,5;1,5,4
TOSTL|39,13095,894,142|;0;3,1,5;3,1,5;4
TOSTT|2248,139,3307,27|1,3;0,5;1;2,0,5;1,5,4
TOTIJ|39,3303,23,23|;1,5;2,0,5;;1,5,4
TOTIJ|78,894,288638,3310|1;0,5;3;3,3,5,3,5;2,0,5
TOTIJ|78,52302,3694,23|1;1;3,5;3,5;1,5,4
TOTIJ|562,46,3694,23|2,4;1,5;4;3,5;1,5,4
TOTIL|39,3303,159463,887|;1,5;2;2,5;3,1,5
TOTIL|39,13095,1895,142|;0;1,2,5;2,5;4
TOTIL|78,894,142,142|1;0,5;3,1,5;;4
TOTIL|1220,71,1895,142|3,4;0,5;4;2,5;4
TOTJJ|562,46,36014,139|2,4;1,5;3,1;2,0,5;4
TOTJL|2248,139,5019,29|1,3;0,5;2;1,5,2,5;4,5
TOTJS|78,894,142,57|1;0,5;3,1,5;2;4
TOTLJ|305,29,35997,139|2;1,5;1,5,3;3,5;4
TOTLL|1220,71,4951,29|3,4;0,5;2,0;1,5,3,1,5;4,5
TOTLZ|39,3303,23,201|;1,5;2,0,5;1,5,3;1,4
TOTOS|2248,139,5019,3483|1,3;0,5;2;1,5;3,4
TOTOZ|305,29,35997,2973|2;1,5;1,5,3;0,5;1,2,4
TOTSJ|78,894,142,3310|1;0,5;3,1,5;1;2,0,5
TOTSJ|78,52302,3287,23|1;1;2,0,5;3;1,5,4
TOTSJ|305,29,77,23|2;1,5;1,5;2;1,5,4
TOTST|2248,139,5019,27|1,3;0,5;2;2,5,2;1,5,4
TOTTJ|2248,139,78,23|1,3;0,5;3;2,0,5;1,5,4
TOTTJ|2248,139,5019,23|1,3;0,5;2;1,5,2,5,4;1,5,4
TOTTL|305,29,39,142|2;1,5;2,5;3,1,5;4
TOTTL|305,29,35997,142|2;1,5;1,5,3;3,5,4;4
TOTTT|39,3303,23,141|;1,5;2,0,5;1,5,3;4
TOTTT|78,894,142,27|1;0,5;3,1,5;2;1,5,4
TOTZL|39,3303,23,887|;1,5;2,0,5;;3,1,5
TOTZL|39,13095,958,142|;0;3,1,5;1,5,2;4
TOTZL|2248,139,43,142|1,3;0,5;;1,5,3;4
TOTZT|305,29,35997,141|2;1,5;1,5,3;2,0,2;4
TOZIJ|562,46,1774,23|2,4;1,5;4;3,5;1,5,4
TOZIJ|1220,71,18023,3310|3,4;0,5;2;3,5,3,3,5;2,0,5
TOZJI|562,46,1774,61166|2,4;1,5;4;4;3,5
TOZJI|1220,71,18023,30583|3,4;0,5;2;2,0,5;2,5
TOZLJ|78,894,1662,3310|1;0,5;4;1,3,5;2,0,5
TOZLO|305,29,71,204|2;1,5;2;1,3,5;0,5
TOZOJ|2248,139,36043,139|1,3;0,5;3,4;0,5;4
TOZOL|305,29,71,887|2;1,5;2;0,5;3,1,5
TOZTJ|78,52302,3303,23|1;1;3,5;2,0,5;1,5,4
TOZTL|39,3303,39,142|;1,5;3,5;3,1,5;4
TOZTT|305,29,893,141|2;1,5;;3,1,5;4
TSIIJ|305,23,23,23|2;2,5,2;;;1,5,4
TSIIJ|2248,232,232,232|1,3;4;;;2,5,3
TSIIL|305,78641,96117,29|2;3;2,5;2,5;4,5
TSIIL|305,78641,113593,29|2;3;3,5;2,5;4,5
TSIIL|1124,26468,3820,29|3;;2,5;3,5;4,5
TSIIO|78,1662,35054,153|1;;3;3,0,5;
TSIIT|39,9831,2798,27|;2;3,5,3,2,5;3,5;1,5,4
TSIIT|39,9831,79735,27|;2;3,5;3,5;1,5,4
TSIJJ|78,1662,35054,139|1;;3;2,5;4
TSIJJ|78,1662,35054,3310|1;;3;4;2,0,5
TSIJL|39,78,277,29|;3,1,5;3;1,5,4;4,5
TSIJO|305,23,2185,153|2;2,5,2;3;;
TSIJO|305,23,2185,204|2;2,5,2;3;3;0,5
TSIJO|2248,232,281,153|1,3;4;3;1,5,4;
TSIJS|2248,232,232,57|1,3;4;;2,5,3,2;4
TSIJS|2248,232,281,57|1,3;4;3;1,5;4
TSIJT|305,23,2185,141|2;2,5,2;3;4;4
TSIJT|305,78641,113593,27|2;3;3,5;1,5,2,5,4;1,5,4
TSIJT|562,106,4475,27|2,4;3,1,5;3;1,5,4;1,5,4
TSILJ|39,78,277,23|;3,1,5;3;4,5;1,5,4
TSILJ|39,9831,79735,23|;2;3,5;1,5,3,1,5;1,5,4
TSILJ|78,1662,1662,3310|1;;;1,3,5;2,0,5
TSILJ|78,1662,35054,3310|1;;3;;2,0,5
TSILL|78,1662,35054,142|1;;3;4;4
TSILO|305,23,2185,153|2;2,5,2;3;4;
TSILO|2248,232,281,51|1,3;4;3;2,5;1,5
TSILO|2248,232,281,153|1,3;4;3;1,5;
TSILS|562,106,4475,3483|2,4;3,1,5;3;1,5,3;3,4
TSILT|2248,232,281,27|1,3;4;3;4,5;1,5,4
TSILZ|305,23,23,201|2;2,5,2;;1,5,3;1,4
TSILZ|305,23,2185,201|2;2,5,2;3;;1,4
TSIOI|78,1662,35054,61166|1;;3;;3,5
TSIOJ|2248,232,281,23|1,3;4;3;;1,5,4
TSIOL|305,23,2185,142|2;2,5,2;3;;4
TSISL|305,23,2185,2491|2;2,5,2;3;3;1,3,5
TSISL|2248,232,281,29|1,3;4;3;1,5,4;4,5
TSITI|39,9831,2798,61166|;2;3,5,3,2,5;4;3,5
TSITI|39,9831,79735,30583|;2;3,5;1,5,4;2,5
TSITJ|39,78,78,23|;3,1,5;;2,0,5;1,5,4
TSITJ|39,78,277,2525|;3,1,5;3;1,5,3;2,5
TSITJ|78,4974,564206,3310|1;2;3,5;3,1,5;2,0,5
TSITJ|305,23,2185,139|2;2,5,2;3;4;4
TSITJ|305,78641,113593,3001|2;3;3,5;1,5,4;1,2,5,4
TSITL|39,78,277,887|;3,1,5;3;1,5,2;3,1,5
TSITL|1220,86,35038,142|3,4;2,5;3;4;4
TSITL|2248,232,281,29|1,3;4;3;1,5,4;4,5
TSITT|305,23,23,141|2;2,5,2;;1,5,3;4
TSIZI|39,9831,79735,30583|;2;3,5;4;2,5
TSIZJ|305,23,2185,139|2;2,5,2;3;4;4
TSIZJ|1220,86,35038,3310|3,4;2,5;3;3;2,0,5
TSIZJ|2248,232,281,2525|1,3;4;3;3,5,1;2,5
TSIZL|305,23,23,887|2;2,5,2;;;3,1,5
TSJIJ|39,50727,1847,139|;1;2,0,5;2,5;4
TSJIJ|78,1662,476798,3310|1;;2,2,5;3,5;2,0,5
TSJIJ|78,19662,1774,23|1;2,4,4,1,5;3,5;3,5;1,5,4
TSJIL|39,78,3790,29|;3,1,5;4;3,5;4,5
TSJIO|305,23,5911,153|2;2,5,2;;2,5;
TSJIO|305,23,17527,204|2;2,5,2;3;3,4,1,5;0,5
TSJIO|2248,232,59624,153|1,3;4;1,4;3,5;
TSJIS|2248,232,57,57|1,3;4;2,5,3,2;;4
TSJIS|2248,232,12008,57|1,3;4;1;3,5;4
TSJIT|305,23,1879,141|2;2,5,2;4;2,5;4
TSJIT|305,78641,79735,27|2;3;1,5,2,5,4;3,5;1,5,4
TSJIT|562,106,3818,27|2,4;3,1,5;4;3,5;1,5,4
TSJJI|78,19662,1774,61166|1;2,4,4,1,5;3,5;4;3,5
TSJJJ|305,23,5911,23|2;2,5,2;;1,5,4;1,5,4
TSJJJ|2248,232,6120,232|1,3;4;;1,5,4;2,5,3
TSJJJ|2248,232,59624,232|1,3;4;1,4;2,5,3;2,5,3
TSJJL|305,78641,80829,29|2;3;1,5,3,5;1,5,2,5;4,5
TSJLJ|305,23,5911,23|2;2,5,2;;1,5,3,5,2;1,5,4
TSJLJ|305,78641,79735,23|2;3;1,5,2,5,4;1,5,3,1,5;1,5,4
TSJLL|305,89,5977,3545|2;1,5,2,5;;1,5,3,5;3,5,4
TSJLL|305,78641,4981,29|2;3;1,5,2,5;1,5,3,1,5;4,5
TSJLO|228,50916,116,204|1,4;1;2,0,5;1,3,5;0,5
TSJLZ|39,78,5966,3534|;3,1,5;;1,5,3,5;2,4
TSJOI|305,23,17527,30583|2;2,5,2;3;0,5;2,5
TSJOZ|2248,232,57,201|1,3;4;2,5,3,2;1,5;1,4
TSJSJ|78,19662,77,23|1;2,4,4,1,5;2,5,0,5;2;1,5,4
TSJSS|305,78641,45873,2871|2;3;1,5,4;3,4,5,2;3,4
TSJTI|305,78641,79735,30583|2;3;1,5,2,5,4;1,5,4;2,5
TSJTJ|562,106,891,139|2,4;3,1,5;2,5;3,1,5;4
TSJTL|305,23,39,142|2;2,5,2;1,5;3,1,5;4
TSJTT|39,78,53,141|;3,1,5;2,0,5;3,1,5;4
TSJZI|305,78641,79735,30583|2;3;1,5,2,5,4;4;2,5
TSJZT|2248,232,57,141|1,3;4;2,5,3,2;1,5,3;4
TSLIJ|39,78,3694,23|;3,1,5;1,4;3,5;1,5,4
TSLIJ|39,9831,61159,23|;2;3,1,5;2,5;1,5,4
TSLIJ|78,1662,3310,3310|1;;1,3,5;;2,0,5
TSLIJ|78,1662,292478,3310|1;;;3,5;2,0,5
TSLIL|78,1662,3310,29|1;;1,3,5;3,5;4,5
TSLIL|78,1662,30590,142|1;;4;3,5;4
TSLIO|305,23,28951,153|2;2,5,2;3,3,5;2,5;
TSLIO|2248,232,36584,153|1,3;4;1;3,5;
TSLIS|562,106,51434,3483|2,4;3,1,5;1,3;2,5;3,4
TSLIS|2248,232,58088,57|1,3;4;3,3;3,5;4
TSLIZ|305,23,201,201|2;2,5,2;1,5,3;;1,4
TSLIZ|305,23,18199,201|2;2,5,2;;2,5;1,4
TSLJI|78,19662,32494,61166|1;2,4,4,1,5;3,5;4;3,5
TSLJJ|305,23,135,23|2;2,5,2;1,5;;1,5,4
TSLJJ|305,78641,4923,23|2;3;1,5,3,5,1,5,2;1,5,2,5;1,5,4
TSLJJ|305,78641,5049,23|2;3;1,5,3,5,1,5;1,5,2,5,4;1,5,4
TSLJJ|305,78641,5049,3001|2;3;1,5,3,5,1,5;1,5,4;1,2,5,4
TSLJJ|2248,232,120,232|1,3;4;4;4;2,5,3
TSLJL|305,89,51417,3545|2;1,5,2,5;1,3;2,5,0,3;3,5,4
TSLJL|305,78641,4923,2491|2;3;1,5,3,5,1,5,2;1,5,3,5;1,3,5
TSLJL|305,78641,5049,29|2;3;1,5,3,5,1,5;1,5,2,5,4,4;4,5
TSLJL|2248,232,36584,184|1,3;4;1;2,5;3,5,2
TSLJZ|39,78,51406,3534|;3,1,5;1,3;3,5,2;2,4
TSLLI|78,1662,3310,61166|1;;1,3,5;1,4;3,5
TSLLJ|2248,232,36584,232|1,3;4;1;4;2,5,3
TSLLL|305,10097,225,113|2;2,5;3,1,5;4;1,3,5,2
TSLLL|305,78641,79741,29|2;3;1,5,2,5;1,5,3,1,5;4,5
TSLOS|305,23,201,57|2;2,5,2;1,5,3;0,5;4
TSLOT|305,78641,4923,27|2;3;1,5,3,5,1,5,2;1,5;1,5,4
TSLSI|305,23,25687,30583|2;2,5,2;4,2;1,2,4;2,5
TSLSJ|39,78,51406,3310|;3,1,5;1,3;2,5,3;2,0,5
TSLSJ|78,4974,33646,3310|1;2;1,5;3,4;2,0,5
TSLST|305,23,201,27|2;2,5,2;1,5,3;2;1,5,4
TSLTI|39,78,51406,61166|;3,1,5;1,3;3,5,4;3,5
TSLTJ|39,78,51406,3310|;3,1,5;1,3;3,5,3;2,0,5
TSLTJ|305,89,891,139|2;1,5,2,5;3,5;3,1,5;4
TSLTJ|305,78641,4923,23|2;3;1,5,3,5,1,5,2;1,5,2,5;1,5,4
TSLTL|305,89,39,142|2;1,5,2,5;3,5,4;3,1,5;4
TSLTL|305,78641,4923,2491|2;3;1,5,3,5,1,5,2;1,5,3,1,5;1,3,5
TSLTZ|39,78,51406,201|;3,1,5;1,3;2,0,5;1,4
TSLTZ|305,89,51417,201|2;1,5,2,5;1,3;3,5,3;1,4
TSLZO|305,78641,5049,153|2;3;1,5,3,5,1,5;1,5,2;
TSLZT|305,78641,4923,27|2;3;1,5,3,5,1,5,2;1,5,3,5;1,5,4
TSOII|78,1662,419454,61166|1;;;3,5,3,2,5;3,5
TSOIJ|305,50993,14129,3001|2;4;0,5;2,5;1,2,5,4
TSOIL|305,23,1655,142|2;2,5,2;;2,5;4
TSOIL|2248,232,52456,3545|1,3;4;1;2,5;3,5,4
TSOJO|2248,232,52456,204|1,3;4;1;2,5,0,5,3;0,5
TSOJZ|2248,232,52456,201|1,3;4;1;2,5,0,5,3,2;1,4
TSOLI|305,23,1655,30583|2;2,5,2;;4;2,5
TSOOJ|2248,232,13288,232|1,3;4;0;1,5;2,5,3
TSOOJ|2248,232,52456,232|1,3;4;1;0,5;2,5,3
TSOOL|305,78641,4925,29|2;3;1,5;1,5;4,5
TSOSJ|305,23,3287,23|2;2,5,2;1;3;1,5,4
TSOTJ|78,19662,78,23|1;2,4,4,1,5;0,5;2,0,5;1,5,4
TSOTL|39,78,894,142|;3,1,5;0,5;3,1,5;4
TSOZJ|2248,232,52456,232|1,3;4;1;3,5;2,5,3
TSSIL|305,23,4919,2491|2;2,5,2;3;3,5;1,3,5
TSSIL|305,78641,4919,2491|2;3;1,5,2,5,2;3,5;1,3,5
TSSJO|2248,154,46,51|1,3;2;2,5;2,5;1,5
TSSJS|305,23,4919,2871|2;2,5,2;3;1,5,4;3,4
TSSJS|305,78641,4919,2871|2;3;1,5,2,5,2;1,5,4;3,4
TSSLI|305,23,4919,30583|2;2,5,2;3;1,5,3,5;2,5
TSSLI|305,78641,4919,30583|2;3;1,5,2,5,2;1,5,3,5;2,5
TSSLJ|39,78,1662,3310|;3,1,5;;1,3,5;2,0,5
TSSLT|305,23,4919,27|2;2,5,2;3;1,5,3,5,1,5;1,5,4
TSSLT|305,78641,4919,27|2;3;1,5,2,5,2;1,5,3,5,1,5;1,5,4
TSSOJ|305,23,4919,23|2;2,5,2;3;1,5;1,5,4
TSSOJ|305,78641,4919,23|2;3;1,5,2,5,2;1,5;1,5,4
TSSOJ|2248,154,46,3310|1,3;2;2,5;1,5;2,0,5
TSSOL|305,23,3191,887|2;2,5,2;4;0,5;3,1,5
TSSSJ|305,23,77,23|2;2,5,2;1,5,3;2;1,5,4
TSSSJ|305,23,4919,23|2;2,5,2;3;1,5,2,5;1,5,4
TSSSJ|305,78641,4919,23|2;3;1,5,2,5,2;1,5,2,5;1,5,4
TSSTO|305,89,4985,153|2;1,5,2,5;3;1,5,3,1,5;
TSSTO|305,78641,4985,153|2;3;1,5,2,5;1,5,3,1,5;
TSSTT|305,23,4919,27|2;2,5,2;3;1,5,3,1,5;1,5,4
TSSTT|305,78641,4919,27|2;3;1,5,2,5,2;1,5,3,1,5;1,5,4
TSSTT|2248,154,202,27|1,3;2;4;2,0,5;1,5,4
TSTII|39,9831,943719,30583|;2;4;2,5;2,5
TSTIJ|39,78,23,23|;3,1,5;2,0,5;;1,5,4
TSTIJ|39,78,36046,2525|;3,1,5;1,3;2,5;2,5
TSTIJ|78,4974,292718,3310|1;2;1,5,3;3,5;2,0,5
TSTIJ|78,19662,1774,23|1;2,4,4,1,5;3,5;3,5;1,5,4
TSTIJ|305,23,1847,139|2;2,5,2;4;2,5;4
TSTIJ|305,78641,29489,3001|2;3;1,5,4;2,5;1,2,5,4
TSTIL|39,78,9838,887|;3,1,5;2;3,5;3,1,5
TSTIL|305,78641,4919,2491|2;3;1,5,2,5,4,2;3,5;1,3,5
TSTIL|1220,86,1910,142|3,4;2,5;4;2,5;4
TSTIT|305,23,141,141|2;2,5,2;1,5,3;;4
TSTJI|39,78,36046,61166|;3,1,5;1,3;2,5;3,5
TSTJI|78,19662,1774,61166|1;2,4,4,1,5;3,5;4;3,5
TSTJJ|305,78641,5049,23|2;3;1,5,2,5,4;1,5,2,5,4;1,5,4
TSTJJ|305,78641,5049,3001|2;3;1,5,2,5,4;1,5,4;1,2,5,4
TSTJJ|562,106,36074,139|2,4;3,1,5;1,3;2,0,5;4
TSTJL|305,23,141,29|2;2,5,2;1,5,3;;4,5
TSTJL|305,78641,5049,29|2;3;1,5,2,5,4;1,5,2,5,4,4;4,5
TSTJL|2248,232,312,184|1,3;4;2;1,5,4;3,5,2
TSTJS|305,78641,4919,2871|2;3;1,5,2,5,4,2;1,5,4;3,4
TSTJT|39,78,36046,141|;3,1,5;1,3;2,5,0,5;4
TSTLI|39,78,9838,61166|;3,1,5;2;3,1,5;3,5
TSTLI|305,78641,4919,30583|2;3;1,5,2,5,4,2;1,5,3,5;2,5
TSTLJ|39,78,1902,3310|;3,1,5;4;1,3,5;2,0,5
TSTLJ|78,4974,1902,3310|1;2;1,5,4;1,3,5;2,0,5
TSTLJ|305,89,36057,139|2;1,5,2,5;1,3;3,5,4,4;4
TSTLJ|2248,232,312,23|1,3;4;2;1,5,3,5,2;1,5,4
TSTLL|305,89,36057,142|2;1,5,2,5;1,3;3,5,4;4
TSTLL|305,89,36057,3545|2;1,5,2,5;1,3;4;3,5,4
TSTLL|305,10097,36465,113|2;2,5;3,1,5;4;1,3,5,2
TSTLL|305,78641,4981,29|2;3;1,5,2,5;1,5,3,1,5;4,5
TSTLO|305,23,71,204|2;2,5,2;1,5;1,3,5;0,5
TSTLT|305,78641,4919,27|2;3;1,5,2,5,4,2;1,5,3,5,1,5;1,5,4
TSTLZ|39,78,23,201|;3,1,5;2,0,5;1,5,3;1,4
TSTLZ|39,78,36046,3534|;3,1,5;1,3;4;2,4
TSTLZ|78,50766,5966,3534|1;2,4,4,1,5,3;2,0,5;1,5,3,5;2,4
TSTLZ|305,89,1913,201|2;1,5,2,5;4;1,3,5;1,4
TSTOJ|305,78641,4919,23|2;3;1,5,2,5,4,2;1,5;1,5,4
TSTOL|39,78,36046,142|;3,1,5;1,3;0,5;4
TSTOL|305,23,71,887|2;2,5,2;1,5;0,5;3,1,5
TSTSJ|78,4974,2542,3310|1;2;1,5,3,1,5;4;2,0,5
TSTSJ|78,19662,77,23|1;2,4,4,1,5;2,0,5;2;1,5,4
TSTSJ|305,78641,4919,23|2;3;1,5,2,5,4,2;1,5,2,5;1,5,4
TSTSO|305,89,36057,153|2;1,5,2,5;1,3;3;
TSTST|305,23,141,27|2;2,5,2;1,5,3;2;1,5,4
TSTTJ|2248,154,78,23|1,3;2;1,3,5;2,0,5;1,5,4
TSTTT|39,78,23,141|;3,1,5;2,0,5;1,5,3;4
TSTTT|39,78,36046,141|;3,1,5;1,3;2,0,5;4
TSTTT|305,78641,4919,27|2;3;1,5,2,5,4,2;1,5,3,1,5;1,5,4
TSTZL|39,78,23,887|;3,1,5;2,0,5;;3,1,5
TSTZL|39,78,36046,142|;3,1,5;1,3;3,5;4
TSTZO|305,78641,5049,153|2;3;1,5,2,5,4;1,5,2;
TSTZS|2248,232,312,156|1,3;4;2;1,5,3;1,5,4
TSZII|39,9831,452199,30583|;2;4;2,5;2,5
TSZIJ|305,23,887,139|2;2,5,2;;3,5;4
TSZIJ|305,78641,29489,3001|2;3;4;2,5;1,2,5,4
TSZIJ|1220,86,18038,3310|3,4;2,5;2;3,3,5,3,5;2,0,5
TSZIL|305,23,887,887|2;2,5,2;;;3,1,5
TSZJI|305,23,887,30583|2;2,5,2;;4;2,5
TSZJL|39,25383,3687,887|;;3,4;2,5;3,1,5
TSZLJ|78,4974,1902,3310|1;2;4;1,3,5;2,0,5
TSZOJ|2248,232,568,232|1,3;4;3;1,5;2,5,3
TSZTJ|78,19662,78,23|1;2,4,4,1,5;3,5;2,0,5;1,5,4
TSZTL|39,78,39,142|;3,1,5;3,5;3,1,5;4
TSZZL|2248,154,58,142|1,3;2;4;1,5,3;4
TTIIJ|39,18023,3310,3310|;3;3,5,3,3,5;;2,0,5
TTIIJ|39,18023,18023,3310|;3;;3,5,3,3,5;2,0,5
TTIIJ|39,156199,226103,955|;2,2,5,3;2,5;2,5;1,2,5
TTIIJ|78,23,23,23|1;2,0,5;;;1,5,4
TTIIJ|78,9838,887,139|1;2;3,5;3,5;4
TTIIJ|78,36046,2525,2525|1;1,3;2,5;;2,5
TTIIJ|78,36046,36046,2525|1;1,3;;2,5;2,5
TTIIJ|114,156274,11946,955|4;1,2;3,5,3,2,5;3,5;1,2,5
TTIIJ|305,23,23,23|2;1,5,3,1,5,2;;;1,5,4
TTIIJ|305,29489,3001,3001|2;4;2,5;;1,2,5,4
TTIIJ|305,29489,29489,3001|2;4;;2,5;1,2,5,4
TTIIJ|610,58978,1907,139|1,2;4;3,5;2,5;4
TTIIJ|610,160354,10986,955|1,2;;2,5;3,5;1,2,5
TTIIJ|2248,232,232,232|1,3;4;;;2,5,3
TTIIL|39,142,142,142|;3,1,5;;;4
TTIIL|39,4919,2491,2491|;2;3,5;;1,3,5
TTIIL|39,4919,4919,2491|;2;;3,5;1,3,5
TTIIL|39,18023,3310,29|;3;3,5,3,3,5;3,5;4,5
TTIIL|39,18023,87927,29|;3;3,5;2,5;4,5
TTIIL|78,9838,887,887|1;2;3,5;;3,1,5
TTIIL|78,9838,9838,887|1;2;;3,5;3,1,5
TTIIL|78,287822,18261,3293|1;1,3,3,5,2;3,5;2,5;3,5
TTIIL|228,287972,18261,3293|1,4;3;3,5;2,5;3,5
TTIIL|305,113,113,113|2;1,5,4;;;1,3,5,2
TTIIL|1124,30308,3820,29|3;4;2,5;3,5;4,5
TTIIL|1124,320612,17781,3293|3;1;3,5;2,5;3,5
TTIIL|2248,142,142,142|1,3;2,0,5,3;;;4
TTIIO|39,3687,4471,153|;4;3;2,1,5;
TTIIO|78,1902,35054,153|1;4;3;3,0,5;
TTIIO|305,153,153,153|2;1,5,3,1,5;;;
TTIIO|562,102,4471,153|2,4;1,2,5;3;2,1,5;
TTIIO|562,102,35054,153|2,4;1,2,5;3,3,5,2,5;3,0,5;
TTIIO|1220,102,4471,153|3,4;3,5;3;2,1,5;
TTIIO|1220,102,35054,153|3,4;3,5;3,3,5,2,5;3,0,5;
TTIIO|2248,153,153,153|1,3;2,0,5;;;
TTIIS|1124,6004,156,156|3;2,0,5;2,5;;1,5,4
TTIIS|1124,6004,6004,156|3;2,0,5;;2,5;1,5,4
TTIIS|2248,12008,57,57|1,3;2;3,5;;4
TTIIS|2248,12008,12008,57|1,3;2;;3,5;4
TTIIZ|305,18289,201,201|2;1,5,3;2,5;;1,4
TTIIZ|305,18289,18289,201|2;1,5,3;;2,5;1,4
TTIIZ|610,36578,147,147|1,2;3,1,5;3,5;;4
TTIIZ|610,36578,36578,147|1,2;3,1,5;;3,5;4
TTIJI|39,18023,18023,30583|;3;;2,0,5;2,5
TTIJI|39,19559,89463,30583|;1,2;2,5;2,5;2,5
TTIJI|78,9838,887,30583|1;2;3,5;4;2,5
TTIJI|78,36046,36046,61166|1;1,3;;2,5;3,5
TTIJJ|39,3687,4471,23|;4;3;1,5,4;1,5,4
TTIJJ|39,10023,170,955|;;2,5;2,5;1,2,5
TTIJJ|39,10023,170,3310|;;2,5;1,2,5;2,0,5
TTIJJ|39,29223,170,955|;2,2,5;2,5;2,5;1,2,5
TTIJJ|39,29223,170,3310|;2,2,5;2,5;1,2,5;2,0,5
TTIJJ|78,1902,35054,139|1;4;3;2,5;4
TTIJJ|78,1902,35054,3310|1;4;3;4;2,0,5
TTIJJ|114,10098,170,955|4;;2,5;2,5;1,2,5
TTIJJ|114,10098,170,3310|4;;2,5;1,2,5;2,0,5
TTIJJ|114,29298,170,955|4;4;2,5;2,5;1,2,5
TTIJJ|114,29298,170,3310|4;4;2,5;1,2,5;2,0,5
TTIJJ|305,85,35037,2525|2;1,5,2,5;2;;2,5
TTIJJ|562,102,4471,23|2,4;1,2,5;3;1,5,4;1,5,4
TTIJJ|562,102,35054,139|2,4;1,2,5;3,3,5,2,5;2,5;4
TTIJJ|562,102,35054,3310|2,4;1,2,5;3,3,5,2,5;4;2,0,5
TTIJJ|562,170,170,955|2,4;3,1,5;;2,5;1,2,5
TTIJJ|562,170,170,3310|2,4;3,1,5;;1,2,5;2,0,5
TTIJJ|562,170,4539,955|2,4;3,1,5;3;1,5;1,2,5
TTIJJ|1220,85,35037,2525|3,4;2,0,5;2;;2,5
TTIJJ|1220,102,4471,23|3,4;3,5;3;1,5,4;1,5,4
TTIJJ|1220,102,35054,139|3,4;3,5;3,3,5,2,5;2,5;4
TTIJJ|1220,102,35054,3310|3,4;3,5;3,3,5,2,5;4;2,0,5
TTIJJ|2248,170,170,955|1,3;3,5;;2,5;1,2,5
TTIJJ|2248,170,170,3310|1,3;3,5;;1,2,5;2,0,5
TTIJJ|2248,170,4539,955|1,3;3,5;3;1,5;1,2,5
TTIJL|39,3687,3687,887|;4;;2,5;3,1,5
TTIJL|39,3687,4471,887|;4;3;1,5;3,1,5
TTIJL|305,85,35037,142|2;1,5,2,5;2;2,5;4
TTIJL|305,85,35037,3293|2;1,5,2,5;2;4;3,5
TTIJL|305,153,153,3293|2;1,5,3,1,5;;1,2,5;3,5
TTIJL|562,102,102,887|2,4;1,2,5;;2,5;3,1,5
TTIJL|562,102,4471,887|2,4;1,2,5;3;1,5;3,1,5
TTIJL|562,170,4539,29|2,4;3,1,5;3;1,5,2,5;4,5
TTIJL|562,170,4539,2491|2,4;3,1,5;3;1,5,4;1,3,5
TTIJL|1220,85,35037,142|3,4;2,0,5;2;2,5;4
TTIJL|1220,85,35037,3293|3,4;2,0,5;2;4;3,5
TTIJL|1220,102,102,887|3,4;3,5;;2,5;3,1,5
TTIJL|1220,102,4471,887|3,4;3,5;3;1,5;3,1,5
TTIJL|2248,153,153,3293|1,3;2,0,5;;1,2,5;3,5
TTIJL|2248,170,4539,29|1,3;3,5;3;1,5,2,5;4,5
TTIJL|2248,170,4539,2491|1,3;3,5;3;1,5,4;1,3,5
TTIJO|39,142,281,153|;3,1,5;3;1,5,4;
TTIJO|78,23,2185,153|1;2,0,5;3;;
TTIJO|78,23,2185,204|1;2,0,5;3;3;0,5
TTIJO|305,23,2185,153|2;1,5,3,1,5,2;3;;
TTIJO|305,23,2185,204|2;1,5,3,1,5,2;3;3;0,5
TTIJO|305,113,2185,153|2;1,5,4;3;;
TTIJO|305,113,2185,204|2;1,5,4;3;3;0,5
TTIJO|2248,142,281,153|1,3;2,0,5,3;3;1,5,4;
TTIJO|2248,232,281,153|1,3;4;3;1,5,4;
TTIJS|39,142,142,57|;3,1,5;;2;4
TTIJS|39,142,281,57|;3,1,5;3;1,5;4
TTIJS|39,4919,4919,2871|;2;;1,5,4;3,4
TTIJS|2248,142,142,57|1,3;2,0,5,3;;2;4
TTIJS|2248,142,281,57|1,3;2,0,5,3;3;1,5;4
TTIJS|2248,232,232,57|1,3;4;;2,5,3,2;4
TTIJS|2248,232,281,57|1,3;4;3;1,5;4
TTIJT|78,23,2185,141|1;2,0,5;3;4;4
TTIJT|78,36046,36046,141|1;1,3;;2,5,0,5;4
TTIJT|305,23,2185,141|2;1,5,3,1,5,2;3;4;4
TTIJT|305,113,2185,141|2;1,5,4;3;4;4
TTIJZ|305,29489,3001,201|2;4;2,5;1,2,5,4,4;1,4
TTILI|39,4919,4919,30583|;2;;1,5,3,5;2,5
TTILI|39,18023,3310,61166|;3;3,5,3,3,5;1,4;3,5
TTILI|39,18023,87927,30583|;3;3,5;4,5;2,5
TTILI|78,9070,568302,61166|1;3;3,5;3,5;3,5
TTILI|78,9838,9838,61166|1;2;;3,1,5;3,5
TTILJ|78,1902,1902,3310|1;4;;1,3,5;2,0,5
TTILJ|78,1902,35054,3310|1;4;3;;2,0,5
TTILJ|305,85,35037,139|2;1,5,2,5;2;3,5;4
TTILJ|305,85,35037,2525|2;1,5,2,5;2;4;2,5
TTILJ|305,153,153,955|2;1,5,3,1,5;;3,5;1,2,5
TTILJ|562,102,102,3310|2,4;1,2,5;;1,3,5;2,0,5
TTILJ|562,102,35054,3310|2,4;1,2,5;3,3,5,2,5;;2,0,5
TTILJ|562,170,4539,23|2,4;3,1,5;3;1,5,3,5;1,5,4
TTILJ|562,170,4539,955|2,4;3,1,5;3;4,5;1,2,5
TTILJ|1220,85,35037,139|3,4;2,0,5;2;3,5;4
TTILJ|1220,85,35037,2525|3,4;2,0,5;2;4;2,5
TTILJ|1220,102,102,3310|3,4;3,5;;1,3,5;2,0,5
TTILJ|1220,102,35054,3310|3,4;3,5;3,3,5,2,5;;2,0,5
TTILJ|2248,153,153,955|1,3;2,0,5;;3,5;1,2,5
TTILJ|2248,170,4539,23|1,3;3,5;3;1,5,3,5;1,5,4
TTILJ|2248,170,4539,955|1,3;3,5;3;4,5;1,2,5
TTILL|39,3687,4471,29|;4;3;1,5,3,5;4,5
TTILL|39,3687,4471,887|;4;3;4,5;3,1,5
TTILL|78,1902,35054,142|1;4;3;4;4
TTILL|78,20046,85,887|1;1;3,5;3,5;3,1,5
TTILL|78,20046,85,3293|1;1;3,5;1,3,5;3,5
TTILL|78,58446,85,887|1;1,3,3,5;3,5;3,5;3,1,5
TTILL|78,58446,85,3293|1;1,3,3,5;3,5;1,3,5;3,5
TTILL|228,20196,85,887|1,4;1;3,5;3,5;3,1,5
TTILL|228,20196,85,3293|1,4;1;3,5;1,3,5;3,5
TTILL|228,58596,85,887|1,4;1,4;3,5;3,5;3,1,5
TTILL|228,58596,85,3293|1,4;1,4;3,5;1,3,5;3,5
TTILL|305,85,85,887|2;1,5,2,5;;3,5;3,1,5
TTILL|305,85,85,3293|2;1,5,2,5;;1,3,5;3,5
TTILL|305,85,35037,3293|2;1,5,2,5;2;;3,5
TTILL|562,102,4471,29|2,4;1,2,5;3;1,5,3,5;4,5
TTILL|562,102,4471,887|2,4;1,2,5;3;4,5;3,1,5
TTILL|562,102,35054,142|2,4;1,2,5;3,3,5,2,5;4;4
TTILL|562,170,4539,2491|2,4;3,1,5;3;1,5;1,3,5
TTILL|1220,85,85,887|3,4;2,0,5;;3,5;3,1,5
TTILL|1220,85,85,3293|3,4;2,0,5;;1,3,5;3,5
TTILL|1220,85,35037,3293|3,4;2,0,5;2;;3,5
TTILL|1220,102,4471,29|3,4;3,5;3;1,5,3,5;4,5
TTILL|1220,102,4471,887|3,4;3,5;3;4,5;3,1,5
TTILL|1220,102,35054,142|3,4;3,5;3,3,5,2,5;4;4
TTILL|2248,170,4539,2491|1,3;3,5;3;1,5;1,3,5
TTILO|39,142,281,51|;3,1,5;3;2,5;1,5
TTILO|39,142,281,153|;3,1,5;3;1,5;
TTILO|78,23,2185,153|1;2,0,5;3;4;
TTILO|305,23,2185,153|2;1,5,3,1,5,2;3;4;
TTILO|305,113,2185,153|2;1,5,4;3;4;
TTILO|2248,142,281,51|1,3;2,0,5,3;3;2,5;1,5
TTILO|2248,142,281,153|1,3;2,0,5,3;3;1,5;
TTILO|2248,232,281,51|1,3;4;3;2,5;1,5
TTILO|2248,232,281,153|1,3;4;3;1,5;
TTILS|39,156199,226103,2871|;2,2,5,3;2,5;3,1,5;3,4
TTILT|39,142,281,27|;3,1,5;3;4,5;1,5,4
TTILT|39,4919,4919,27|;2;;1,5,3,5,1,5;1,5,4
TTILT|2248,142,281,27|1,3;2,0,5,3;3;4,5;1,5,4
TTILT|2248,232,281,27|1,3;4;3;4,5;1,5,4
TTILZ|78,23,23,201|1;2,0,5;;1,5,3;1,4
TTILZ|78,23,2185,201|1;2,0,5;3;;1,4
TTILZ|78,36046,36046,3534|1;1,3;;4;2,4
TTILZ|305,23,23,201|2;1,5,3,1,5,2;;1,5,3;1,4
TTILZ|305,23,2185,201|2;1,5,3,1,5,2;3;;1,4
TTILZ|305,113,113,201|2;1,5,4;;1,3,5,2,3;1,4
TTILZ|305,113,2185,201|2;1,5,4;3;;1,4
TTIOI|39,3687,4471,30583|;4;3;;2,5
TTIOI|78,1902,35054,61166|1;4;3;;3,5
TTIOI|562,102,4471,30583|2,4;1,2,5;3;;2,5
TTIOI|562,102,35054,61166|2,4;1,2,5;3,3,5,2,5;;3,5
TTIOI|1220,102,4471,30583|3,4;3,5;3;;2,5
TTIOI|1220,102,35054,61166|3,4;3,5;3,3,5,2,5;;3,5
TTIOJ|39,142,281,23|;3,1,5;3;;1,5,4
TTIOJ|39,4919,4919,23|;2;;1,5;1,5,4
TTIOJ|305,1073,36025,3001|2;1,5;3,5;0,5;1,2,5,4
TTIOJ|2248,142,281,23|1,3;2,0,5,3;3;;1,5,4
TTIOJ|2248,232,281,23|1,3;4;3;;1,5,4
TTIOL|78,23,2185,142|1;2,0,5;3;;4
TTIOL|78,36046,36046,142|1;1,3;;0,5;4
TTIOL|305,23,2185,142|2;1,5,3,1,5,2;3;;4
TTIOL|305,113,2185,142|2;1,5,4;3;;4
TTIOL|2248,712,5081,3545|1,3;;3,5;1,5;3,5,4
TTIOS|305,18289,201,57|2;1,5,3;2,5;0,5;4
TTIOZ|2248,12008,57,201|1,3;2;3,5;1,5;1,4
TTISJ|39,142,142,3310|;3,1,5;;1;2,0,5
TTISJ|39,4919,4919,23|;2;;1,5,2,5;1,5,4
TTISJ|2248,142,142,3310|1,3;2,0,5,3;;1;2,0,5
TTISL|39,142,281,29|;3,1,5;3;1,5,4;4,5
TTISL|78,23,2185,2491|1;2,0,5;3;3;1,3,5
TTISL|78,36046,2525,3293|1;1,3;2,5;4;3,5
TTISL|305,23,2185,2491|2;1,5,3,1,5,2;3;3;1,3,5
TTISL|305,113,2185,2491|2;1,5,4;3;3;1,3,5
TTISL|2248,142,281,29|1,3;2,0,5,3;3;1,5,4;4,5
TTISL|2248,232,281,29|1,3;4;3;1,5,4;4,5
TTISO|1124,6004,156,204|3;2,0,5;2,5;4;0,5
TTIST|305,18289,201,27|2;1,5,3;2,5;2;1,5,4
TTISZ|305,153,153,201|2;1,5,3,1,5;;4;1,4
TTISZ|2248,153,153,201|1,3;2,0,5;;4;1,4
TTITJ|78,23,2185,139|1;2,0,5;3;4;4
TTITJ|305,23,2185,139|2;1,5,3,1,5,2;3;4;4
TTITJ|305,113,2185,139|2;1,5,4;3;4;4
TTITL|39,142,281,29|;3,1,5;3;1,5,4;4,5
TTITL|2248,142,281,29|1,3;2,0,5,3;3;1,5,4;4,5
TTITL|2248,232,281,29|1,3;4;3;1,5,4;4,5
TTITO|114,2242,6611,51|4;1,3;2,5;2,5;1,5
TTITO|228,308,35260,204|1,4;2;3,5;3,1,5;0,5
TTITS|228,308,308,156|1,4;2;;1,5,3,1,5;1,5,4
TTITT|39,142,142,27|;3,1,5;;2;1,5,4
TTITT|39,4919,4919,27|;2;;1,5,3,1,5;1,5,4
TTITT|78,23,23,141|1;2,0,5;;1,5,3;4
TTITT|78,36046,36046,141|1;1,3;;2,0,5;4
TTITT|305,23,23,141|2;1,5,3,1,5,2;;1,5,3;4
TTITT|305,85,35037,141|2;1,5,2,5;2;4;4
TTITT|562,170,4539,27|2,4;3,1,5;3;1,5,4;1,5,4
TTITT|1220,85,35037,141|3,4;2,0,5;2;4;4
TTITT|2248,142,142,27|1,3;2,0,5,3;;2;1,5,4
TTITT|2248,170,4539,27|1,3;3,5;3;1,5,4;1,5,4
TTITZ|114,2242,2242,147|4;1,3;;2,0,5;4
TTIZJ|39,142,281,2525|;3,1,5;3;3,5,1;2,5
TTIZJ|39,4919,2491,955|;2;3,5;4;1,2,5
TTIZJ|78,23,2185,139|1;2,0,5;3;4;4
TTIZJ|305,23,2185,139|2;1,5,3,1,5,2;3;4;4
TTIZJ|305,113,2185,139|2;1,5,4;3;4;4
TTIZJ|2248,142,281,2525|1,3;2,0,5,3;3;3,5,1;2,5
TTIZJ|2248,232,281,2525|1,3;4;3;3,5,1;2,5
TTIZL|39,156199,226103,887|;2,2,5,3;2,5;1,5,2;3,1,5
TTIZL|78,23,23,887|1;2,0,5;;;3,1,5
TTIZL|78,36046,36046,142|1;1,3;;3,5;4
TTIZL|305,23,23,887|2;1,5,3,1,5,2;;;3,1,5
TTIZO|610,36578,147,51|1,2;3,1,5;3,5;4,4;1,5
TTIZS|305,153,153,57|2;1,5,3,1,5;;4;4
TTIZS|2248,153,153,57|1,3;2,0,5;;4;4
TTIZT|2248,12008,57,141|1,3;2;3,5;1,5,3;4
TTJII|39,18023,30583,30583|;3;2,0,5;;2,5
TTJII|39,19559,421479,30583|;1,2;2,5;2,5;2,5
TTJII|78,9838,484974,61166|1;2;4;3,5;3,5
TTJII|78,36046,61166,61166|1;1,3;2,5;;3,5
TTJIJ|39,3687,887,139|;4;2,5;3,5;4
TTJIJ|39,20007,1847,139|;1;2,0,5;2,5;4
TTJIJ|78,1902,3694,23|1;4;4;3,5;1,5,4
TTJIJ|78,1902,477038,3310|1;4;2,2;3,5;2,0,5
TTJIJ|305,85,5973,2525|2;1,5,2,5;;2,5;2,5
TTJIJ|562,102,887,139|2,4;1,2,5;2,5;3,5;4
TTJIJ|562,102,3814,23|2,4;1,2,5;4;3,5;1,5,4
TTJIJ|562,102,29798,3310|2,4;1,2,5;2,5,2;2,5;2,0,5
TTJIJ|562,170,955,955|2,4;3,1,5;2,5;;1,2,5
TTJIJ|562,170,3310,3310|2,4;3,1,5;1,2,5;;2,0,5
TTJIJ|562,170,11946,955|2,4;3,1,5;1;3,5;1,2,5
TTJIJ|1220,85,5973,2525|3,4;2,0,5;;2,5;2,5
TTJIJ|1220,102,887,139|3,4;3,5;2,5;3,5;4
TTJIJ|1220,102,3814,23|3,4;3,5;4;3,5;1,5,4
TTJIJ|1220,102,29798,3310|3,4;3,5;2,5,2;2,5;2,0,5
TTJIJ|2248,170,955,955|1,3;3,5;2,5;;1,2,5
TTJIJ|2248,170,3310,3310|1,3;3,5;1,2,5;;2,0,5
TTJIJ|2248,170,11946,955|1,3;3,5;1;3,5;1,2,5
TTJIL|39,3687,887,887|;4;2,5;;3,1,5
TTJIL|39,3687,192103,887|;4;1;2,5;3,1,5
TTJIL|305,85,1655,142|2;1,5,2,5;2,5;2,5;4
TTJIL|305,85,29781,3293|2;1,5,2,5;2,5,2;2,5;3,5
TTJIL|305,153,3293,3293|2;1,5,3,1,5;1,2,5;;3,5
TTJIL|562,102,887,887|2,4;1,2,5;2,5;;3,1,5
TTJIL|562,102,11878,887|2,4;1,2,5;1;3,5;3,1,5
TTJIL|562,170,3310,29|2,4;3,1,5;1,2,5;3,5;4,5
TTJIL|562,170,59562,2491|2,4;3,1,5;3,3;3,5;1,3,5
TTJIL|1220,85,1655,142|3,4;2,0,5;2,5;2,5;4
TTJIL|1220,85,29781,3293|3,4;2,0,5;2,5,2;2,5;3,5
TTJIL|1220,102,887,887|3,4;3,5;2,5;;3,1,5
TTJIL|1220,102,11878,887|3,4;3,5;1;3,5;3,1,5
TTJIL|2248,153,3293,3293|1,3;2,0,5;1,2,5;;3,5
TTJIL|2248,170,3310,29|1,3;3,5;1,2,5;3,5;4,5
TTJIL|2248,170,59562,2491|1,3;3,5;3,3;3,5;1,3,5
TTJIO|39,142,59534,153|;3,1,5;3,4,2,5;3,5;
TTJIO|78,23,5911,153|1;2,0,5;;2,5;
TTJIO|78,23,17527,204|1;2,0,5;3;3,4,1,5;0,5
TTJIO|305,23,5911,153|2;1,5,3,1,5,2;;2,5;
TTJIO|305,23,17527,204|2;1,5,3,1,5,2;3;3,4,1,5;0,5
TTJIO|305,113,6001,153|2;1,5,4;;2,5;
TTJIO|2248,142,59534,153|1,3;2,0,5,3;3,4,2,5;3,5;
TTJIO|2248,232,59624,153|1,3;4;1,4;3,5;
TTJIS|39,142,57,57|;3,1,5;2;;4
TTJIS|39,142,11918,57|;3,1,5;3,2;3,5;4
TTJIS|39,4919,2871,2871|;2;1,5,4;;3,4
TTJIS|2248,142,57,57|1,3;2,0,5,3;2;;4
TTJIS|2248,142,11918,57|1,3;2,0,5,3;3,2;3,5;4
TTJIS|2248,232,57,57|1,3;4;2,5,3,2;;4
TTJIS|2248,232,12008,57|1,3;4;1;3,5;4
TTJIT|78,23,1879,141|1;2,0,5;4;2,5;4
TTJIT|78,36046,141,141|1;1,3;2,5,0,5;;4
TTJIT|78,36046,2798,27|1;1,3;3,5;3,5;1,5,4
TTJIT|305,23,1879,141|2;1,5,3,1,5,2;4;2,5;4
TTJIZ|78,287822,488782,3534|1;1,3,3,5,2;2,0,5;3,5;2,4
TTJIZ|305,113,29809,201|2;1,5,4;2,2;2,5;1,4
TTJJI|39,3687,887,30583|;4;2,5;4;2,5
TTJJI|562,102,887,30583|2,4;1,2,5;2,5;4;2,5
TTJJI|1220,102,887,30583|3,4;3,5;2,5;4;2,5
TTJJJ|78,23,5911,23|1;2,0,5;;1,5,4;1,5,4
TTJJJ|305,23,5911,23|2;1,5,3,1,5,2;;1,5,4;1,5,4
TTJJJ|2248,232,6120,232|1,3;4;;1,5,4;2,5,3
TTJJJ|2248,232,59624,232|1,3;4;1,4;2,5,3;2,5,3
TTJJL|78,36046,141,29|1;1,3;2,5,0,5;;4,5
TTJJL|305,113,6001,113|2;1,5,4;;1,5,4;1,3,5,2
TTJJO|305,153,6041,153|2;1,5,3,1,5;;1,5,4;
TTJJO|305,153,59545,153|2;1,5,3,1,5;3,5,3;2,5,3;
TTJJO|2248,153,6041,153|1,3;2,0,5;;1,5,4;
TTJJO|2248,153,59545,153|1,3;2,0,5;3,5,3;2,5,3;
TTJLI|305,85,1655,30583|2;1,5,2,5;2,5;4;2,5
TTJLI|562,170,3310,61166|2,4;3,1,5;1,2,5;1,4;3,5
TTJLI|1220,85,1655,30583|3,4;2,0,5;2,5;4;2,5
TTJLI|2248,170,3310,61166|1,3;3,5;1,2,5;1,4;3,5
TTJLJ|78,23,5911,23|1;2,0,5;;1,5,3,5,2;1,5,4
TTJLJ|305,23,5911,23|2;1,5,3,1,5,2;;1,5,3,5,2;1,5,4
TTJLJ|305,113,6001,209|2;1,5,4;;1,5,3,5;2,5,3
TTJLL|39,142,30,142|;3,1,5;;1,5;4
TTJLL|305,113,225,113|2;1,5,4;4;4;1,3,5,2
TTJLL|2248,142,30,142|1,3;2,0,5,3;;1,5;4
TTJLO|228,20196,116,204|1,4;1;2,0,5;1,3,5;0,5
TTJLO|1124,6004,116,204|3;2,0,5;1,5,4;1,3,5;0,5
TTJLZ|78,58446,13646,3534|1;1,3,3,5;2,5;3,1,5;2,4
TTJOI|78,23,17527,30583|1;2,0,5;3;0,5;2,5
TTJOI|305,23,17527,30583|2;1,5,3,1,5,2;3;0,5;2,5
TTJOJ|2248,12008,13288,232|1,3;2;2,5;1,5;2,5,3
TTJOZ|39,142,57,201|;3,1,5;2;1,5;1,4
TTJOZ|2248,142,57,201|1,3;2,0,5,3;2;1,5;1,4
TTJOZ|2248,232,57,201|1,3;4;2,5,3,2;1,5;1,4
TTJSJ|305,153,77,23|2;1,5,3,1,5;3,5;2;1,5,4
TTJSJ|2248,153,77,23|1,3;2,0,5;3,5;2;1,5,4
TTJSL|305,153,3293,29|2;1,5,3,1,5;1,2,5;3;4,5
TTJSL|2248,153,3293,29|1,3;2,0,5;1,2,5;3;4,5
TTJST|78,36046,141,27|1;1,3;2,5,0,5;2;1,5,4
TTJTI|39,4919,55159,30583|;2;1,5,2,5;4;2,5
TTJTI|78,36046,2798,61166|1;1,3;3,5;4;3,5
TTJTL|78,23,39,142|1;2,0,5;1,5;3,1,5;4
TTJTL|305,23,39,142|2;1,5,3,1,5,2;1,5;3,1,5;4
TTJZI|39,142,25262,61166|;3,1,5;4,3;3,4;3,5
TTJZI|2248,142,25262,61166|1,3;2,0,5,3;4,3;3,4;3,5
TTJZJ|562,170,955,139|2,4;3,1,5;2,5;1,5,2;4
TTJZJ|2248,170,955,139|1,3;3,5;2,5;1,5,2;4
TTJZO|114,2242,450,51|4;1,3;;2,4;1,5
TTJZT|39,142,57,141|;3,1,5;2;1,5,3;4
TTJZT|2248,142,57,141|1,3;2,0,5,3;2;1,5,3;4
TTJZT|2248,232,57,141|1,3;4;2,5,3,2;1,5,3;4
TTLII|39,4919,30583,30583|;2;1,5,3,5;;2,5
TTLII|39,18023,943719,30583|;3;1,4;2,5;2,5
TTLII|78,9070,419694,61166|1;3;3,5;3,3,5,2,5;3,5
TTLII|78,9838,61166,61166|1;2;3,1,5;;3,5
TTLIJ|78,1902,3310,3310|1;4;1,3,5;;2,0,5
TTLIJ|78,1902,292718,3310|1;4;;3,5;2,0,5
TTLIJ|305,85,887,139|2;1,5,2,5;3,5;3,5;4
TTLIJ|305,85,29013,2525|2;1,5,2,5;2,2;2,5;2,5
TTLIJ|305,153,955,955|2;1,5,3,1,5;3,5;;1,2,5
TTLIJ|562,102,3310,3310|2,4;1,2,5;1,3,5;;2,0,5
TTLIJ|562,102,18278,3310|2,4;1,2,5;;2,5;2,0,5
TTLIJ|562,170,1774,23|2,4;3,1,5;3,5;3,5;1,5,4
TTLIJ|562,170,58026,955|2,4;3,1,5;3,5,3;3,5;1,2,5
TTLIJ|1220,85,887,139|3,4;2,0,5;3,5;3,5;4
TTLIJ|1220,85,29013,2525|3,4;2,0,5;2,2;2,5;2,5
TTLIJ|1220,102,3310,3310|3,4;3,5;1,3,5;;2,0,5
TTLIJ|1220,102,18278,3310|3,4;3,5;;2,5;2,0,5
TTLIJ|2248,153,955,955|1,3;2,0,5;3,5;;1,2,5
TTLIJ|2248,170,1774,23|1,3;3,5;3,5;3,5;1,5,4
TTLIJ|2248,170,58026,955|1,3;3,5;3,5,3;3,5;1,2,5
TTLIL|39,3687,1895,142|;4;4;2,5;4
TTLIL|39,3687,929383,887|;4;3,3;2,5;3,1,5
TTLIL|78,1902,3310,29|1;4;1,3,5;3,5;4,5
TTLIL|78,10062,3790,29|1;;3,1,5;3,5;4,5
TTLIL|305,85,887,887|2;1,5,2,5;3,5;;3,1,5
TTLIL|305,85,3293,3293|2;1,5,2,5;1,3,5;;3,5
TTLIL|305,85,18261,3293|2;1,5,2,5;;2,5;3,5
TTLIL|562,102,1910,142|2,4;1,2,5;4;2,5;4
TTLIL|562,102,3310,29|2,4;1,2,5;1,3,5;3,5;4,5
TTLIL|562,102,57958,887|2,4;1,2,5;3,3;3,5;3,1,5
TTLIL|562,170,36522,2491|2,4;3,1,5;1;3,5;1,3,5
TTLIL|1220,85,887,887|3,4;2,0,5;3,5;;3,1,5
TTLIL|1220,85,3293,3293|3,4;2,0,5;1,3,5;;3,5
TTLIL|1220,85,18261,3293|3,4;2,0,5;;2,5;3,5
TTLIL|1220,102,1910,142|3,4;3,5;4;2,5;4
TTLIL|1220,102,3310,29|3,4;3,5;1,3,5;3,5;4,5
TTLIL|1220,102,57958,887|3,4;3,5;3,3;3,5;3,1,5
TTLIL|2248,170,36522,2491|1,3;3,5;1;3,5;1,3,5
TTLIO|39,142,8942,51|;3,1,5;2,1;3,5;1,5
TTLIO|39,142,36494,153|;3,1,5;3,2;3,5;
TTLIO|78,23,28951,153|1;2,0,5;3,3,5;2,5;
TTLIO|305,23,28951,153|2;1,5,3,1,5,2;3,3,5;2,5;
TTLIO|305,113,29041,153|2;1,5,4;4;2,5;
TTLIO|2248,142,8942,51|1,3;2,0,5,3;2,1;3,5;1,5
TTLIO|2248,142,36494,153|1,3;2,0,5,3;3,2;3,5;
TTLIO|2248,232,36584,153|1,3;4;1;3,5;
TTLIS|39,156199,977447,2871|;2,2,5,3;3,1,5;2,5;3,4
TTLIS|2248,232,58088,57|1,3;4;3,3;3,5;4
TTLIT|39,142,3758,27|;3,1,5;3,3;3,5;1,5,4
TTLIT|39,4919,27,27|;2;1,5,3,5,1,5;;1,5,4
TTLIT|39,4919,1399,141|;2;1,5,2,5;3,5;4
TTLIT|2248,142,3758,27|1,3;2,0,5,3;3,3;3,5;1,5,4
TTLIZ|78,23,201,201|1;2,0,5;1,5,3;;1,4
TTLIZ|78,23,18199,201|1;2,0,5;;2,5;1,4
TTLIZ|78,36046,3534,3534|1;1,3;4;;2,4
TTLIZ|305,23,201,201|2;1,5,3,1,5,2;1,5,3;;1,4
TTLIZ|305,23,18199,201|2;1,5,3,1,5,2;;2,5;1,4
TTLIZ|305,113,201,201|2;1,5,4;1,3,5,2,3;;1,4
TTLIZ|305,113,18289,201|2;1,5,4;;2,5;1,4
TTLJI|305,85,887,30583|2;1,5,2,5;3,5;4;2,5
TTLJI|562,170,1774,61166|2,4;3,1,5;3,5;4;3,5
TTLJI|1220,85,887,30583|3,4;2,0,5;3,5;4;2,5
TTLJI|2248,170,1774,61166|1,3;3,5;3,5;4;3,5
TTLJJ|78,23,135,23|1;2,0,5;1,5;;1,5,4
TTLJJ|305,23,135,23|2;1,5,3,1,5,2;1,5;;1,5,4
TTLJJ|2248,232,120,232|1,3;4;4;4;2,5,3
TTLJL|39,142,36494,142|;3,1,5;3,2;2,5,3;4
TTLJL|2248,142,36494,142|1,3;2,0,5,3;3,2;2,5,3;4
TTLJL|2248,232,36584,184|1,3;4;1;2,5;3,5,2
TTLJO|114,10098,226,51|4;;3,1,5;2,5;1,5
TTLJO|610,36578,226,51|1,2;3,1,5;4;2,5;1,5
TTLJS|39,29223,51751,2871|;2,2,5;1,3,5;2,0,5;3,4
TTLLI|78,1902,3310,61166|1;4;1,3,5;1,4;3,5
TTLLI|562,102,3310,61166|2,4;1,2,5;1,3,5;1,4;3,5
TTLLI|1220,102,3310,61166|3,4;3,5;1,3,5;1,4;3,5
TTLLJ|39,4919,27,139|;2;1,5,3,5,1,5;1,5;4
TTLLJ|2248,232,36584,232|1,3;4;1;4;2,5,3
TTLLL|39,142,36494,142|;3,1,5;3,2;4;4
TTLLL|305,113,29041,113|2;1,5,4;4;1,3,5,2;1,3,5,2
TTLLL|305,113,36465,113|2;1,5,4;1;4;1,3,5,2
TTLLL|2248,142,36494,142|1,3;2,0,5,3;3,2;4;4
TTLLO|305,153,29081,153|2;1,5,3,1,5;2,5,2;1,3,5,2;
TTLLO|305,153,36505,153|2;1,5,3,1,5;1;4;
TTLLO|2248,153,29081,153|1,3;2,0,5;2,5,2;1,3,5,2;
TTLLO|2248,153,36505,153|1,3;2,0,5;1;4;
TTLOI|39,142,8942,61166|;3,1,5;2,1;1,5;3,5
TTLOI|2248,142,8942,61166|1,3;2,0,5,3;2,1;1,5;3,5
TTLOL|305,18289,52337,113|2;1,5,3;1,3,5;0,5;1,3,5,2
TTLOS|78,23,201,57|1;2,0,5;1,5,3;0,5;4
TTLOS|305,23,201,57|2;1,5,3,1,5,2;1,5,3;0,5;4
TTLOS|305,113,201,57|2;1,5,4;1,3,5,2,3;0,5;4
TTLSI|78,23,25687,30583|1;2,0,5;4,2;1,2,4;2,5
TTLSI|305,23,25687,30583|2;1,5,3,1,5,2;4,2;1,2,4;2,5
TTLSL|305,85,3293,29|2;1,5,2,5;1,3,5;3;4,5
TTLSL|1220,85,3293,29|3,4;2,0,5;1,3,5;3;4,5
TTLSO|228,308,2100,204|1,4;2;1,5;3,4;0,5
TTLST|78,23,201,27|1;2,0,5;1,5,3;2;1,5,4
TTLST|305,23,201,27|2;1,5,3,1,5,2;1,5,3;2;1,5,4
TTLST|305,113,201,27|2;1,5,4;1,3,5,2,3;2;1,5,4
TTLTI|39,4919,1399,30583|;2;1,5,2,5;4;2,5
TTLTI|78,36046,48878,61166|1;1,3;3,5;4;3,5
TTLTJ|39,142,78,23|;3,1,5;;2,0,5;1,5,4
TTLTJ|2248,142,78,23|1,3;2,0,5,3;;2,0,5;1,5,4
TTLZJ|305,153,955,139|2;1,5,3,1,5;3,5;1,5,2;4
TTLZJ|2248,153,955,139|1,3;2,0,5;3,5;1,5,2;4
TTLZL|305,153,43,142|2;1,5,3,1,5;2,5;1,5,3;4
TTLZL|2248,153,43,142|1,3;2,0,5;2,5;1,5,3;4
TTLZT|39,4919,27,141|;2;1,5,3,5,1,5;1,3;4
TTOII|39,3687,421479,30583|;4;;2,5;2,5
TTOII|78,1902,419694,61166|1;4;;3,3,5,2,5;3,5
TTOII|562,102,26214,30583|2,4;1,2,5;;3,5;2,5
TTOII|1220,102,26214,30583|3,4;3,5;;3,5;2,5
TTOIJ|39,142,1774,23|;3,1,5;;3,5;1,5,4
TTOIJ|39,4919,23,23|;2;1,5;;1,5,4
TTOIJ|78,9070,3694,23|1;3;1,5;3,5;1,5,4
TTOIJ|305,113,13169,3001|2;1,5,4;0;3,5;1,2,5,4
TTOIJ|305,1073,14129,3001|2;1,5;0,5;2,5;1,2,5,4
TTOIJ|2248,142,1774,23|1,3;2,0,5,3;;3,5;1,5,4
TTOIL|39,19559,1895,142|;1,2;0,5;2,5;4
TTOIL|78,23,1655,142|1;2,0,5;;2,5;4
TTOIL|78,36046,142,142|1;1,3;0,5;;4
TTOIL|305,23,1655,142|2;1,5,3,1,5,2;;2,5;4
TTOIL|2248,232,52456,3545|1,3;4;1;2,5;3,5,4
TTOIL|2248,712,52936,3545|1,3;;1,5;3,5;3,5,4
TTOIS|305,18289,227185,57|2;1,5,3;0,5;2,5;4
TTOIZ|2248,12008,847592,201|1,3;2;1,5;3,5;1,4
TTOJI|39,142,1774,61166|;3,1,5;;4;3,5
TTOJI|2248,142,1774,61166|1,3;2,0,5,3;;4;3,5
TTOJJ|2248,12008,847592,232|1,3;2;1,5;2,0,5;2,5,3
TTOJO|2248,232,52456,204|1,3;4;1;2,5,0,5,3;0,5
TTOJS|78,36046,142,57|1;1,3;0,5;2;4
TTOJZ|2248,232,52456,201|1,3;4;1;2,5,0,5,3,2;1,4
TTOLI|78,23,1655,30583|1;2,0,5;;4;2,5
TTOLI|305,23,1655,30583|2;1,5,3,1,5,2;;4;2,5
TTOLL|305,18289,227185,113|2;1,5,3;0,5;3,1,5;1,3,5,2
TTOLO|305,113,13169,51|2;1,5,4;0;3,5,1,5,2;1,5
TTOLS|305,113,13169,57|2;1,5,4;0;3,5,1,5,2,3;4
TTOLZ|39,4919,23,201|;2;1,5;1,5,3;1,4
TTOOJ|2248,232,13288,232|1,3;4;0;1,5;2,5,3
TTOOJ|2248,232,52456,232|1,3;4;1;0,5;2,5,3
TTOOL|305,113,13169,113|2;1,5,4;0;1,5;1,3,5,2
TTOOL|305,113,52337,113|2;1,5,4;1;0,5;1,3,5,2
TTOSJ|78,23,3287,23|1;2,0,5;1;3;1,5,4
TTOSJ|78,36046,142,3310|1;1,3;0,5;1;2,0,5
TTOSJ|305,23,3287,23|2;1,5,3,1,5,2;1;3;1,5,4
TTOSL|305,113,13169,113|2;1,5,4;0;1,2,5;1,3,5,2
TTOTT|39,4919,23,141|;2;1,5;1,5,3;4
TTOTT|78,36046,142,27|1;1,3;0,5;2;1,5,4
TTOZJ|2248,232,52456,232|1,3;4;1;3,5;2,5,3
TTOZL|39,142,958,142|;3,1,5;0;1,5,2;4
TTOZL|39,4919,23,887|;2;1,5;;3,1,5
TTOZL|2248,142,958,142|1,3;2,0,5,3;0;1,5,2;4
TTSIJ|39,142,3310,3310|;3,1,5;1;;2,0,5
TTSIJ|39,4919,23,23|;2;1,5,2,5;;1,5,4
TTSIJ|78,9070,1774,23|1;3;1,2,5;3,5;1,5,4
TTSIJ|78,287822,292718,3310|1;1,3,3,5,2;3;3,5;2,0,5
TTSIJ|2248,142,3310,3310|1,3;2,0,5,3;1;;2,0,5
TTSIL|39,142,3310,29|;3,1,5;1;3,5;4,5
TTSIL|78,23,4919,2491|1;2,0,5;3;3,5;1,3,5
TTSIL|78,36046,3790,29|1;1,3;4;3,5;4,5
TTSIL|305,23,4919,2491|2;1,5,3,1,5,2;3;3,5;1,3,5
TTSIL|2248,142,3310,29|1,3;2,0,5,3;1;3,5;4,5
TTSIZ|305,153,201,201|2;1,5,3,1,5;4;;1,4
TTSIZ|2248,153,201,201|1,3;2,0,5;4;;1,4
TTSJI|78,9070,1774,61166|1;3;1,2,5;4;3,5
TTSJJ|305,153,5049,23|2;1,5,3,1,5;3;1,5,2,5,4;1,5,4
TTSJJ|305,153,5049,3001|2;1,5,3,1,5;3;1,5,4;1,2,5,4
TTSJJ|2248,153,5049,23|1,3;2,0,5;3;1,5,2,5,4;1,5,4
TTSJJ|2248,153,5049,3001|1,3;2,0,5;3;1,5,4;1,2,5,4
TTSJL|305,153,5049,29|2;1,5,3,1,5;3;1,5,2,5,4,4;4,5
TTSJL|2248,153,5049,29|1,3;2,0,5;3;1,5,2,5,4,4;4,5
TTSJO|114,2242,226,51|4;1,3;4;2,5;1,5
TTSJS|78,23,4919,2871|1;2,0,5;3;1,5,4;3,4
TTSJS|305,23,4919,2871|2;1,5,3,1,5,2;3;1,5,4;3,4
TTSLI|39,142,3310,61166|;3,1,5;1;1,4;3,5
TTSLI|78,23,4919,30583|1;2,0,5;3;1,5,3,5;2,5
TTSLI|305,23,4919,30583|2;1,5,3,1,5,2;3;1,5,3,5;2,5
TTSLI|2248,142,3310,61166|1,3;2,0,5,3;1;1,4;3,5
TTSLL|305,85,4981,29|2;1,5,2,5;3;1,5,3,1,5;4,5
TTSLL|1220,85,4981,29|3,4;2,0,5;3;1,5,3,1,5;4,5
TTSLO|305,1073,71,204|2;1,5;4;1,3,5;0,5
TTSLT|78,23,4919,27|1;2,0,5;3;1,5,3,5,1,5;1,5,4
TTSLT|305,23,4919,27|2;1,5,3,1,5,2;3;1,5,3,5,1,5;1,5,4
TTSLZ|39,4919,23,201|;2;1,5,2,5;1,5,3;1,4
TTSOJ|78,23,4919,23|1;2,0,5;3;1,5;1,5,4
TTSOJ|305,23,4919,23|2;1,5,3,1,5,2;3;1,5;1,5,4
TTSOL|78,23,3191,887|1;2,0,5;4;0,5;3,1,5
TTSOL|305,23,3191,887|2;1,5,3,1,5,2;4;0,5;3,1,5
TTSOL|305,113,1217,113|2;1,5,4;1,2;0,5;1,3,5,2
TTSOL|305,1073,71,887|2;1,5;4;0,5;3,1,5
TTSOS|305,153,201,57|2;1,5,3,1,5;4;0,5;4
TTSOS|2248,153,201,57|1,3;2,0,5;4;0,5;4
TTSSJ|78,23,77,23|1;2,0,5;1,5,3;2;1,5,4
TTSSJ|78,23,4919,23|1;2,0,5;3;1,5,2,5;1,5,4
TTSSJ|78,36046,2542,3310|1;1,3;3;4;2,0,5
TTSSJ|305,23,77,23|2;1,5,3,1,5,2;1,5,3;2;1,5,4
TTSSJ|305,23,4919,23|2;1,5,3,1,5,2;3;1,5,2,5;1,5,4
TTSST|305,153,201,27|2;1,5,3,1,5;4;2;1,5,4
TTSST|2248,153,201,27|1,3;2,0,5;4;2;1,5,4
TTSTT|39,4919,23,141|;2;1,5,2,5;1,5,3;4
TTSTT|78,23,4919,27|1;2,0,5;3;1,5,3,1,5;1,5,4
TTSTT|305,23,4919,27|2;1,5,3,1,5,2;3;1,5,3,1,5;1,5,4
TTSZL|39,4919,23,887|;2;1,5,2,5;;3,1,5
TTSZL|2248,712,58,142|1,3;;2,4;1,5,3;4
TTSZO|305,153,5049,153|2;1,5,3,1,5;3;1,5,2;
TTSZO|2248,153,5049,153|1,3;2,0,5;3;1,5,2;
TTTIJ|39,4919,1847,139|;2;1,5,4;2,5;4
TTTIJ|78,23,1847,139|1;2,0,5;4;2,5;4
TTTIJ|305,23,1847,139|2;1,5,3,1,5,2;4;2,5;4
TTTIL|39,142,3790,29|;3,1,5;4,1;3,5;4,5
TTTIL|78,36046,3790,29|1;1,3;4;3,5;4,5
TTTIL|2248,142,3790,29|1,3;2,0,5,3;4,1;3,5;4,5
TTTIO|114,2242,12002,51|4;1,3;2;3,5;1,5
TTTIO|228,308,18292,204|1,4;2;1,5,3;2,5;0,5
TTTIO|610,36578,12002,51|1,2;3,1,5;;3,5;1,5
TTTIO|1124,6004,18292,204|3;2,0,5;1,5;2,5;0,5
TTTIS|228,308,156,156|1,4;2;1,5,3,1,5;;1,5,4
TTTIT|39,142,27,27|;3,1,5;2;;1,5,4
TTTIT|39,4919,27,27|;2;1,5,3,1,5;;1,5,4
TTTIT|39,4919,1399,141|;2;1,5,2,5;3,5;4
TTTIT|39,19559,1399,141|;1,2;2,0,5;3,5;4
TTTIT|78,23,141,141|1;2,0,5;1,5,3;;4
TTTIT|78,9070,2798,27|1;3;3,1,5;3,5;1,5,4
TTTIT|78,36046,141,141|1;1,3;2,0,5;;4
TTTIT|78,36046,2798,27|1;1,3;3,5;3,5;1,5,4
TTTIT|305,23,141,141|2;1,5,3,1,5,2;1,5,3;;4
TTTIT|305,85,1909,141|2;1,5,2,5;4;2,5;4
TTTIT|562,170,3818,27|2,4;3,1,5;4;3,5;1,5,4
TTTIT|1220,85,1909,141|3,4;2,0,5;4;2,5;4
TTTIT|2248,142,27,27|1,3;2,0,5,3;2;;1,5,4
TTTIT|2248,170,3818,27|1,3;3,5;4;3,5;1,5,4
TTTIZ|114,2242,147,147|4;1,3;2,0,5;;4
TTTJL|78,23,141,29|1;2,0,5;1,5,3;;4,5
TTTJL|78,36046,141,29|1;1,3;2,0,5;;4,5
TTTJL|305,23,141,29|2;1,5,3,1,5,2;1,5,3;;4,5
TTTJL|305,113,2241,142|2;1,5,4;1,3;2,5,3;4
TTTJL|2248,232,312,184|1,3;4;2;1,5,4;3,5,2
TTTJO|39,142,46,51|;3,1,5;;2,5;1,5
TTTJO|114,2242,226,51|4;1,3;4;2,5;1,5
TTTJO|2248,142,46,51|1,3;2,0,5,3;;2,5;1,5
TTTJS|39,10023,36391,2871|;;3,1,5;2,5;3,4
TTTLJ|39,142,27,139|;3,1,5;2;1,5;4
TTTLJ|39,4919,27,139|;2;1,5,3,1,5;1,5;4
TTTLJ|305,113,2241,209|2;1,5,4;1,3;4;2,5,3
TTTLJ|2248,142,27,139|1,3;2,0,5,3;2;1,5;4
TTTLJ|2248,232,312,23|1,3;4;2;1,5,3,5,2;1,5,4
TTTLO|78,23,71,204|1;2,0,5;1,5;1,3,5;0,5
TTTLO|228,308,116,204|1,4;2;1,5,4;1,3,5;0,5
TTTLO|305,23,71,204|2;1,5,3,1,5,2;1,5;1,3,5;0,5
TTTLZ|78,20046,5966,3534|1;1;2,0,5;1,5,3,5;2,4
TTTOJ|39,142,46,3310|;3,1,5;;1,5;2,0,5
TTTOJ|2248,142,46,3310|1,3;2,0,5,3;;1,5;2,0,5
TTTOL|78,23,71,887|1;2,0,5;1,5;0,5;3,1,5
TTTOL|305,23,71,887|2;1,5,3,1,5,2;1,5;0,5;3,1,5
TTTSJ|305,153,77,23|2;1,5,3,1,5;1,3,5;2;1,5,4
TTTSJ|2248,153,77,23|1,3;2,0,5;1,3,5;2;1,5,4
TTTSO|228,308,156,204|1,4;2;1,5,3,1,5;4;0,5
TTTST|78,23,141,27|1;2,0,5;1,5,3;2;1,5,4
TTTST|78,36046,141,27|1;1,3;2,0,5;2;1,5,4
TTTST|305,23,141,27|2;1,5,3,1,5,2;1,5,3;2;1,5,4
TTTSZ|305,113,2241,147|2;1,5,4;1,3;2;4
TTTTI|39,4919,1399,30583|;2;1,5,2,5;4;2,5
TTTTI|39,19559,1399,30583|;1,2;2,0,5;4;2,5
TTTTI|78,9070,2798,61166|1;3;3,1,5;4;3,5
TTTTI|78,36046,2798,61166|1;1,3;3,5;4;3,5
TTTZL|305,153,43,142|2;1,5,3,1,5;2,5;1,5,3;4
TTTZL|2248,153,43,142|1,3;2,0,5;2,5;1,5,3;4
TTTZO|114,2242,147,51|4;1,3;2,0,5;4,4;1,5
TTTZS|2248,232,312,156|1,3;4;2;1,5,3;1,5,4
TTTZT|39,142,27,141|;3,1,5;2;1,3;4
TTTZT|39,4919,27,141|;2;1,5,3,1,5;1,3;4
TTTZT|2248,142,27,141|1,3;2,0,5,3;2;1,3;4
TTZIJ|39,142,36046,2525|;3,1,5;4,3,1;2,5;2,5
TTZIJ|39,4919,1847,139|;2;4;2,5;4
TTZIJ|39,4919,226103,955|;2;;2,5;1,2,5
TTZIJ|78,23,887,139|1;2,0,5;;3,5;4
TTZIJ|305,23,887,139|2;1,5,3,1,5,2;;3,5;4
TTZIJ|2248,142,36046,2525|1,3;2,0,5,3;4,3,1;2,5;2,5
TTZIL|39,19559,1655,142|;1,2;3,5;2,5;4
TTZIL|39,156199,192103,887|;2,2,5,3;1,5,2;2,5;3,1,5
TTZIL|78,23,887,887|1;2,0,5;;;3,1,5
TTZIL|78,36046,142,142|1;1,3;3,5;;4
TTZIL|305,23,887,887|2;1,5,3,1,5,2;;;3,1,5
TTZIS|305,153,57,57|2;1,5,3,1,5;4;;4
TTZIS|2248,153,57,57|1,3;2,0,5;4;;4
TTZJI|39,142,36046,61166|;3,1,5;4,3,1;2,5;3,5
TTZJI|78,23,887,30583|1;2,0,5;;4;2,5
TTZJI|305,23,887,30583|2;1,5,3,1,5,2;;4;2,5
TTZJI|2248,142,36046,61166|1,3;2,0,5,3;4,3,1;2,5;3,5
TTZJJ|562,170,36074,139|2,4;3,1,5;1,2;2,0,5;4
TTZJJ|2248,170,36074,139|1,3;3,5;1,2;2,0,5;4
TTZJO|2248,712,46,51|1,3;;1,5,4;2,5;1,5
TTZJS|78,36046,142,57|1;1,3;3,5;2;4
TTZJT|39,142,36046,141|;3,1,5;4,3,1;2,5,0,5;4
TTZJT|2248,142,36046,141|1,3;2,0,5,3;4,3,1;2,5,0,5;4
TTZLI|39,19559,1655,30583|;1,2;3,5;4;2,5
TTZLJ|305,153,36057,139|2;1,5,3,1,5;3,4;3,5,4,4;4
TTZLJ|2248,153,36057,139|1,3;2,0,5;3,4;3,5,4,4;4
TTZLL|305,153,36057,142|2;1,5,3,1,5;3,4;3,5,4;4
TTZLL|305,153,36057,3545|2;1,5,3,1,5;3,4;4;3,5,4
TTZLL|2248,153,36057,142|1,3;2,0,5;3,4;3,5,4;4
TTZLL|2248,153,36057,3545|1,3;2,0,5;3,4;4;3,5,4
TTZLO|228,308,116,204|1,4;2;4;1,3,5;0,5
TTZLS|39,4919,226103,2871|;2;;3,1,5;3,4
TTZLZ|39,142,36046,3534|;3,1,5;4,3,1;4;2,4
TTZLZ|2248,142,36046,3534|1,3;2,0,5,3;4,3,1;4;2,4
TTZOJ|39,142,1006,3310|;3,1,5;;1,5;2,0,5
TTZOJ|2248,142,1006,3310|1,3;2,0,5,3;;1,5;2,0,5
TTZOJ|2248,232,568,232|1,3;4;3;1,5;2,5,3
TTZOJ|2248,712,46,3310|1,3;;1,5,4;1,5;2,0,5
TTZOL|39,142,36046,142|;3,1,5;4,3,1;0,5;4
TTZOL|2248,142,36046,142|1,3;2,0,5,3;4,3,1;0,5;4
TTZOZ|305,153,57,201|2;1,5,3,1,5;4;1,5;1,4
TTZOZ|2248,153,57,201|1,3;2,0,5;4;1,5;1,4
TTZSJ|78,36046,142,3310|1;1,3;3,5;1;2,0,5
TTZSJ|305,1073,197,23|2;1,5;1,3,4;2;1,5,4
TTZSO|305,153,36057,153|2;1,5,3,1,5;3,4;3;
TTZSO|2248,153,36057,153|1,3;2,0,5;3,4;3;
TTZTT|39,142,36046,141|;3,1,5;4,3,1;2,0,5;4
TTZTT|78,36046,142,27|1;1,3;3,5;2;1,5,4
TTZTT|2248,142,36046,141|1,3;2,0,5,3;4,3,1;2,0,5;4
TTZZL|39,142,43,142|;3,1,5;2;1,5,3;4
TTZZL|39,142,36046,142|;3,1,5;4,3,1;3,5;4
TTZZL|39,4919,2423,887|;2;1,5,2;4;3,1,5
TTZZL|39,4919,226103,887|;2;;1,5,2;3,1,5
TTZZL|2248,142,43,142|1,3;2,0,5,3;2;1,5,3;4
TTZZL|2248,142,36046,142|1,3;2,0,5,3;4,3,1;3,5;4
TTZZT|305,153,57,141|2;1,5,3,1,5;4;1,5,3;4
TTZZT|2248,153,57,141|1,3;2,0,5;4;1,5,3;4
TZIIJ|305,14129,3001,3001|2;;2,5;;1,2,5,4
TZIIJ|305,14129,14129,3001|2;;;2,5;1,2,5,4
TZIIJ|610,28258,1907,139|1,2;4;3,5;2,5;4
TZIIL|305,113,113,113|2;4;;;1,3,5,2
TZIIL|2248,142,142,142|1,3;3,5,3;;;4
TZIIO|39,1767,4471,153|;4;3;2,1,5;
TZIIT|78,18030,1399,141|1;2;3,5;3,5;4
TZIJJ|39,1767,4471,23|;4;3;1,5,4;1,5,4
TZIJL|39,1767,1767,887|;4;;2,5;3,1,5
TZIJL|39,1767,4471,887|;4;3;1,5;3,1,5
TZIJL|78,39,2186,142|1;3,5;3;4;4
TZIJO|305,113,2185,153|2;4;3;;
TZIJO|305,113,2185,204|2;4;3;3;0,5
TZIJO|2248,142,281,153|1,3;3,5,3;3;1,5,4;
TZIJS|2248,142,142,57|1,3;3,5,3;;2;4
TZIJS|2248,142,281,57|1,3;3,5,3;3;1,5;4
TZIJT|305,113,2185,141|2;4;3;4;4
TZIJZ|305,14129,3001,201|2;;2,5;1,2,5,4,4;1,4
TZIJZ|1220,101,35053,2973|3,4;3,5;3;2;1,2,4
TZILJ|78,39,2186,139|1;3,5;3;4;4
TZILL|39,1767,4471,29|;4;3;1,5,3,5;4,5
TZILL|39,1767,4471,887|;4;3;4,5;3,1,5
TZILO|305,113,2185,153|2;4;3;4;
TZILO|2248,142,281,51|1,3;3,5,3;3;2,5;1,5
TZILO|2248,142,281,153|1,3;3,5,3;3;1,5;
TZILT|1220,101,35053,141|3,4;3,5;3;4;4
TZILT|2248,142,281,27|1,3;3,5,3;3;4,5;1,5,4
TZILZ|305,113,113,201|2;4;;1,3,5,2,3;1,4
TZILZ|305,113,2185,201|2;4;3;;1,4
TZIOI|39,1767,4471,30583|;4;3;;2,5
TZIOJ|2248,142,281,23|1,3;3,5,3;3;;1,5,4
TZIOL|305,113,2185,142|2;4;3;;4
TZISJ|2248,142,142,3310|1,3;3,5,3;;1;2,0,5
TZISL|305,113,2185,2491|2;4;3;3;1,3,5
TZISL|562,166,4535,887|2,4;1,5,3,5;3;2,5;3,1,5
TZISL|2248,142,281,29|1,3;3,5,3;3;1,5,4;4,5
TZITI|78,18030,1399,30583|1;2;3,5;4;2,5
TZITJ|78,39,2186,3310|1;3,5;3;3;2,0,5
TZITJ|305,113,2185,139|2;4;3;4;4
TZITJ|562,166,4535,23|2,4;1,5,3,5;3;1,5,4;1,5,4
TZITL|39,35943,105847,887|;4,3;2,5;2,5;3,1,5
TZITL|78,39,39,142|1;3,5;;3,1,5;4
TZITL|78,39,2186,2491|1;3,5;3;2;1,3,5
TZITL|2248,142,281,29|1,3;3,5,3;3;1,5,4;4,5
TZITT|2248,142,142,27|1,3;3,5,3;;2;1,5,4
TZIZJ|305,113,2185,139|2;4;3;4;4
TZIZJ|2248,142,281,2525|1,3;3,5,3;3;3,5,1;2,5
TZJIJ|39,1767,887,139|;4;2,5;3,5;4
TZJIJ|39,1767,61159,23|;4;4;2,5;1,5,4
TZJIL|39,1767,887,887|;4;2,5;;3,1,5
TZJIL|39,1767,190183,887|;4;1;2,5;3,1,5
TZJIL|78,39,1895,142|1;3,5;4;2,5;4
TZJIL|78,18030,30590,142|1;2;2,0,5;3,5;4
TZJIO|305,113,6001,153|2;4;;2,5;
TZJIO|2248,142,59534,153|1,3;3,5,3;3,4,2,5;3,5;
TZJIS|2248,142,57,57|1,3;3,5,3;2;;4
TZJIS|2248,142,11918,57|1,3;3,5,3;3,2;3,5;4
TZJIZ|305,113,29809,201|2;4;2,2;2,5;1,4
TZJIZ|1220,101,12661,2973|3,4;3,5;2;3,5;1,2,4
TZJJI|39,1767,887,30583|;4;2,5;4;2,5
TZJJJ|2248,20200,120,232|1,3;2;2,0,5;4;2,5,3
TZJJL|305,113,6001,113|2;4;;1,5,4;1,3,5,2
TZJLI|39,9015,59255,30583|;3;1,2,5;4;2,5
TZJLJ|305,113,6001,209|2;4;;1,5,3,5;2,5,3
TZJLJ|2248,169,12729,3001|1,3;3,5;2;3,5,1,2;1,2,5,4
TZJLL|305,113,225,113|2;4;4;4;1,3,5,2
TZJLL|2248,142,30,142|1,3;3,5,3;;1,5;4
TZJLS|78,39,12599,2871|1;3,5;2;1,2,5,3;3,4
TZJOZ|2248,142,57,201|1,3;3,5,3;2;1,5;1,4
TZJTI|78,39,12599,30583|1;3,5;2;1,2,5,4;2,5
TZJTJ|2248,169,78,23|1,3;3,5;1,2,5,4;2,0,5;1,5,4
TZJTL|78,39,12599,887|1;3,5;2;1,2,5,2;3,1,5
TZJTL|2248,169,3309,29|1,3;3,5;1,2,5;2,0,5;4,5
TZJTS|78,39,12599,57|1;3,5;2;3,1,5;4
TZJTS|2248,169,12729,57|1,3;3,5;2;1,2,5,2;4
TZJZI|2248,142,25262,61166|1,3;3,5,3;4,3;3,4;3,5
TZJZL|39,35943,7271,887|;4,3;;2,4;3,1,5
TZJZL|78,39,12599,887|1;3,5;2;1,5,3,5,2;3,1,5
TZJZT|2248,142,57,141|1,3;3,5,3;2;1,5,3;4
TZLIJ|78,39,1847,139|1;3,5;4;2,5;4
TZLIL|39,1767,927463,887|;4;3,3;2,5;3,1,5
TZLIL|39,9015,1655,142|;3;1,2,5;2,5;4
TZLIL|78,13902,3790,29|1;;3,1,5;3,5;4,5
TZLIO|305,113,29041,153|2;4;4;2,5;
TZLIO|2248,142,8942,51|1,3;3,5,3;2,1;3,5;1,5
TZLIO|2248,142,36494,153|1,3;3,5,3;3,2;3,5;
TZLIT|1220,101,1909,141|3,4;3,5;4;2,5;4
TZLIT|2248,142,3758,27|1,3;3,5,3;3,3;3,5;1,5,4
TZLIZ|305,113,201,201|2;4;1,3,5,2,3;;1,4
TZLIZ|305,113,18289,201|2;4;;2,5;1,4
TZLJJ|2248,169,36521,3001|1,3;3,5;1;2,5;1,2,5,4
TZLJL|305,14129,177,113|2;;3,1,5;4;1,3,5,2
TZLJL|2248,142,36494,142|1,3;3,5,3;3,2;2,5,3;4
TZLJO|114,13938,226,51|4;;3,1,5;2,5;1,5
TZLJS|78,39,36391,2871|1;3,5;1;2,5;3,4
TZLLI|39,9015,1655,30583|;3;1,2,5;4;2,5
TZLLL|305,113,29041,113|2;4;4;1,3,5,2;1,3,5,2
TZLLL|305,113,36465,113|2;4;1;4;1,3,5,2
TZLLL|2248,142,36494,142|1,3;3,5,3;3,2;4;4
TZLOI|2248,142,8942,61166|1,3;3,5,3;2,1;1,5;3,5
TZLOS|305,113,201,57|2;4;1,3,5,2,3;0,5;4
TZLST|305,113,201,27|2;4;1,3,5,2,3;2;1,5,4
TZLTJ|2248,142,78,23|1,3;3,5,3;;2,0,5;1,5,4
TZLTL|1220,101,3309,29|3,4;3,5;1,3,5;2,0,5;4,5
TZLTT|78,39,202,27|1;3,5;3,1,5;2,0,5;1,5,4
TZLZL|39,9015,43,142|;3;3,5,1,5;1,5,3;4
TZOII|39,1767,419559,30583|;4;;2,5;2,5
TZOIJ|305,113,13169,3001|2;4;0;3,5;1,2,5,4
TZOIJ|2248,142,1774,23|1,3;3,5,3;;3,5;1,5,4
TZOIL|2248,16072,52936,3545|1,3;;1,5;3,5;3,5,4
TZOJI|2248,142,1774,61166|1,3;3,5,3;;4;3,5
TZOLO|305,113,13169,51|2;4;0;3,5,1,5,2;1,5
TZOLS|305,113,13169,57|2;4;0;3,5,1,5,2,3;4
TZOOL|305,113,13169,113|2;4;0;1,5;1,3,5,2
TZOOL|305,113,52337,113|2;4;1;0,5;1,3,5,2
TZOSL|305,113,13169,113|2;4;0;1,2,5;1,3,5,2
TZOTJ|78,39,3303,23|1;3,5;1,5;2,0,5;1,5,4
TZOTL|39,9015,39,142|;3;1,5;3,1,5;4
TZOZL|2248,142,958,142|1,3;3,5,3;0;1,5,2;4
TZSII|78,18030,423534,61166|1;2;;3,5;3,5
TZSIJ|2248,142,3310,3310|1,3;3,5,3;1;;2,0,5
TZSIL|562,166,9958,887|2,4;1,5,3,5;2;3,5;3,1,5
TZSIL|2248,142,3310,29|1,3;3,5,3;1;3,5;4,5
TZSJL|39,35943,3687,887|;4,3;4;2,5;3,1,5
TZSLI|2248,142,3310,61166|1,3;3,5,3;1;1,4;3,5
TZSLJ|78,27726,1902,3310|1;1;1,2,4;1,3,5;2,0,5
TZSOL|305,113,1217,113|2;4;1,2;0,5;1,3,5,2
TZSSJ|305,149,197,23|2;1,5,3;4;2;1,5,4
TZSTJ|78,39,78,23|1;3,5;3,1,5;2,0,5;1,5,4
TZSTL|39,9015,39,142|;3;3,1,5;3,1,5;4
TZTII|78,18030,484974,61166|1;2;4;3,5;3,5
TZTIJ|78,39,18023,3310|1;3,5;3;3,5,3,3,5;2,0,5
TZTIJ|562,166,3814,23|2,4;1,5,3,5;4;3,5;1,5,4
TZTIL|39,9015,1655,142|;3;1,2,5;2,5;4
TZTIL|39,35943,192103,887|;4,3;2;2,5;3,1,5
TZTIL|78,39,142,142|1;3,5;3,1,5;;4
TZTIL|78,39,4919,2491|1;3,5;2;3,5;1,3,5
TZTIL|2248,142,3790,29|1,3;3,5,3;4,1;3,5;4,5
TZTIT|2248,142,27,27|1,3;3,5,3;2;;1,5,4
TZTJI|78,39,18023,30583|1;3,5;3;2,0,5;2,5
TZTJJ|2248,169,5049,23|1,3;3,5;2;1,5,2,5,4;1,5,4
TZTJJ|2248,169,5049,3001|1,3;3,5;2;1,5,4;1,2,5,4
TZTJJ|2248,20200,6120,232|1,3;2;2,0,5;1,5,4;2,5,3
TZTJL|39,35943,3687,887|;4,3;4;2,5;3,1,5
TZTJL|78,39,3687,887|1;3,5;4;2,5;3,1,5
TZTJL|305,113,2241,142|2;4;1,3;2,5,3;4
TZTJL|305,14129,2097,113|2;;3,1,5;4;1,3,5,2
TZTJL|2248,169,5049,29|1,3;3,5;2;1,5,2,5,4,4;4,5
TZTJO|2248,142,46,51|1,3;3,5,3;;2,5;1,5
TZTJS|39,13863,36391,2871|;;3,1,5;2,5;3,4
TZTJS|78,39,142,57|1;3,5;3,1,5;2;4
TZTJS|78,39,4919,2871|1;3,5;2;1,5,4;3,4
TZTJS|2248,169,3817,57|1,3;3,5;4;2,5;4
TZTLI|39,9015,1655,30583|;3;1,2,5;4;2,5
TZTLI|78,39,4919,30583|1;3,5;2;1,5,3,5;2,5
TZTLJ|305,113,2241,209|2;4;1,3;4;2,5,3
TZTLJ|2248,142,27,139|1,3;3,5,3;2;1,5;4
TZTLL|1220,101,4981,29|3,4;3,5;2;1,5,3,1,5;4,5
TZTLT|78,39,4919,27|1;3,5;2;1,5,3,5,1,5;1,5,4
TZTOJ|78,39,4919,23|1;3,5;2;1,5;1,5,4
TZTOJ|2248,142,46,3310|1,3;3,5,3;;1,5;2,0,5
TZTSJ|78,39,142,3310|1;3,5;3,1,5;1;2,0,5
TZTSJ|78,39,4919,23|1;3,5;2;1,5,2,5;1,5,4
TZTSZ|305,113,2241,147|2;4;1,3;2;4
TZTSZ|305,14129,2097,201|2;;3,1,5;4,2;1,4
TZTTL|305,149,39,142|2;1,5,3;2,5;3,1,5;4
TZTTT|78,39,142,27|1;3,5;3,1,5;2;1,5,4
TZTTT|78,39,4919,27|1;3,5;2;1,5,3,1,5;1,5,4
TZTZL|39,9015,43,142|;3;3,1,5;1,5,3;4
TZTZL|39,35943,2423,887|;4,3;2,0,5;4;3,1,5
TZTZO|2248,169,5049,153|1,3;3,5;2;1,5,2;
TZTZT|2248,142,27,141|1,3;3,5,3;2;1,3;4
TZZIJ|2248,142,36046,2525|1,3;3,5,3;4,3,1;2,5;2,5
TZZJI|2248,142,36046,61166|1,3;3,5,3;4,3,1;2,5;3,5
TZZJL|78,39,1767,887|1;3,5;4;2,5;3,1,5
TZZJT|2248,142,36046,141|1,3;3,5,3;4,3,1;2,5,0,5;4
TZZLO|305,149,71,204|2;1,5,3;2;1,3,5;0,5
TZZLZ|2248,142,36046,3534|1,3;3,5,3;4,3,1;4;2,4
TZZOJ|2248,142,1006,3310|1,3;3,5,3;;1,5;2,0,5
TZZOL|305,149,71,887|2;1,5,3;2;0,5;3,1,5
TZZOL|2248,142,36046,142|1,3;3,5,3;4,3,1;0,5;4
TZZTO|2248,169,36073,153|1,3;3,5;1,2;2,0,5;
TZZTT|305,149,53,141|2;1,5,3;4;3,1,5;4
TZZTT|305,14129,53,141|2;;1,5,2;3,1,5;4
TZZTT|2248,142,36046,141|1,3;3,5,3;4,3,1;2,0,5;4
TZZZL|2248,142,43,142|1,3;3,5,3;2;1,5,3;4
TZZZL|2248,142,36046,142|1,3;3,5,3;4,3,1;3,5;4
ZIIJJ|108,4477,35229,139|1;3;2,1,5;2,5;4
ZIIJJ|108,559340,35229,139|1;3,3,5,2;3,5,0,5;2,5;4
ZIIJJ|1122,1122,36074,139|3;;3,5,3,3,5;2,0,5;4
ZIIJJ|1122,36074,36074,139|3;3,5,3,3,5;;2,0,5;4
ZIIJJ|2244,2244,6613,23|1,3;;2,5;2,5;1,5,4
ZIIJJ|2244,6613,6613,23|1,3;2,5;;2,5;1,5,4
ZIIJL|54,54,35006,142|;;3;4;4
ZIIJL|54,35006,35006,142|;3;;4;4
ZIIJL|108,108,4477,29|1;;3;1,5,4;4,5
ZIIJL|108,4477,4477,29|1;3;;1,5,4;4,5
ZIIJL|108,4477,35229,3293|1;3;2,1,5;3,5;3,5
ZIIJL|108,559340,35229,3293|1;3,3,5,2;3,5,0,5;3,5;3,5
ZIIJL|561,561,35513,142|2;;3,5;3,4,5,4;4
ZIIJL|561,35513,35513,142|2;3,5;;3,4,5,4;4
ZIILJ|561,561,35513,3001|2;;3,5;4;1,2,5,4
ZIILJ|561,35513,35513,3001|2;3,5;;4;1,2,5,4
ZIILJ|1122,5491,2523,955|3;3,5;2,5;3,5;1,2,5
ZIILJ|1122,36074,2523,955|3;3,5,3,3,5;2,5;3,5;1,2,5
ZIIOT|108,4477,35229,141|1;3;2,1,5;;4
ZIIOT|108,559340,35229,141|1;3,3,5,2;3,5,0,5;;4
ZIITJ|54,54,35006,3310|;;3;3;2,0,5
ZIITJ|54,35006,35006,3310|;3;;3;2,0,5
ZIITJ|108,108,4477,2525|1;;3;1,5,3;2,5
ZIITJ|108,4477,4477,2525|1;3;;1,5,3;2,5
ZIITJ|108,4477,35229,139|1;3;2,1,5;2,5;4
ZIITJ|108,559340,35229,139|1;3,3,5,2;3,5,0,5;2,5;4
ZIITL|54,54,54,142|;;;3,1,5;4
ZIITL|108,4477,35229,3293|1;3;2,1,5;3,1,5;3,5
ZIITL|108,559340,35229,3293|1;3,3,5,2;3,5,0,5;3,1,5;3,5
ZIITL|561,18037,3309,29|2;2,5;3,3,5,3,5;2,0,5;4,5
ZIITL|561,35513,3309,29|2;3,5;2,5;2,0,5;4,5
ZIITZ|108,4477,35229,2973|1;3;2,1,5;4;1,2,4
ZIITZ|108,559340,35229,2973|1;3,3,5,2;3,5,0,5;4;1,2,4
ZIIZT|108,4477,35229,141|1;3;2,1,5;2,5;4
ZIIZT|108,559340,35229,141|1;3,3,5,2;3,5,0,5;2,5;4
ZIIZZ|108,4477,35229,2973|1;3;2,1,5;4;1,2,4
ZIIZZ|108,559340,35229,2973|1;3,3,5,2;3,5,0,5;4;1,2,4
ZIJIJ|108,559340,36076,2525|1;3,3,5,2;4;2,5;2,5
ZIJIJ|1122,1122,1907,139|3;;2,0,5;2,5;4
ZIJIJ|1122,36074,139,139|3;3,5,3,3,5;2,0,5;;4
ZIJIJ|1122,36074,10986,955|3;3,5,3,3,5;3;3,5;1,2,5
ZIJIJ|2244,2244,3814,23|1,3;;2,5;3,5;1,5,4
ZIJIJ|2244,6613,23,23|1,3;2,5;2,5;;1,5,4
ZIJIL|54,54,1910,142|;;4;2,5;4
ZIJIL|54,35006,142,142|;3;4;;4
ZIJIL|108,108,3820,29|1;;4;3,5;4,5
ZIJIL|108,4477,29,29|1;3;1,5,4;;4,5
ZIJIL|108,4477,284541,3293|1;3;3,5;2,5;3,5
ZIJIL|108,559340,839404,3293|1;3,3,5,2;3;2,5;3,5
ZIJIL|561,561,1655,142|2;;1,2,5,4;2,5;4
ZIJIL|561,35513,142,142|2;3,5;3,4,5,4;;4
ZIJJO|108,559340,839404,204|1;3,3,5,2;3;2,5,0,5;0,5
ZIJJO|1122,36074,139,204|3;3,5,3,3,5;2,0,5;3,4,5;0,5
ZIJJS|54,35006,142,57|;3;4;2;4
ZIJJS|561,35513,142,57|2;3,5;3,4,5,4;2;4
ZIJJS|561,35513,236473,57|2;3,5;2;1,2,5,4;4
ZIJJT|108,559340,35005,141|1;3,3,5,2;2,5;4;4
ZIJJT|108,559340,36076,141|1;3,3,5,2;4;2,0,5;4
ZIJJT|1122,36074,139,27|3;3,5,3,3,5;2,0,5;;1,5,4
ZIJLI|561,561,1655,30583|2;;1,2,5,4;4;2,5
ZIJLO|108,4477,29,51|1;3;1,5,4;3,5;1,5
ZIJLT|108,4477,29,141|1;3;1,5,4;1,5;4
ZIJLZ|2244,6613,23,201|1,3;2,5;2,5;1,5,3;1,4
ZIJOJ|1122,36074,139,955|3;3,5,3,3,5;2,0,5;0;1,2,5
ZIJOL|108,4477,29,3293|1;3;1,5,4;1;3,5
ZIJSJ|54,35006,142,3310|;3;4;1;2,0,5
ZIJSJ|561,35513,142,3310|2;3,5;3,4,5,4;1;2,0,5
ZIJSJ|561,35513,236473,3001|2;3,5;2;4;1,2,5,4
ZIJTS|108,559340,36076,156|1;3,3,5,2;4;2,0,5;1,5,4
ZIJTT|54,35006,142,27|;3;4;2;1,5,4
ZIJTT|108,108,893,141|1;;2,5;3,1,5;4
ZIJTT|108,4477,893,141|1;3;1,5;3,1,5;4
ZIJTT|561,35513,142,27|2;3,5;3,4,5,4;2;1,5,4
ZIJTT|2244,6613,23,141|1,3;2,5;2,5;1,5,3;4
ZIJZL|2244,6613,23,887|1,3;2,5;2,5;;3,1,5
ZILIJ|108,559340,36076,2525|1;3,3,5,2;;2,5;2,5
ZILIJ|561,561,29489,3001|2;;4;2,5;1,2,5,4
ZILIJ|561,35513,3001,3001|2;3,5;4;;1,2,5,4
ZILIJ|1122,5491,1907,139|3;3,5;4,5;2,5;4
ZILIJ|1122,5491,210803,955|3;3,5;3,5;3,5;1,2,5
ZILIL|54,35006,3790,29|;3;3;3,5;4,5
ZILJO|108,559340,2188,204|1;3,3,5,2;4;4;0,5
ZILJS|108,559340,2188,156|1;3,3,5,2;4;;1,5,4
ZILJS|561,35513,3817,57|2;3,5;3,5;2,5;4
ZILJT|108,559340,36076,141|1;3,3,5,2;;2,0,5;4
ZILJZ|108,559340,2188,2973|1;3,3,5,2;4;2,0;1,2,4
ZILJZ|561,35513,3001,201|2;3,5;4;1,2,5,4,4;1,4
ZILLO|108,108,1916,204|1;;4;1,3,5;0,5
ZILLO|108,108,51436,204|1;;1,3;2,5,2;0,5
ZILLO|108,559340,2188,153|1;3,3,5,2;4;2;
ZILLO|108,559340,2188,204|1;3,3,5,2;4;;0,5
ZILLO|1122,5491,3539,51|3;3,5;1,5,3,5;3,5;1,5
ZILLO|1122,5491,210803,51|3;3,5;3,5;3,5,1,5;1,5
ZILLT|108,559340,2188,141|1;3,3,5,2;4;4;4
ZILOJ|108,559340,2188,139|1;3,3,5,2;4;0,5;4
ZILSL|108,559340,2188,142|1;3,3,5,2;4;4;4
ZILTL|108,559340,2188,142|1;3,3,5,2;4;4;4
ZILTS|108,559340,36076,156|1;3,3,5,2;;2,0,5;1,5,4
ZILTT|108,4477,893,141|1;3;4,5;3,1,5;4
ZILZJ|108,559340,2188,3310|1;3,3,5,2;4;2;2,0,5
ZILZL|561,561,43,142|2;;3,5,1,5,2;1,5,3;4
ZIOIT|108,4477,30589,141|1;3;;3,5;4
ZIOIT|108,559340,585452,141|1;3,3,5,2;;3,5;4
ZIOJJ|2244,2244,135,23|1,3;;0,5;;1,5,4
ZIOTJ|54,54,198,23|;;1,5;2,0,5;1,5,4
ZISIT|54,35006,2798,27|;3;3;3,5;1,5,4
ZISIT|1122,36074,3818,27|3;3,5,3,3,5;4;3,5;1,5,4
ZISJJ|54,35006,846014,3310|;3;3,3;2,0,5,2;2,0,5
ZISJJ|561,35513,846521,3001|2;3,5;1;2,0,5;1,2,5,4
ZISTI|54,35006,2798,61166|;3;3;4;3,5
ZISTJ|54,54,78,23|;;3,1,5;2,0,5;1,5,4
ZISTL|561,561,39,142|2;;1,2,5,2;3,1,5;4
ZITIJ|54,54,18038,3310|;;3;3,3,5,3,5;2,0,5
ZITIJ|54,35006,3310,3310|;3;3;;2,0,5
ZITIJ|108,108,36076,2525|1;;1,3;2,5;2,5
ZITIJ|108,4477,2525,2525|1;3;1,5,3;;2,5
ZITIL|54,54,142,142|;;3,1,5;;4
ZITIL|54,35006,3310,29|;3;3;3,5;4,5
ZITIL|108,4477,292221,3293|1;3;3,1,5;3,5;3,5
ZITIL|108,559340,847084,3293|1;3,3,5,2;3;3,5;3,5
ZITIL|561,18037,96117,29|2;2,5;2,0,5;2,5;4,5
ZITIL|561,35513,113593,29|2;3,5;2;2,5;4,5
ZITIT|1122,36074,3818,27|3;3,5,3,3,5;4;3,5;1,5,4
ZITIZ|108,4477,471421,2973|1;3;4;3,5;1,2,4
ZITJJ|54,35006,2750,3310|;3;;1,2,5;2,0,5
ZITJS|54,54,142,57|;;3,1,5;2;4
ZITJT|108,108,36076,141|1;;1,3;2,0,5;4
ZITJT|561,35513,113593,27|2;3,5;2;1,5,2,5,4;1,5,4
ZITLI|54,35006,3310,61166|;3;3;1,4;3,5
ZITLL|108,4477,1405,3293|1;3;1,5;1,3,5;3,5
ZITSJ|54,54,142,3310|;;3,1,5;1;2,0,5
ZITSL|108,4477,2525,3293|1;3;1,5,3;4;3,5
ZITTJ|561,35513,113593,3001|2;3,5;2;1,5,4;1,2,5,4
ZITTL|561,561,39,142|2;;3,1,5,2;3,1,5;4
ZITTO|108,559340,35260,204|1;3,3,5,2;2;3,1,5;0,5
ZITTS|108,108,4988,156|1;;2;1,5,3,1,5;1,5,4
ZITTS|108,108,36076,156|1;;1,3;2,0,5;1,5,4
ZITTT|54,54,142,27|;;3,1,5;2;1,5,4
ZITTT|2244,6613,53,141|1,3;2,5;2,5;3,1,5;4
ZIZIZ|108,4477,225661,2973|1;3;;3,5;1,2,4
ZIZJJ|1122,36074,170,955|3;3,5,3,3,5;3,5;2,5;1,2,5
ZIZJJ|1122,36074,170,3310|3;3,5,3,3,5;3,5;1,2,5;2,0,5
ZIZJL|54,54,102,887|;;4;2,5;3,1,5
ZIZLJ|54,54,102,3310|;;4;1,3,5;2,0,5
ZIZLL|2244,6613,85,887|1,3;2,5;3,5;3,5;3,1,5
ZIZLL|2244,6613,85,3293|1,3;2,5;3,5;1,3,5;3,5
ZJIIJ|108,29804,36076,2525|1;2,5,2;3,5;2,5;2,5
ZJIIJ|1122,1907,139,139|3;2,0,5;2,5;;4
ZJIIJ|1122,1907,1907,139|3;2,0,5;;2,5;4
ZJIIJ|1122,141154,10986,955|3;3;2,1,5;3,5;1,2,5
ZJIIJ|2244,3814,23,23|1,3;2,5;3,5;;1,5,4
ZJIIJ|2244,3814,3814,23|1,3;2,5;;3,5;1,5,4
ZJIIL|54,1910,142,142|;4;2,5;;4
ZJIIL|54,1910,1910,142|;4;;2,5;4
ZJIIL|108,3820,29,29|1;4;3,5;;4,5
ZJIIL|108,3820,3820,29|1;4;;3,5;4,5
ZJIIL|108,280172,284541,3293|1;3;2,5;2,5;3,5
ZJIIL|108,280172,839404,3293|1;3;3,4,1,5;2,5;3,5
ZJIIL|561,1655,142,142|2;1,2,5,4;2,5;;4
ZJIIL|561,1655,1655,142|2;1,2,5,4;;2,5;4
ZJIJO|108,280172,839404,204|1;3;3,4,1,5;2,5,0,5;0,5
ZJIJO|1122,1907,139,204|3;2,0,5;2,5;3,4,5;0,5
ZJIJS|54,1910,142,57|;4;2,5;2;4
ZJIJS|561,1655,142,57|2;1,2,5,4;2,5;2;4
ZJIJS|561,201521,236473,57|2;2;3,5;1,2,5,4;4
ZJIJT|108,893,35005,141|1;2,5;3;4;4
ZJIJT|108,29804,36076,141|1;2,5,2;3,5;2,0,5;4
ZJIJT|1122,1907,139,27|3;2,0,5;2,5;;1,5,4
ZJILI|561,1655,1655,30583|2;1,2,5,4;;4;2,5
ZJILO|108,3820,29,51|1;4;3,5;3,5;1,5
ZJILT|108,3820,29,141|1;4;3,5;1,5;4
ZJILZ|2244,3814,23,201|1,3;2,5;3,5;1,5,3;1,4
ZJIOJ|54,2182,6551,23|;1,3;3,0,5;;1,5,4
ZJIOJ|1122,1907,139,955|3;2,0,5;2,5;0;1,2,5
ZJIOL|108,3820,29,3293|1;4;3,5;1;3,5
ZJISJ|54,1910,142,3310|;4;2,5;1;2,0,5
ZJISJ|561,1655,142,3310|2;1,2,5,4;2,5;1;2,0,5
ZJISJ|561,201521,236473,3001|2;2;3,5;4;1,2,5,4
ZJISL|2244,2791,4535,887|1,3;3,5;3;2,5;3,1,5
ZJITJ|2244,2791,4535,23|1,3;3,5;3;1,5,4;1,5,4
ZJITS|108,29804,36076,156|1;2,5,2;3,5;2,0,5;1,5,4
ZJITT|54,1910,142,27|;4;2,5;2;1,5,4
ZJITT|108,893,893,141|1;2,5;;3,1,5;4
ZJITT|108,11884,893,141|1;1;3,5;3,1,5;4
ZJITT|561,1655,142,27|2;1,2,5,4;2,5;2;1,5,4
ZJITT|2244,3814,23,141|1,3;2,5;3,5;1,5,3;4
ZJIZL|2244,3814,23,887|1,3;2,5;3,5;;3,1,5
ZJJIO|108,280172,292732,204|1;3;2,5,0,5;3,5;0,5
ZJJIS|561,1655,202615,57|2;1,2,5,4;2;3,5;4
ZJJIS|561,201521,202615,57|2;2;1,2,5,4;3,5;4
ZJJIT|108,893,30589,141|1;2,5;4;3,5;4
ZJJIT|1122,1907,96115,27|3;2,0,5;;2,5;1,5,4
ZJJIZ|561,3701,12661,2973|2;1,2,5;2;3,5;1,2,4
ZJJIZ|561,201521,12661,2973|2;2;1,2,5;3,5;1,2,4
ZJJJL|561,1655,61047,887|2;1,2,5,4;4;2,5;3,1,5
ZJJJL|561,1655,202615,887|2;1,2,5,4;2;1,3,5,3;3,1,5
ZJJJL|561,59953,15153,113|2;1,4;2,5;1,2,5,4,4;1,3,5,2
ZJJJL|561,59953,15153,887|2;1,4;2,5;1,2,5,4;3,1,5
ZJJJL|561,201521,15153,113|2;2;1,2,5,2;1,2,5,4,4;1,3,5,2
ZJJJL|561,201521,15153,887|2;2;1,2,5,2;1,2,5,4;3,1,5
ZJJJL|561,201521,202615,887|2;2;1,2,5,4;1,3,5,3;3,1,5
ZJJOO|108,3820,60,204|1;4;2,5;1,5;0,5
ZJJSI|561,1655,202615,30583|2;1,2,5,4;2;4;2,5
ZJJSI|561,201521,202615,30583|2;2;1,2,5,4;4;2,5
ZJJTI|561,1655,202615,30583|2;1,2,5,4;2;3,1,5,2;2,5
ZJJTI|561,201521,202615,30583|2;2;1,2,5,4;3,1,5,2;2,5
ZJJTJ|54,2182,198,23|;1,3;4;2,0,5;1,5,4
ZJJTL|54,5942,54,142|;;1,5,4;3,1,5;4
ZJJTL|561,2749,3309,29|2;1,3,5;1,2,5;2,0,5;4,5
ZJJTL|2244,3814,54,142|1,3;2,5;2,5;3,1,5;4
ZJLII|561,1655,30583,30583|2;1,2,5,4;4;;2,5
ZJLIO|1122,141154,12002,51|3;3;3,5,1,5;3,5;1,5
ZJLIS|561,201521,227185,57|2;2;1,2,5,4;2,5;4
ZJLIT|108,3820,585452,141|1;4;1;3,5;4
ZJLIT|561,3701,1909,141|2;1,2,5;4;2,5;4
ZJLIZ|561,201521,202621,2973|2;2;1,2,5;3,5;1,2,4
ZJLJJ|54,2182,135,23|;1,3;4;;1,5,4
ZJLJJ|561,201521,12603,955|2;2;3,5,1,5,2;1,3,5,3;1,2,5
ZJLLJ|561,201521,12729,3001|2;2;3,5,1,5;3,5,1,2;1,2,5,4
ZJLLL|561,201521,12603,887|2;2;3,5,1,5,2;1,2,5,4;3,1,5
ZJLLL|561,201521,12603,2491|2;2;3,5,1,5,2;3,5,1,5;1,3,5
ZJLLL|561,201521,227185,113|2;2;1,2,5,4;3,1,5;1,3,5,2
ZJLOO|1122,1907,195,51|3;2,0,5;1,3,5;0,5;1,5
ZJLSS|561,201521,45873,2871|2;2;1,2,5,3;3,4,5,2;3,4
ZJLTJ|54,1910,198,23|;4;1,3,5;2,0,5;1,5,4
ZJLTJ|54,2182,198,23|;1,3;;2,0,5;1,5,4
ZJLTJ|561,1655,3303,23|2;1,2,5,4;1,3,5;2,0,5;1,5,4
ZJLTS|561,201521,12729,57|2;2;3,5,1,5;1,2,5,2;4
ZJLZS|561,201521,12603,57|2;2;3,5,1,5,2;1,5,3,5;4
ZJOIJ|54,2182,3814,23|;1,3;;3,5;1,5,4
ZJOIJ|1122,1907,210803,955|3;2,0,5;0;3,5;1,2,5
ZJOIL|54,50294,1910,142|;1,2;0,5;2,5;4
ZJOIL|108,3820,839404,3293|1;4;1;2,5;3,5
ZJOJO|108,3820,839404,204|1;4;1;2,5,0,5;0,5
ZJOJZ|561,201521,12605,2973|2;2;1,5;1,3,5;1,2,4
ZJOLO|1122,1907,210803,51|3;2,0,5;0;3,5,1,5;1,5
ZJSIJ|561,201521,29489,3001|2;2;4;2,5;1,2,5,4
ZJSIL|2244,2791,159463,887|1,3;3,5;2;2,5;3,1,5
ZJSJI|561,1655,812663,30583|2;1,2,5,4;1;2,0,5;2,5
ZJSJS|561,201521,12665,57|2;2;4,2,5;1,3,5,3;4
ZJSLO|561,201521,12665,153|2;2;4,2,5;3,5,1,5,2,3;
ZJSLO|2244,452,116,204|1,3;;1,5,4;1,3,5;0,5
ZJSLS|561,201521,12599,2871|2;2;1,2,5,2;1,2,5,3;3,4
ZJSSJ|108,893,77,23|1;2,5;1,2,5;2;1,5,4
ZJSTI|561,201521,12599,30583|2;2;1,2,5,2;1,2,5,4;2,5
ZJSTL|561,201521,12599,887|2;2;1,2,5,2;1,2,5,2;3,1,5
ZJSTS|561,201521,12599,57|2;2;1,2,5,2;3,1,5;4
ZJSZL|561,201521,12599,887|2;2;1,2,5,2;1,5,3,5,2;3,1,5
ZJTIJ|561,201521,14129,3001|2;2;1,2,5,2;2,5;1,2,5,4
ZJTIJ|561,201521,29489,3001|2;2;1,2,5,3;2,5;1,2,5,4
ZJTIJ|2244,2791,61159,23|1,3;3,5;4;2,5;1,5,4
ZJTIT|108,893,141,141|1;2,5;3,1,5;;4
ZJTIT|561,1655,79735,27|2;1,2,5,4;2;3,5;1,5,4
ZJTIZ|561,201521,12661,2973|2;2;1,2,5;3,5;1,2,4
ZJTJI|561,1655,321143,30583|2;1,2,5,4;1;2,0,5;2,5
ZJTJL|108,893,141,29|1;2,5;3,1,5;;4,5
ZJTJL|561,2749,80829,29|2;1,3,5;2;1,5,2,5;4,5
ZJTLJ|561,1655,79735,23|2;1,2,5,4;2;1,5,3,1,5;1,5,4
ZJTLJ|561,201521,12729,3001|2;2;3,1,5;3,5,1,2;1,2,5,4
ZJTLL|561,3701,4981,29|2;1,2,5;2;1,5,3,1,5;4,5
ZJTLS|561,201521,12599,2871|2;2;3,1,5,2;1,2,5,3;3,4
ZJTST|108,893,141,27|1;2,5;3,1,5;2;1,5,4
ZJTTI|561,1655,79735,30583|2;1,2,5,4;2;1,5,4;2,5
ZJTTI|561,201521,12599,30583|2;2;3,1,5,2;1,2,5,4;2,5
ZJTTL|561,201521,12599,887|2;2;3,1,5,2;1,2,5,2;3,1,5
ZJTTL|2244,452,54,142|1,3;;2,5,4;3,1,5;4
ZJTTS|561,201521,12599,57|2;2;3,1,5,2;3,1,5;4
ZJTTS|561,201521,12729,57|2;2;3,1,5;1,2,5,2;4
ZJTZI|561,1655,79735,30583|2;1,2,5,4;2;4;2,5
ZJTZL|561,201521,12599,887|2;2;3,1,5,2;1,5,3,5,2;3,1,5
ZJZIJ|561,201521,14129,3001|2;2;1,5,2,5,2;2,5;1,2,5,4
ZJZTT|2244,452,53,141|1,3;;2,4;3,1,5;4
ZLIIJ|54,1094,5463,2525|;1,2;2,5;2,5;2,5
ZLIIJ|54,1094,36046,2525|;1,2;3,4,1,5;2,5;2,5
ZLIIJ|108,18284,36076,2525|1;;3,5;2,5;2,5
ZLIIJ|561,29489,3001,3001|2;4;2,5;;1,2,5,4
ZLIIJ|561,29489,29489,3001|2;4;;2,5;1,2,5,4
ZLIIJ|1122,58978,1907,139|3;1,4;3,5;2,5;4
ZLIIL|54,25718,3790,29|;3;3,3,5,2,5;3,5;4,5
ZLIIL|2244,1220,5589,887|1,3;;2,5;3,5;3,1,5
ZLIIL|2244,1220,9958,887|1,3;;3,5;3,5;3,1,5
ZLIJI|54,1094,5463,30583|;1,2;2,5;2,5;2,5
ZLIJI|54,1094,36046,61166|;1,2;3,4,1,5;2,5;3,5
ZLIJO|108,1916,2188,204|1;4;3;4;0,5
ZLIJS|108,1916,2188,156|1;4;3;;1,5,4
ZLIJS|561,26225,3817,57|2;3,5;3,3,5,2,5;2,5;4
ZLIJT|54,1094,36046,141|;1,2;3,4,1,5;2,5,0,5;4
ZLIJT|108,18284,36076,141|1;;3,5;2,0,5;4
ZLIJZ|108,1916,2188,2973|1;4;3;2,0;1,2,4
ZLIJZ|561,1661,35053,2973|2;1,2,5;3;2;1,2,4
ZLIJZ|561,29489,3001,201|2;4;2,5;1,2,5,4,4;1,4
ZLILO|108,1916,1916,204|1;4;;1,3,5;0,5
ZLILO|108,1916,2188,153|1;4;3;2;
ZLILO|108,1916,2188,204|1;4;3;;0,5
ZLILO|108,51436,51436,204|1;1,3;;2,5,2;0,5
ZLILO|1122,52450,3539,51|3;1,3,5;2,5;3,5;1,5
ZLILT|108,1916,2188,141|1;4;3;4;4
ZLILT|561,1661,35053,141|2;1,2,5;3;4;4
ZLILZ|54,1094,36046,3534|;1,2;3,4,1,5;4;2,4
ZLIOJ|108,1916,2188,139|1;4;3;0,5;4
ZLIOL|54,1094,36046,142|;1,2;3,4,1,5;0,5;4
ZLISL|108,1916,2188,142|1;4;3;4;4
ZLITL|108,1916,2188,142|1;4;3;4;4
ZLITS|108,18284,36076,156|1;;3,5;2,0,5;1,5,4
ZLITT|54,1094,36046,141|;1,2;3,4,1,5;2,0,5;4
ZLITT|108,57964,893,141|1;3,3;3,5;3,1,5;4
ZLIZJ|108,1916,2188,3310|1;4;3;2;2,0,5
ZLIZL|54,1094,36046,142|;1,2;3,4,1,5;3,5;4
ZLIZL|561,43,43,142|2;3,5,1,5,2;;1,5,3;4
ZLJII|54,1094,26214,30583|;1,2;2,5;3,5;2,5
ZLJIO|108,1916,477052,204|1;4;2,2;3,5;0,5
ZLJIO|1122,52450,12002,51|3;1,3,5;3,5;3,5;1,5
ZLJIS|108,1916,96124,156|1;4;;3,5;1,5,4
ZLJIS|561,26225,227185,57|2;3,5;2,5;2,5;4
ZLJIT|54,1094,1879,141|;1,2;2,5,0,5;2,5;4
ZLJIZ|561,1661,202621,2973|2;1,2,5;2;3,5;1,2,4
ZLJJJ|561,43,3755,955|2;3,5,1,5,2;1,4;2,5;1,2,5
ZLJJJ|561,43,12603,955|2;3,5,1,5,2;2;1,3,5,3;1,2,5
ZLJJL|2244,212,102,887|1,3;4;2,5;2,5;3,1,5
ZLJJL|2244,1220,1767,887|1,3;;3,5;2,5;3,1,5
ZLJLJ|561,43,35051,139|2;3,5,1,5,2;1,3;4;4
ZLJLJ|561,3769,12729,3001|2;3,5,1,5;2;3,5,1,2;1,2,5,4
ZLJLJ|2244,212,102,3310|1,3;4;2,5;1,3,5;2,0,5
ZLJLL|561,43,12603,887|2;3,5,1,5,2;2;1,2,5,4;3,1,5
ZLJLL|561,43,12603,2491|2;3,5,1,5,2;2;3,5,1,5;1,3,5
ZLJLL|561,26225,227185,113|2;3,5;2,5;3,1,5;1,3,5,2
ZLJOO|1122,52450,195,51|3;1,3,5;2,5,0,5;0,5;1,5
ZLJSS|561,582193,45873,2871|2;1;2,5;3,4,5,2;3,4
ZLJTJ|561,43,198,23|2;3,5,1,5,2;1,2,5;2,0,5;1,5,4
ZLJTL|561,43,35051,2491|2;3,5,1,5,2;1,3;2;1,3,5
ZLJTL|2244,212,39,142|1,3;4;2,5,4;3,1,5;4
ZLJTS|561,3769,12729,57|2;3,5,1,5;2;1,2,5,2;4
ZLJZS|561,43,12603,57|2;3,5,1,5,2;2;1,5,3,5;4
ZLLIO|108,1916,204,204|1;4;1,3,5;;0,5
ZLLIO|108,1916,292732,204|1;4;;3,5;0,5
ZLLIO|108,51436,204,204|1;1,3;2,5,2;;0,5
ZLLIS|108,1916,464764,156|1;4;4;3,5;1,5,4
ZLLIT|561,1661,30589,141|2;1,2,5;4;3,5;4
ZLLIZ|54,1094,30022,3534|;1,2;4;2,5;2,4
ZLLJJ|561,3769,585401,3001|2;3,5,1,5;1;2,5;1,2,5,4
ZLLJL|561,43,102,887|2;3,5,1,5,2;3,5;2,5;3,1,5
ZLLJL|561,26225,847473,113|2;3,5;1,3,5;2,0,5;1,3,5,2
ZLLLJ|561,43,102,3310|2;3,5,1,5,2;3,5;1,3,5;2,0,5
ZLLLL|108,1916,204,29|1;4;1,3,5;2,5;4,5
ZLLLL|108,51436,204,29|1;1,3;2,5,2;2,5;4,5
ZLLLL|2244,1220,1495,887|1,3;;2,5;3,5;3,1,5
ZLLTL|54,28982,54,142|;4;1,3,5,2;3,1,5;4
ZLLTL|54,36406,54,142|;1;4;3,1,5;4
ZLLTL|108,1916,204,29|1;4;1,3,5;2,0,5;4,5
ZLLTL|108,51436,204,29|1;1,3;2,5,2;2,0,5;4,5
ZLLTL|561,1661,3309,29|2;1,2,5;1,3,5;2,0,5;4,5
ZLLTL|2244,212,54,142|1,3;4;3,5;3,1,5;4
ZLOIL|54,1094,1910,142|;1,2;0,5;2,5;4
ZLOJO|1122,52450,226,51|3;1,3,5;0,5;2,5;1,5
ZLOLO|2244,1220,71,204|1,3;;0,5;1,3,5;0,5
ZLOOL|2244,1220,71,887|1,3;;0,5;0,5;3,1,5
ZLOTT|561,43,3307,27|2;3,5,1,5,2;1,5;2,0,5;1,5,4
ZLOZL|54,3262,958,142|;3,1,5;0,5;1,5,2;4
ZLSIL|2244,3046,9958,887|1,3;3,5;2;3,5;3,1,5
ZLSSJ|2244,2519,3287,23|1,3;2,5;4;3;1,5,4
ZLSTS|2244,212,308,156|1,3;4;3;1,5,3,1,5;1,5,4
ZLSZJ|561,43,50731,3310|2;3,5,1,5,2;1;3,5,4;2,0,5
ZLTIJ|2244,3046,3814,23|1,3;3,5;4;3,5;1,5,4
ZLTIL|108,51436,3820,29|1;1,3;2,0,5,3;3,5;4,5
ZLTIO|1122,52450,12002,51|3;1,3,5;3,5;3,5;1,5
ZLTIT|54,1094,1399,141|;1,2;2,0,5;3,5;4
ZLTJJ|561,43,4923,23|2;3,5,1,5,2;2;1,5,2,5;1,5,4
ZLTJJ|561,3769,5049,23|2;3,5,1,5;2;1,5,2,5,4;1,5,4
ZLTJJ|561,3769,5049,3001|2;3,5,1,5;2;1,5,4;1,2,5,4
ZLTJL|561,43,4923,2491|2;3,5,1,5,2;2;1,5,3,5;1,3,5
ZLTJL|561,3769,5049,29|2;3,5,1,5;2;1,5,2,5,4,4;4,5
ZLTJL|2244,1220,102,887|1,3;;3,5;2,5;3,1,5
ZLTLJ|2244,1220,102,3310|1,3;;3,5;1,3,5;2,0,5
ZLTLL|561,1661,79741,29|2;1,2,5;2;1,5,3,1,5;4,5
ZLTLL|2244,1220,85,887|1,3;;2,0,5;3,5;3,1,5
ZLTLL|2244,1220,85,3293|1,3;;2,0,5;1,3,5;3,5
ZLTLO|2244,212,116,204|1,3;4;4;1,3,5;0,5
ZLTOT|561,43,4923,27|2;3,5,1,5,2;2;1,5;1,5,4
ZLTTI|54,1094,1399,30583|;1,2;2,0,5;4;2,5
ZLTTJ|561,43,78,23|2;3,5,1,5,2;1,2,5;2,0,5;1,5,4
ZLTTJ|561,43,4923,23|2;3,5,1,5,2;2;1,5,2,5;1,5,4
ZLTTL|561,43,4923,2491|2;3,5,1,5,2;2;1,5,3,1,5;1,3,5
ZLTTL|561,43,36011,2491|2;3,5,1,5,2;3,1;2,0,5;1,3,5
ZLTTL|2244,2519,39,142|1,3;2,5;2,5;3,1,5;4
ZLTZO|561,3769,5049,153|2;3,5,1,5;2;1,5,2;
ZLTZT|561,43,4923,27|2;3,5,1,5,2;2;1,5,3,5;1,5,4
ZLZIL|54,1094,1655,142|;1,2;3,5;2,5;4
ZLZIL|108,51436,3820,29|1;1,3;1,4;3,5;4,5
ZLZIL|561,43,142,142|2;3,5,1,5,2;1,5,3;;4
ZLZJO|1122,52450,226,51|3;1,3,5;3,5;2,5;1,5
ZLZJS|561,43,142,57|2;3,5,1,5,2;1,5,3;2;4
ZLZLI|54,1094,1655,30583|;1,2;3,5;4;2,5
ZLZLO|2244,2519,71,204|1,3;2,5;3;1,3,5;0,5
ZLZOL|2244,2519,71,887|1,3;2,5;3;0,5;3,1,5
ZLZSJ|561,43,142,3310|2;3,5,1,5,2;1,5,3;1;2,0,5
ZLZTT|561,43,142,27|2;3,5,1,5,2;1,5,3;2;1,5,4
ZOIIT|108,26220,30589,141|1;;3,5;3,5;4
ZOIJJ|2244,135,135,23|1,3;0,5;;;1,5,4
ZOILJ|54,198,4567,23|;1,5;3;4,5;1,5,4
ZOITJ|54,198,198,23|;1,5;;2,0,5;1,5,4
ZOITL|54,198,4567,887|;1,5;3;1,5,2;3,1,5
ZOJIJ|2244,135,23,23|1,3;0,5;;;1,5,4
ZOJIL|54,13110,1910,142|;0;1,2,5;2,5;4
ZOJJZ|561,45,12605,2973|2;1,5;2;1,3,5;1,2,4
ZOJJZ|561,45,35053,2973|2;1,5;1,3;2;1,2,4
ZOJLT|561,45,35053,141|2;1,5;1,3;4;4
ZOJLZ|2244,135,23,201|1,3;0,5;;1,5,3;1,4
ZOJTT|2244,135,23,141|1,3;0,5;;1,5,3;4
ZOJZL|2244,135,23,887|1,3;0,5;;;3,1,5
ZOLIJ|54,198,3814,23|;1,5;1,4;3,5;1,5,4
ZOLIL|54,13110,1910,142|;0;1,2,5;2,5;4
ZOLJO|1122,14178,226,51|3;0,5;3,1,5;2,5;1,5
ZOLLO|2244,135,71,204|1,3;0,5;;1,3,5;0,5
ZOLOL|2244,135,71,887|1,3;0,5;;0,5;3,1,5
ZOLSL|2244,135,4535,887|1,3;0,5;2;2,5;3,1,5
ZOLTJ|2244,135,4535,23|1,3;0,5;2;1,5,4;1,5,4
ZOLZL|54,13110,958,142|;0;3,5,1,5;1,5,2;4
ZOOJL|2244,135,1767,887|1,3;0,5;;2,5;3,1,5
ZOOTL|54,198,54,142|;1,5;0,5;3,1,5;4
ZOOTL|54,13110,54,142|;0;1,5;3,1,5;4
ZOOTL|561,45,3309,29|2;1,5;1,5;2,0,5;4,5
ZOSJL|54,198,102,887|;1,5;;2,5;3,1,5
ZOSLJ|54,198,102,3310|;1,5;;1,3,5;2,0,5
ZOSTJ|2244,135,3303,23|1,3;0,5;1;2,0,5;1,5,4
ZOSTL|54,13110,894,142|;0;3,1,5;3,1,5;4
ZOTIJ|54,198,23,23|;1,5;2,0,5;;1,5,4
ZOTIL|54,198,9958,887|;1,5;2;3,5;3,1,5
ZOTIL|54,13110,1910,142|;0;1,2,5;2,5;4
ZOTLZ|54,198,23,201|;1,5;2,0,5;1,5,3;1,4
ZOTOL|561,45,4925,29|2;1,5;2;1,5;4,5
ZOTSJ|2244,135,5015,23|1,3;0,5;2;2,5,2;1,5,4
ZOTTL|2244,135,39,142|1,3;0,5;;3,1,5;4
ZOTTT|54,198,23,141|;1,5;2,0,5;1,5,3;4
ZOTZL|54,198,23,887|;1,5;2,0,5;;3,1,5
ZOTZL|54,13110,958,142|;0;3,1,5;1,5,2;4
ZOZTL|54,198,39,142|;1,5;3,5;3,1,5;4
ZSIIT|54,9846,2798,27|;2;3,3,5,2,5;3,5;1,5,4
ZSIIT|1122,26466,3818,27|3;;2,5;3,5;1,5,4
ZSIJL|54,78,277,29|;3,1,5;3;1,5,4;4,5
ZSIJL|561,39,2186,142|2;1,2,5,2;3;4;4
ZSIJL|2244,228,277,29|1,3;4;3;1,5,4;4,5
ZSILJ|54,78,277,23|;3,1,5;3;4,5;1,5,4
ZSILJ|561,39,2186,139|2;1,2,5,2;3;4;4
ZSILJ|2244,228,277,23|1,3;4;3;4,5;1,5,4
ZSITI|54,9846,2798,61166|;2;3,3,5,2,5;4;3,5
ZSITJ|54,78,78,23|;3,1,5;;2,0,5;1,5,4
ZSITJ|54,78,277,2525|;3,1,5;3;1,5,3;2,5
ZSITJ|561,39,2186,3310|2;1,2,5,2;3;3;2,0,5
ZSITJ|2244,228,277,2525|1,3;4;3;1,5,3;2,5
ZSITL|54,78,277,887|;3,1,5;3;1,5,2;3,1,5
ZSITL|561,39,39,142|2;1,2,5,2;;3,1,5;4
ZSITL|561,39,2186,2491|2;1,2,5,2;3;2;1,3,5
ZSITL|2244,228,277,887|1,3;4;3;1,5,2;3,1,5
ZSJIJ|561,811569,29489,3001|2;1;2,0,5;2,5;1,2,5,4
ZSJIL|54,78,3790,29|;3,1,5;4;3,5;4,5
ZSJIL|561,39,1895,142|2;1,2,5,2;4;2,5;4
ZSJJS|561,105,3817,57|2;3,1,5;4;2,5;4
ZSJJS|561,105,12665,57|2;3,1,5;2;1,3,5,3;4
ZSJLO|108,50796,1916,204|1;1;2,0,5;1,3,5;0,5
ZSJLO|561,105,12665,153|2;3,1,5;2;3,5,1,5,2,3;
ZSJLS|561,39,12599,2871|2;1,2,5,2;2;1,2,5,3;3,4
ZSJLZ|54,78,5966,3534|;3,1,5;;1,5,3,5;2,4
ZSJSJ|108,19692,77,23|1;1,2;2,5,0,5;2;1,5,4
ZSJTI|561,39,12599,30583|2;1,2,5,2;2;1,2,5,4;2,5
ZSJTL|561,39,12599,887|2;1,2,5,2;2;1,2,5,2;3,1,5
ZSJTS|561,39,12599,57|2;1,2,5,2;2;3,1,5;4
ZSJTT|54,78,53,141|;3,1,5;2,0,5;3,1,5;4
ZSJTT|2244,228,53,141|1,3;4;2,5;3,1,5;4
ZSJZL|561,39,12599,887|2;1,2,5,2;2;1,5,3,5,2;3,1,5
ZSLIJ|54,78,3694,23|;3,1,5;1,4;3,5;1,5,4
ZSLIJ|54,9846,3814,23|;2;3,1,5;3,5;1,5,4
ZSLIJ|561,39,1847,139|2;1,2,5,2;4;2,5;4
ZSLJO|561,105,51433,153|2;3,1,5;1,3;2,5,0,5,3,2;
ZSLJS|561,39,36391,2871|2;1,2,5,2;1;2,5;3,4
ZSLJZ|54,78,51406,3534|;3,1,5;1,3;3,5,2;2,4
ZSLLO|2244,228,116,204|1,3;4;4;1,3,5;0,5
ZSLLZ|561,105,1913,201|2;3,1,5;4;1,3,5;1,4
ZSLLZ|561,105,51433,201|2;3,1,5;1,3;2,5,2;1,4
ZSLSJ|54,78,51406,3310|;3,1,5;1,3;2,5,3;2,0,5
ZSLTI|54,78,51406,61166|;3,1,5;1,3;3,5,4;3,5
ZSLTJ|54,78,51406,3310|;3,1,5;1,3;3,5,3;2,0,5
ZSLTT|561,39,202,27|2;1,2,5,2;3,1,5;2,0,5;1,5,4
ZSLTZ|54,78,51406,201|;3,1,5;1,3;2,0,5;1,4
ZSOJL|2244,150,102,887|1,3;2;;2,5;3,1,5
ZSOLJ|2244,150,102,3310|1,3;2;;1,3,5;2,0,5
ZSOTJ|561,39,3303,23|2;1,2,5,2;1,5;2,0,5;1,5,4
ZSOTL|54,78,894,142|;3,1,5;0,5;3,1,5;4
ZSSLJ|54,78,1662,3310|;3,1,5;;1,3,5;2,0,5
ZSSTJ|561,39,78,23|2;1,2,5,2;3,1,5;2,0,5;1,5,4
ZSSTJ|2244,150,198,23|1,3;2;4;2,0,5;1,5,4
ZSTIJ|54,78,23,23|;3,1,5;2,0,5;;1,5,4
ZSTIJ|54,78,36046,2525|;3,1,5;1,3;2,5;2,5
ZSTIJ|561,39,18023,3310|2;1,2,5,2;3;3,5,3,3,5;2,0,5
ZSTIL|54,78,9838,887|;3,1,5;2;3,5;3,1,5
ZSTIL|561,39,142,142|2;1,2,5,2;3,1,5;;4
ZSTIL|561,39,4919,2491|2;1,2,5,2;2;3,5;1,3,5
ZSTJI|54,78,36046,61166|;3,1,5;1,3;2,5;3,5
ZSTJI|561,39,18023,30583|2;1,2,5,2;3;2,0,5;2,5
ZSTJL|561,39,3687,887|2;1,2,5,2;4;2,5;3,1,5
ZSTJS|561,39,142,57|2;1,2,5,2;3,1,5;2;4
ZSTJS|561,39,4919,2871|2;1,2,5,2;2;1,5,4;3,4
ZSTJT|54,78,36046,141|;3,1,5;1,3;2,5,0,5;4
ZSTLI|54,78,9838,61166|;3,1,5;2;3,1,5;3,5
ZSTLI|561,39,4919,30583|2;1,2,5,2;2;1,5,3,5;2,5
ZSTLJ|54,78,1902,3310|;3,1,5;4;1,3,5;2,0,5
ZSTLT|561,39,4919,27|2;1,2,5,2;2;1,5,3,5,1,5;1,5,4
ZSTLZ|54,78,23,201|;3,1,5;2,0,5;1,5,3;1,4
ZSTLZ|54,78,36046,3534|;3,1,5;1,3;4;2,4
ZSTOJ|561,39,4919,23|2;1,2,5,2;2;1,5;1,5,4
ZSTOL|54,78,36046,142|;3,1,5;1,3;0,5;4
ZSTSJ|561,39,142,3310|2;1,2,5,2;3,1,5;1;2,0,5
ZSTSJ|561,39,4919,23|2;1,2,5,2;2;1,5,2,5;1,5,4
ZSTTO|561,105,4985,153|2;3,1,5;2;1,5,3,1,5;
ZSTTO|561,105,36073,153|2;3,1,5;1,3;2,0,5;
ZSTTS|2244,228,308,156|1,3;4;2;1,5,3,1,5;1,5,4
ZSTTT|54,78,23,141|;3,1,5;2,0,5;1,5,3;4
ZSTTT|54,78,36046,141|;3,1,5;1,3;2,0,5;4
ZSTTT|561,39,142,27|2;1,2,5,2;3,1,5;2;1,5,4
ZSTTT|561,39,4919,27|2;1,2,5,2;2;1,5,3,1,5;1,5,4
ZSTZL|54,78,23,887|;3,1,5;2,0,5;;3,1,5
ZSTZL|54,78,36046,142|;3,1,5;1,3;3,5;4
ZSZJL|561,39,1767,887|2;1,2,5,2;4;2,5;3,1,5
ZSZTL|54,78,39,142|;3,1,5;3,5;3,1,5;4
ZSZTL|2244,150,54,142|1,3;2;4;3,1,5;4
ZTIIJ|54,18038,3310,3310|;3;3,3,5,3,5;;2,0,5
ZTIIJ|54,18038,18038,3310|;3;;3,3,5,3,5;2,0,5
ZTIIJ|108,36076,2525,2525|1;1,3;2,5;;2,5
ZTIIJ|108,36076,36076,2525|1;1,3;;2,5;2,5
ZTIIL|54,142,142,142|;3,1,5;;;4
ZTIIL|54,18038,3310,29|;3;3,3,5,3,5;3,5;4,5
ZTIIL|108,287852,292221,3293|1;3;3,5;3,5;3,5
ZTIIL|561,78641,96117,29|2;2;2,5;2,5;4,5
ZTIIL|561,78641,113593,29|2;2;3,5;2,5;4,5
ZTIIT|1122,30306,3818,27|3;4;2,5;3,5;1,5,4
ZTIJJ|54,10038,2750,3310|;;2,5;1,2,5;2,0,5
ZTIJJ|54,29238,2750,3310|;2,2;2,5;1,2,5;2,0,5
ZTIJL|561,39,2186,142|2;3,1,5,2;3;4;4
ZTIJL|2244,228,277,29|1,3;4;3;1,5,4;4,5
ZTIJO|54,142,281,153|;3,1,5;3;1,5,4;
ZTIJS|54,142,142,57|;3,1,5;;2;4
ZTIJS|54,142,281,57|;3,1,5;3;1,5;4
ZTIJT|108,36076,36076,141|1;1,3;;2,0,5;4
ZTIJT|561,78641,113593,27|2;2;3,5;1,5,2,5,4;1,5,4
ZTIJZ|561,101,35053,2973|2;1,2,5;3;2;1,2,4
ZTILI|54,18038,3310,61166|;3;3,3,5,3,5;1,4;3,5
ZTILJ|561,39,2186,139|2;3,1,5,2;3;4;4
ZTILJ|2244,228,277,23|1,3;4;3;4,5;1,5,4
ZTILL|108,20076,1405,3293|1;1;3,5;1,3,5;3,5
ZTILL|108,58476,1405,3293|1;1,4;3,5;1,3,5;3,5
ZTILO|54,142,281,51|;3,1,5;3;2,5;1,5
ZTILO|54,142,281,153|;3,1,5;3;1,5;
ZTILT|54,142,281,27|;3,1,5;3;4,5;1,5,4
ZTILT|561,101,35053,141|2;1,2,5;3;4;4
ZTIOJ|54,142,281,23|;3,1,5;3;;1,5,4
ZTISJ|54,142,142,3310|;3,1,5;;1;2,0,5
ZTISL|54,142,281,29|;3,1,5;3;1,5,4;4,5
ZTISL|108,36076,2525,3293|1;1,3;2,5;4;3,5
ZTISL|2244,166,4535,887|1,3;3,5;3;2,5;3,1,5
ZTITJ|561,39,2186,3310|2;3,1,5,2;3;3;2,0,5
ZTITJ|561,78641,113593,3001|2;2;3,5;1,5,4;1,2,5,4
ZTITJ|2244,166,4535,23|1,3;3,5;3;1,5,4;1,5,4
ZTITJ|2244,228,277,2525|1,3;4;3;1,5,3;2,5
ZTITL|54,142,281,29|;3,1,5;3;1,5,4;4,5
ZTITL|561,39,39,142|2;3,1,5,2;;3,1,5;4
ZTITL|561,39,2186,2491|2;3,1,5,2;3;2;1,3,5
ZTITL|2244,228,277,887|1,3;4;3;1,5,2;3,1,5
ZTITO|108,4988,35260,204|1;2;3,5;3,1,5;0,5
ZTITS|108,4988,4988,156|1;2;;1,5,3,1,5;1,5,4
ZTITS|108,36076,36076,156|1;1,3;;2,0,5;1,5,4
ZTITT|54,142,142,27|;3,1,5;;2;1,5,4
ZTITT|2244,12004,53,141|1,3;2;3,5;3,1,5;4
ZTIZJ|54,142,281,2525|;3,1,5;3;3,5,1;2,5
ZTJIJ|561,58929,14129,3001|2;4;2,5;2,5;1,2,5,4
ZTJIJ|561,320049,29489,3001|2;1;2,0,5;2,5;1,2,5,4
ZTJIL|561,39,1895,142|2;3,1,5,2;4;2,5;4
ZTJIO|54,142,59534,153|;3,1,5;3,4,2,5;3,5;
ZTJIS|54,142,57,57|;3,1,5;2;;4
ZTJIS|54,142,11918,57|;3,1,5;3,2;3,5;4
ZTJIT|108,36076,141,141|1;1,3;2,0,5;;4
ZTJIT|561,78641,79735,27|2;2;1,5,2,5,4;3,5;1,5,4
ZTJIZ|561,101,12661,2973|2;1,2,5;2;3,5;1,2,4
ZTJJL|108,36076,141,29|1;1,3;2,0,5;;4,5
ZTJJL|561,78641,80829,29|2;2;1,5,3,5;1,5,2,5;4,5
ZTJLJ|561,169,12729,3001|2;3,1,5;2;3,5,1,2;1,2,5,4
ZTJLJ|561,78641,79735,23|2;2;1,5,2,5,4;1,5,3,1,5;1,5,4
ZTJLL|54,142,30,142|;3,1,5;;1,5;4
ZTJLL|561,78641,4981,29|2;2;1,5,2,5;1,5,3,1,5;4,5
ZTJLO|108,20076,1916,204|1;1;2,0,5;1,3,5;0,5
ZTJLS|561,39,12599,2871|2;3,1,5,2;2;1,2,5,3;3,4
ZTJOZ|54,142,57,201|;3,1,5;2;1,5;1,4
ZTJSS|561,78641,45873,2871|2;2;1,5,4;3,4,5,2;3,4
ZTJST|108,36076,141,27|1;1,3;2,0,5;2;1,5,4
ZTJTI|561,39,12599,30583|2;3,1,5,2;2;1,2,5,4;2,5
ZTJTI|561,78641,79735,30583|2;2;1,5,2,5,4;1,5,4;2,5
ZTJTJ|561,169,78,23|2;3,1,5;1,2,5,4;2,0,5;1,5,4
ZTJTL|561,39,12599,887|2;3,1,5,2;2;1,2,5,2;3,1,5
ZTJTL|561,169,3309,29|2;3,1,5;1,2,5;2,0,5;4,5
ZTJTS|561,39,12599,57|2;3,1,5,2;2;3,1,5;4
ZTJTS|561,169,12729,57|2;3,1,5;2;1,2,5,2;4
ZTJTT|2244,228,53,141|1,3;4;2,5;3,1,5;4
ZTJZI|54,142,25262,61166|;3,1,5;4,3;3,4;3,5
ZTJZI|561,78641,79735,30583|2;2;1,5,2,5,4;4;2,5
ZTJZL|561,39,12599,887|2;3,1,5,2;2;1,5,3,5,2;3,1,5
ZTJZT|54,142,57,141|;3,1,5;2;1,5,3;4
ZTLIJ|561,39,1847,139|2;3,1,5,2;4;2,5;4
ZTLIL|54,3702,1910,142|;4;4;2,5;4
ZTLIL|108,10092,3820,29|1;;3,1,5;3,5;4,5
ZTLIO|54,142,8942,51|;3,1,5;2,1;3,5;1,5
ZTLIO|54,142,36494,153|;3,1,5;3,2;3,5;
ZTLIO|1122,144994,12002,51|3;3;3,5,1,5;3,5;1,5
ZTLIT|54,142,3758,27|;3,1,5;3,3;3,5;1,5,4
ZTLIT|561,101,1909,141|2;1,2,5;4;2,5;4
ZTLJJ|561,169,36521,3001|2;3,1,5;1;2,5;1,2,5,4
ZTLJJ|561,78641,4923,23|2;2;1,5,3,5,1,5,2;1,5,2,5;1,5,4
ZTLJJ|561,78641,5049,23|2;2;1,5,3,5,1,5;1,5,2,5,4;1,5,4
ZTLJJ|561,78641,5049,3001|2;2;1,5,3,5,1,5;1,5,4;1,2,5,4
ZTLJL|54,142,36494,142|;3,1,5;3,2;2,5,3;4
ZTLJL|561,78641,4923,2491|2;2;1,5,3,5,1,5,2;1,5,3,5;1,3,5
ZTLJL|561,78641,5049,29|2;2;1,5,3,5,1,5;1,5,2,5,4,4;4,5
ZTLJS|561,39,36391,2871|2;3,1,5,2;1;2,5;3,4
ZTLLL|54,142,36494,142|;3,1,5;3,2;4;4
ZTLLL|561,78641,79741,29|2;2;1,5,2,5;1,5,3,1,5;4,5
ZTLLO|2244,228,116,204|1,3;4;4;1,3,5;0,5
ZTLOI|54,142,8942,61166|;3,1,5;2,1;1,5;3,5
ZTLOT|561,78641,4923,27|2;2;1,5,3,5,1,5,2;1,5;1,5,4
ZTLSO|108,4988,33660,204|1;2;1,5;3,4;0,5
ZTLTJ|54,142,78,23|;3,1,5;;2,0,5;1,5,4
ZTLTJ|561,78641,4923,23|2;2;1,5,3,5,1,5,2;1,5,2,5;1,5,4
ZTLTL|561,101,3309,29|2;1,2,5;1,3,5;2,0,5;4,5
ZTLTL|561,78641,4923,2491|2;2;1,5,3,5,1,5,2;1,5,3,1,5;1,3,5
ZTLTT|561,39,202,27|2;3,1,5,2;3,1,5;2,0,5;1,5,4
ZTLZO|561,78641,5049,153|2;2;1,5,3,5,1,5;1,5,2;
ZTLZT|561,78641,4923,27|2;2;1,5,3,5,1,5,2;1,5,3,5;1,5,4
ZTOIJ|54,142,1774,23|;3,1,5;;3,5;1,5,4
ZTOIL|54,19574,1910,142|;1,2;0,5;2,5;4
ZTOJI|54,142,1774,61166|;3,1,5;;4;3,5
ZTOOL|561,78641,4925,29|2;2;1,5;1,5;4,5
ZTOTJ|561,39,3303,23|2;3,1,5,2;1,5;2,0,5;1,5,4
ZTOZL|54,142,958,142|;3,1,5;0;1,5,2;4
ZTSIJ|54,142,3310,3310|;3,1,5;1;;2,0,5
ZTSIL|54,142,3310,29|;3,1,5;1;3,5;4,5
ZTSIL|108,36076,3820,29|1;1,3;4;3,5;4,5
ZTSIL|561,78641,4919,2491|2;2;1,5,2,5,2;3,5;1,3,5
ZTSIL|2244,166,9958,887|1,3;3,5;2;3,5;3,1,5
ZTSJS|561,78641,4919,2871|2;2;1,5,2,5,2;1,5,4;3,4
ZTSLI|54,142,3310,61166|;3,1,5;1;1,4;3,5
ZTSLI|561,78641,4919,30583|2;2;1,5,2,5,2;1,5,3,5;2,5
ZTSLT|561,78641,4919,27|2;2;1,5,2,5,2;1,5,3,5,1,5;1,5,4
ZTSOJ|561,78641,4919,23|2;2;1,5,2,5,2;1,5;1,5,4
ZTSSJ|561,78641,4919,23|2;2;1,5,2,5,2;1,5,2,5;1,5,4
ZTSSJ|2244,149,197,23|1,3;2,0,5;4;2;1,5,4
ZTSTJ|561,39,78,23|2;3,1,5,2;3,1,5;2,0,5;1,5,4
ZTSTL|2244,708,54,142|1,3;;2,4;3,1,5;4
ZTSTO|561,78641,4985,153|2;2;1,5,2,5;1,5,3,1,5;
ZTSTT|561,78641,4919,27|2;2;1,5,2,5,2;1,5,3,1,5;1,5,4
ZTTIJ|561,39,18023,3310|2;3,1,5,2;3;3,5,3,3,5;2,0,5
ZTTIJ|561,78641,29489,3001|2;2;1,5,4;2,5;1,2,5,4
ZTTIJ|2244,166,3814,23|1,3;3,5;4;3,5;1,5,4
ZTTIL|54,142,3790,29|;3,1,5;4,1;3,5;4,5
ZTTIL|108,36076,3820,29|1;1,3;4;3,5;4,5
ZTTIL|561,39,142,142|2;3,1,5,2;3,1,5;;4
ZTTIL|561,39,4919,2491|2;3,1,5,2;2;3,5;1,3,5
ZTTIL|561,78641,4919,2491|2;2;1,5,2,5,4,2;3,5;1,3,5
ZTTIO|108,4988,292732,204|1;2;1,5,3;3,5;0,5
ZTTIS|108,4988,156,156|1;2;1,5,3,1,5;;1,5,4
ZTTIS|108,36076,156,156|1;1,3;2,0,5;;1,5,4
ZTTIT|54,142,27,27|;3,1,5;2;;1,5,4
ZTTJI|561,39,18023,30583|2;3,1,5,2;3;2,0,5;2,5
ZTTJJ|561,169,5049,23|2;3,1,5;2;1,5,2,5,4;1,5,4
ZTTJJ|561,169,5049,3001|2;3,1,5;2;1,5,4;1,2,5,4
ZTTJJ|561,78641,5049,23|2;2;1,5,2,5,4;1,5,2,5,4;1,5,4
ZTTJJ|561,78641,5049,3001|2;2;1,5,2,5,4;1,5,4;1,2,5,4
ZTTJL|561,39,3687,887|2;3,1,5,2;4;2,5;3,1,5
ZTTJL|561,169,5049,29|2;3,1,5;2;1,5,2,5,4,4;4,5
ZTTJL|561,78641,5049,29|2;2;1,5,2,5,4;1,5,2,5,4,4;4,5
ZTTJO|54,142,46,51|;3,1,5;;2,5;1,5
ZTTJS|561,39,142,57|2;3,1,5,2;3,1,5;2;4
ZTTJS|561,39,4919,2871|2;3,1,5,2;2;1,5,4;3,4
ZTTJS|561,169,3817,57|2;3,1,5;4;2,5;4
ZTTJS|561,78641,4919,2871|2;2;1,5,2,5,4,2;1,5,4;3,4
ZTTLI|561,39,4919,30583|2;3,1,5,2;2;1,5,3,5;2,5
ZTTLI|561,78641,4919,30583|2;2;1,5,2,5,4,2;1,5,3,5;2,5
ZTTLJ|54,142,27,139|;3,1,5;2;1,5;4
ZTTLL|561,101,4981,29|2;1,2,5;2;1,5,3,1,5;4,5
ZTTLL|561,78641,4981,29|2;2;1,5,2,5;1,5,3,1,5;4,5
ZTTLO|108,4988,1916,204|1;2;1,5,4;1,3,5;0,5
ZTTLT|561,39,4919,27|2;3,1,5,2;2;1,5,3,5,1,5;1,5,4
ZTTLT|561,78641,4919,27|2;2;1,5,2,5,4,2;1,5,3,5,1,5;1,5,4
ZTTOJ|54,142,46,3310|;3,1,5;;1,5;2,0,5
ZTTOJ|561,39,4919,23|2;3,1,5,2;2;1,5;1,5,4
ZTTOJ|561,78641,4919,23|2;2;1,5,2,5,4,2;1,5;1,5,4
ZTTSJ|561,39,142,3310|2;3,1,5,2;3,1,5;1;2,0,5
ZTTSJ|561,39,4919,23|2;3,1,5,2;2;1,5,2,5;1,5,4
ZTTSJ|561,78641,4919,23|2;2;1,5,2,5,4,2;1,5,2,5;1,5,4
ZTTSO|108,4988,156,204|1;2;1,5,3,1,5;4;0,5
ZTTSO|108,36076,156,204|1;1,3;2,0,5;4;0,5
ZTTTL|2244,149,39,142|1,3;2,0,5;2,5;3,1,5;4
ZTTTS|2244,228,308,156|1,3;4;2;1,5,3,1,5;1,5,4
ZTTTT|561,39,142,27|2;3,1,5,2;3,1,5;2;1,5,4
ZTTTT|561,39,4919,27|2;3,1,5,2;2;1,5,3,1,5;1,5,4
ZTTTT|561,78641,4919,27|2;2;1,5,2,5,4,2;1,5,3,1,5;1,5,4
ZTTZO|561,169,5049,153|2;3,1,5;2;1,5,2;
ZTTZO|561,78641,5049,153|2;2;1,5,2,5,4;1,5,2;
ZTTZT|54,142,27,141|;3,1,5;2;1,3;4
ZTZIJ|54,142,36046,2525|;3,1,5;4,3,1;2,5;2,5
ZTZIJ|561,78641,29489,3001|2;2;4;2,5;1,2,5,4
ZTZJI|54,142,36046,61166|;3,1,5;4,3,1;2,5;3,5
ZTZJL|561,39,1767,887|2;3,1,5,2;4;2,5;3,1,5
ZTZJT|54,142,36046,141|;3,1,5;4,3,1;2,5,0,5;4
ZTZLO|108,4988,1916,204|1;2;4;1,3,5;0,5
ZTZLO|2244,149,71,204|1,3;2,0,5;2;1,3,5;0,5
ZTZLZ|54,142,36046,3534|;3,1,5;4,3,1;4;2,4
ZTZOJ|54,142,1006,3310|;3,1,5;;1,5;2,0,5
ZTZOL|54,142,36046,142|;3,1,5;4,3,1;0,5;4
ZTZOL|2244,149,71,887|1,3;2,0,5;2;0,5;3,1,5
ZTZTO|561,169,36073,153|2;3,1,5;1,2;2,0,5;
ZTZTT|54,142,36046,141|;3,1,5;4,3,1;2,0,5;4
ZTZTT|2244,149,53,141|1,3;2,0,5;4;3,1,5;4
ZTZZL|54,142,43,142|;3,1,5;2;1,5,3;4
ZTZZL|54,142,36046,142|;3,1,5;4,3,1;3,5;4
ZZIIO|54,102,4471,153|;4;3;2,1,5;
ZZIIO|54,102,35054,153|;4;3,3,5,2,5;3,0,5;
ZZIJJ|54,102,4471,23|;4;3;1,5,4;1,5,4
ZZIJJ|54,102,35054,139|;4;3,3,5,2,5;2,5;4
ZZIJJ|54,102,35054,3310|;4;3,3,5,2,5;4;2,0,5
ZZIJJ|1122,10098,170,955|3;3,5;2,5;2,5;1,2,5
ZZIJJ|1122,10098,170,3310|3;3,5;2,5;1,2,5;2,0,5
ZZIJL|54,102,102,887|;4;;2,5;3,1,5
ZZIJL|54,102,4471,887|;4;3;1,5;3,1,5
ZZILJ|54,102,102,3310|;4;;1,3,5;2,0,5
ZZILJ|54,102,35054,3310|;4;3,3,5,2,5;;2,0,5
ZZILL|54,102,4471,29|;4;3;1,5,3,5;4,5
ZZILL|54,102,4471,887|;4;3;4,5;3,1,5
ZZILL|54,102,35054,142|;4;3,3,5,2,5;4;4
ZZILL|2244,20196,85,887|1,3;2;3,5;3,5;3,1,5
ZZILL|2244,20196,85,3293|1,3;2;3,5;1,3,5;3,5
ZZIOI|54,102,4471,30583|;4;3;;2,5
ZZIOI|54,102,35054,61166|;4;3,3,5,2,5;;3,5
ZZJIJ|54,102,887,139|;4;2,5;3,5;4
ZZJIJ|54,102,3814,23|;4;4;3,5;1,5,4
ZZJIJ|54,102,29798,3310|;4;2,5,2;2,5;2,0,5
ZZJIJ|561,28209,14129,3001|2;4;2,5;2,5;1,2,5,4
ZZJIL|54,102,887,887|;4;2,5;;3,1,5
ZZJIL|54,102,11878,887|;4;1;3,5;3,1,5
ZZJJI|54,102,887,30583|;4;2,5;4;2,5
ZZJLO|2244,20196,116,204|1,3;2;2,0,5;1,3,5;0,5
ZZLIJ|54,102,3310,3310|;4;1,3,5;;2,0,5
ZZLIJ|54,102,18278,3310|;4;;2,5;2,0,5
ZZLIL|54,102,1910,142|;4;4;2,5;4
ZZLIL|54,102,3310,29|;4;1,3,5;3,5;4,5
ZZLIL|54,102,57958,887|;4;3,3;3,5;3,1,5
ZZLIL|108,13932,3820,29|1;;3,1,5;3,5;4,5
ZZLJO|1122,10098,226,51|3;3,5;3,1,5;2,5;1,5
ZZLLI|54,102,3310,61166|;4;1,3,5;1,4;3,5
ZZOII|54,102,26214,30583|;4;;3,5;2,5
